NS	S	info
0.02461328773871815	0.0026744204779864224	rsquared values comparing age vs mutational burden
