NS	S	info
0.009881625636291238	0.15840211710836025	rsquared values comparing age vs mutational burden
