NS	S	info
0.15474435582403323	0.13326164235067006	rsquared values comparing age vs mutational burden
