NS	S	info
0.010361243101534657	0.017244029141976973	rsquared values comparing age vs mutational burden
