NS	S	info
0.04209784959988231	0.008346098498117245	rsquared values comparing age vs mutational burden
