NS	S	info
0.20253261664510105	0.051050181034194196	rsquared values comparing age vs mutational burden
