Values	total	status	pValue
Min.	0	M	0.7552702293034782
1st Qu.	0	M	0.7552702293034782
Median	1	M	0.7552702293034782
Mean	1.33333333333333	M	0.7552702293034782
3rd Qu.	2	M	0.7552702293034782
Max.	13	M	0.7552702293034782
Min.	0	F	0.7552702293034782
1st Qu.	0	F	0.7552702293034782
Median	1	F	0.7552702293034782
Mean	1	F	0.7552702293034782
3rd Qu.	1	F	0.7552702293034782
Max.	4	F	0.7552702293034782
