Values	total	status	pValue
Min.	0	M	0.6802795473344503
1st Qu.	0.25	M	0.6802795473344503
Median	1	M	0.6802795473344503
Mean	1.33333333333333	M	0.6802795473344503
3rd Qu.	1.75	M	0.6802795473344503
Max.	4	M	0.6802795473344503
Min.	0	F	0.6802795473344503
1st Qu.	0.5	F	0.6802795473344503
Median	1	F	0.6802795473344503
Mean	0.666666666666667	F	0.6802795473344503
3rd Qu.	1	F	0.6802795473344503
Max.	1	F	0.6802795473344503
