Values	total	status	pValue
Min.	0	M	0.04065150904509318
1st Qu.	1	M	0.04065150904509318
Median	2	M	0.04065150904509318
Mean	2.09756097560976	M	0.04065150904509318
3rd Qu.	3	M	0.04065150904509318
Max.	9	M	0.04065150904509318
Min.	0	F	0.04065150904509318
1st Qu.	0	F	0.04065150904509318
Median	1	F	0.04065150904509318
Mean	1.62666666666667	F	0.04065150904509318
3rd Qu.	2	F	0.04065150904509318
Max.	9	F	0.04065150904509318
