Values	total	status	pValue
Min.	0	M	0.7817028206853588
1st Qu.	0.75	M	0.7817028206853588
Median	2	M	0.7817028206853588
Mean	2.25	M	0.7817028206853588
3rd Qu.	3	M	0.7817028206853588
Max.	8	M	0.7817028206853588
Min.	0	F	0.7817028206853588
1st Qu.	0	F	0.7817028206853588
Median	2	F	0.7817028206853588
Mean	1.75	F	0.7817028206853588
3rd Qu.	3	F	0.7817028206853588
Max.	4	F	0.7817028206853588
