Values	total	status	pValue
Min.	0	M	0.24150475408174846
1st Qu.	0.5	M	0.24150475408174846
Median	1	M	0.24150475408174846
Mean	1.54545454545455	M	0.24150475408174846
3rd Qu.	1	M	0.24150475408174846
Max.	8	M	0.24150475408174846
Min.	1	F	0.24150475408174846
1st Qu.	1.5	F	0.24150475408174846
Median	2	F	0.24150475408174846
Mean	1.66666666666667	F	0.24150475408174846
3rd Qu.	2	F	0.24150475408174846
Max.	2	F	0.24150475408174846
