Values	total	status	pValue
Min.	0	M	0.11140113737677042
1st Qu.	0	M	0.11140113737677042
Median	1	M	0.11140113737677042
Mean	1.25116279069767	M	0.11140113737677042
3rd Qu.	2	M	0.11140113737677042
Max.	7	M	0.11140113737677042
Min.	0	F	0.11140113737677042
1st Qu.	0	F	0.11140113737677042
Median	1	F	0.11140113737677042
Mean	1.50847457627119	F	0.11140113737677042
3rd Qu.	2	F	0.11140113737677042
Max.	8	F	0.11140113737677042
