Values	total	status	pValue
Min.	0	M	0.5594513990993547
1st Qu.	0	M	0.5594513990993547
Median	0	M	0.5594513990993547
Mean	0.384615384615385	M	0.5594513990993547
3rd Qu.	0.5	M	0.5594513990993547
Max.	4	M	0.5594513990993547
Min.	0	F	0.5594513990993547
1st Qu.	0	F	0.5594513990993547
Median	0	F	0.5594513990993547
Mean	0.407407407407407	F	0.5594513990993547
3rd Qu.	1	F	0.5594513990993547
Max.	2	F	0.5594513990993547
