Values	total	status	pValue
Min.	0	M	0.2708087657280486
1st Qu.	0.5	M	0.2708087657280486
Median	1	M	0.2708087657280486
Mean	1.14285714285714	M	0.2708087657280486
3rd Qu.	2	M	0.2708087657280486
Max.	2	M	0.2708087657280486
Min.	0	F	0.2708087657280486
1st Qu.	0	F	0.2708087657280486
Median	0.5	F	0.2708087657280486
Mean	0.5	F	0.2708087657280486
3rd Qu.	1	F	0.2708087657280486
Max.	1	F	0.2708087657280486
