Values	total	status	pValue
Min.	0	M	0.6314582181244104
1st Qu.	0	M	0.6314582181244104
Median	1	M	0.6314582181244104
Mean	1.33333333333333	M	0.6314582181244104
3rd Qu.	2	M	0.6314582181244104
Max.	3	M	0.6314582181244104
Min.	0	F	0.6314582181244104
1st Qu.	1.5	F	0.6314582181244104
Median	2	F	0.6314582181244104
Mean	1.75	F	0.6314582181244104
3rd Qu.	2.25	F	0.6314582181244104
Max.	3	F	0.6314582181244104
