Values	total	status	pValue
Min.	0	M	0.20043172932277908
1st Qu.	20	M	0.20043172932277908
Median	33.5	M	0.20043172932277908
Mean	52.6666666666667	M	0.20043172932277908
3rd Qu.	68	M	0.20043172932277908
Max.	325	M	0.20043172932277908
Min.	0	F	0.20043172932277908
1st Qu.	17	F	0.20043172932277908
Median	25	F	0.20043172932277908
Mean	40.6923076923077	F	0.20043172932277908
3rd Qu.	40	F	0.20043172932277908
Max.	236	F	0.20043172932277908
