Values	total	status	pValue
Min.	3	M	0.009185468250615409
1st Qu.	16	M	0.009185468250615409
Median	22	M	0.009185468250615409
Mean	22.8235294117647	M	0.009185468250615409
3rd Qu.	29	M	0.009185468250615409
Max.	53	M	0.009185468250615409
Min.	1	F	0.009185468250615409
1st Qu.	4	F	0.009185468250615409
Median	5	F	0.009185468250615409
Mean	8.28571428571429	F	0.009185468250615409
3rd Qu.	10.5	F	0.009185468250615409
Max.	23	F	0.009185468250615409
