Values	total	status	pValue
Min.	2	M	0.31612935923162866
1st Qu.	19	M	0.31612935923162866
Median	33	M	0.31612935923162866
Mean	50.6549707602339	M	0.31612935923162866
3rd Qu.	64	M	0.31612935923162866
Max.	486	M	0.31612935923162866
Min.	0	F	0.31612935923162866
1st Qu.	16.5	F	0.31612935923162866
Median	27	F	0.31612935923162866
Mean	53.625	F	0.31612935923162866
3rd Qu.	49.25	F	0.31612935923162866
Max.	760	F	0.31612935923162866
