Values	total	status	pValue
Min.	0	M	0.752329522300793
1st Qu.	1	M	0.752329522300793
Median	1	M	0.752329522300793
Mean	2.86111111111111	M	0.752329522300793
3rd Qu.	3	M	0.752329522300793
Max.	27	M	0.752329522300793
Min.	0	F	0.752329522300793
1st Qu.	1	F	0.752329522300793
Median	1	F	0.752329522300793
Mean	4.07692307692308	F	0.752329522300793
3rd Qu.	4	F	0.752329522300793
Max.	32	F	0.752329522300793
