Values	total	status	pValue
Min.	0	M	0.4061964942725985
1st Qu.	1	M	0.4061964942725985
Median	1	M	0.4061964942725985
Mean	1.58823529411765	M	0.4061964942725985
3rd Qu.	2	M	0.4061964942725985
Max.	6	M	0.4061964942725985
Min.	0	F	0.4061964942725985
1st Qu.	0	F	0.4061964942725985
Median	0	F	0.4061964942725985
Mean	1	F	0.4061964942725985
3rd Qu.	1.5	F	0.4061964942725985
Max.	3	F	0.4061964942725985
