Values	total	status	pValue
Min.	0	M	0.9321348771463672
1st Qu.	1	M	0.9321348771463672
Median	2	M	0.9321348771463672
Mean	3.50980392156863	M	0.9321348771463672
3rd Qu.	4	M	0.9321348771463672
Max.	31	M	0.9321348771463672
Min.	0	F	0.9321348771463672
1st Qu.	1	F	0.9321348771463672
Median	2	F	0.9321348771463672
Mean	3.61538461538462	F	0.9321348771463672
3rd Qu.	3	F	0.9321348771463672
Max.	16	F	0.9321348771463672
