Values	total	status	pValue
Min.	0	M	0.056786106049434154
1st Qu.	4	M	0.056786106049434154
Median	14	M	0.056786106049434154
Mean	21.7647058823529	M	0.056786106049434154
3rd Qu.	30.5	M	0.056786106049434154
Max.	95	M	0.056786106049434154
Min.	1	F	0.056786106049434154
1st Qu.	3	F	0.056786106049434154
Median	9	F	0.056786106049434154
Mean	8.84615384615385	F	0.056786106049434154
3rd Qu.	10	F	0.056786106049434154
Max.	25	F	0.056786106049434154
