Values	total	status	pValue
Min.	5	M	0.7912193122491196
1st Qu.	22	M	0.7912193122491196
Median	31	M	0.7912193122491196
Mean	42.5882352941176	M	0.7912193122491196
3rd Qu.	53	M	0.7912193122491196
Max.	123	M	0.7912193122491196
Min.	24	F	0.7912193122491196
1st Qu.	30	F	0.7912193122491196
Median	36	F	0.7912193122491196
Mean	34.6666666666667	F	0.7912193122491196
3rd Qu.	40	F	0.7912193122491196
Max.	44	F	0.7912193122491196
