Values	total	status	pValue
Min.	0	M	0.20989795313617832
1st Qu.	6	M	0.20989795313617832
Median	19	M	0.20989795313617832
Mean	28.9941520467836	M	0.20989795313617832
3rd Qu.	38	M	0.20989795313617832
Max.	185	M	0.20989795313617832
Min.	0	F	0.20989795313617832
1st Qu.	6	F	0.20989795313617832
Median	14	F	0.20989795313617832
Mean	24.921875	F	0.20989795313617832
3rd Qu.	26.5	F	0.20989795313617832
Max.	161	F	0.20989795313617832
