Values	total	status	pValue
Min.	1	M	0.16332741913408694
1st Qu.	15.5	M	0.16332741913408694
Median	38	M	0.16332741913408694
Mean	52.2941176470588	M	0.16332741913408694
3rd Qu.	65	M	0.16332741913408694
Max.	195	M	0.16332741913408694
Min.	7	F	0.16332741913408694
1st Qu.	12	F	0.16332741913408694
Median	19	F	0.16332741913408694
Mean	27.9230769230769	F	0.16332741913408694
3rd Qu.	42	F	0.16332741913408694
Max.	63	F	0.16332741913408694
