Values	total	status	pValue
Min.	1	M	0.029561121504552368
1st Qu.	1	M	0.029561121504552368
Median	3	M	0.029561121504552368
Mean	10.5882352941176	M	0.029561121504552368
3rd Qu.	5	M	0.029561121504552368
Max.	123	M	0.029561121504552368
Min.	0	F	0.029561121504552368
1st Qu.	0.5	F	0.029561121504552368
Median	1	F	0.029561121504552368
Mean	1.28571428571429	F	0.029561121504552368
3rd Qu.	1.5	F	0.029561121504552368
Max.	4	F	0.029561121504552368
