Values	total	status	pValue
Min.	1	M	0.6858304344516057
1st Qu.	3	M	0.6858304344516057
Median	5	M	0.6858304344516057
Mean	6.33333333333333	M	0.6858304344516057
3rd Qu.	10	M	0.6858304344516057
Max.	13	M	0.6858304344516057
Min.	3	F	0.6858304344516057
1st Qu.	3	F	0.6858304344516057
Median	3	F	0.6858304344516057
Mean	3.33333333333333	F	0.6858304344516057
3rd Qu.	3.5	F	0.6858304344516057
Max.	4	F	0.6858304344516057
