Values	total	status	pValue
Min.	0	M	0.5325758122292157
1st Qu.	0	M	0.5325758122292157
Median	1	M	0.5325758122292157
Mean	4.85714285714286	M	0.5325758122292157
3rd Qu.	2	M	0.5325758122292157
Max.	52	M	0.5325758122292157
Min.	0	F	0.5325758122292157
1st Qu.	1	F	0.5325758122292157
Median	2	F	0.5325758122292157
Mean	2.6	F	0.5325758122292157
3rd Qu.	2	F	0.5325758122292157
Max.	8	F	0.5325758122292157
