Values	total	status	pValue
Min.	0	M	0.6295635634700374
1st Qu.	0	M	0.6295635634700374
Median	1	M	0.6295635634700374
Mean	1.85714285714286	M	0.6295635634700374
3rd Qu.	2	M	0.6295635634700374
Max.	14	M	0.6295635634700374
Min.	0	F	0.6295635634700374
1st Qu.	1	F	0.6295635634700374
Median	1	F	0.6295635634700374
Mean	1.8	F	0.6295635634700374
3rd Qu.	2	F	0.6295635634700374
Max.	5	F	0.6295635634700374
