Values	total	status	pValue
Min.	0	M	0.28591591947477
1st Qu.	9.5	M	0.28591591947477
Median	12	M	0.28591591947477
Mean	16.1944444444444	M	0.28591591947477
3rd Qu.	22.5	M	0.28591591947477
Max.	51	M	0.28591591947477
Min.	1	F	0.28591591947477
1st Qu.	5.25	F	0.28591591947477
Median	10	F	0.28591591947477
Mean	10.375	F	0.28591591947477
3rd Qu.	14.25	F	0.28591591947477
Max.	24	F	0.28591591947477
