Values	total	status	pValue
Min.	0	M	0.8454907126578346
1st Qu.	1	M	0.8454907126578346
Median	3	M	0.8454907126578346
Mean	4.18518518518519	M	0.8454907126578346
3rd Qu.	6	M	0.8454907126578346
Max.	20	M	0.8454907126578346
Min.	0	F	0.8454907126578346
1st Qu.	1	F	0.8454907126578346
Median	3	F	0.8454907126578346
Mean	4.23913043478261	F	0.8454907126578346
3rd Qu.	5.75	F	0.8454907126578346
Max.	28	F	0.8454907126578346
