Values	total	status	pValue
Min.	0	M	0.648179426697834
1st Qu.	0	M	0.648179426697834
Median	1	M	0.648179426697834
Mean	4.32098765432099	M	0.648179426697834
3rd Qu.	5	M	0.648179426697834
Max.	81	M	0.648179426697834
Min.	0	F	0.648179426697834
1st Qu.	0	F	0.648179426697834
Median	2	F	0.648179426697834
Mean	4.60869565217391	F	0.648179426697834
3rd Qu.	6.75	F	0.648179426697834
Max.	28	F	0.648179426697834
