Values	total	status	pValue
Min.	0	M	0.7677767059417498
1st Qu.	0	M	0.7677767059417498
Median	1	M	0.7677767059417498
Mean	1.17948717948718	M	0.7677767059417498
3rd Qu.	2	M	0.7677767059417498
Max.	4	M	0.7677767059417498
Min.	0	F	0.7677767059417498
1st Qu.	0	F	0.7677767059417498
Median	1	F	0.7677767059417498
Mean	1.28571428571429	F	0.7677767059417498
3rd Qu.	2.75	F	0.7677767059417498
Max.	3	F	0.7677767059417498
