Values	total	status	pValue
Min.	0	M	0.32968647498449466
1st Qu.	0	M	0.32968647498449466
Median	0	M	0.32968647498449466
Mean	0.416666666666667	M	0.32968647498449466
3rd Qu.	1	M	0.32968647498449466
Max.	4	M	0.32968647498449466
Min.	0	F	0.32968647498449466
1st Qu.	0	F	0.32968647498449466
Median	0.5	F	0.32968647498449466
Mean	0.625	F	0.32968647498449466
3rd Qu.	1	F	0.32968647498449466
Max.	2	F	0.32968647498449466
