Values	total	status	pValue
Min.	0	M	0.8329487790539858
1st Qu.	0	M	0.8329487790539858
Median	1	M	0.8329487790539858
Mean	1.27777777777778	M	0.8329487790539858
3rd Qu.	1	M	0.8329487790539858
Max.	8	M	0.8329487790539858
Min.	0	F	0.8329487790539858
1st Qu.	0	F	0.8329487790539858
Median	1	F	0.8329487790539858
Mean	1	F	0.8329487790539858
3rd Qu.	1.25	F	0.8329487790539858
Max.	3	F	0.8329487790539858
