Values	total	status	pValue
Min.	0	M	0.8125520840634273
1st Qu.	3	M	0.8125520840634273
Median	6	M	0.8125520840634273
Mean	6.02325581395349	M	0.8125520840634273
3rd Qu.	8	M	0.8125520840634273
Max.	19	M	0.8125520840634273
Min.	0	F	0.8125520840634273
1st Qu.	3	F	0.8125520840634273
Median	6	F	0.8125520840634273
Mean	6.65254237288136	F	0.8125520840634273
3rd Qu.	8	F	0.8125520840634273
Max.	90	F	0.8125520840634273
