Values	total	status	pValue
Min.	0	M	0.8965054975123625
1st Qu.	8	M	0.8965054975123625
Median	11	M	0.8965054975123625
Mean	13.1762295081967	M	0.8965054975123625
3rd Qu.	15	M	0.8965054975123625
Max.	280	M	0.8965054975123625
Min.	0	F	0.8965054975123625
1st Qu.	8	F	0.8965054975123625
Median	12	F	0.8965054975123625
Mean	12.5128205128205	F	0.8965054975123625
3rd Qu.	16	F	0.8965054975123625
Max.	109	F	0.8965054975123625
