Values	total	status	pValue
Min.	0	M	0.7213778186554668
1st Qu.	8	M	0.7213778186554668
Median	12	M	0.7213778186554668
Mean	13.5532786885246	M	0.7213778186554668
3rd Qu.	17	M	0.7213778186554668
Max.	236	M	0.7213778186554668
Min.	0	F	0.7213778186554668
1st Qu.	8	F	0.7213778186554668
Median	11	F	0.7213778186554668
Mean	13.008547008547	F	0.7213778186554668
3rd Qu.	17	F	0.7213778186554668
Max.	86	F	0.7213778186554668
