Values	total	status	pValue
Min.	0	M	0.9690771443082118
1st Qu.	3.25	M	0.9690771443082118
Median	7	M	0.9690771443082118
Mean	10.0833333333333	M	0.9690771443082118
3rd Qu.	12.25	M	0.9690771443082118
Max.	44	M	0.9690771443082118
Min.	0	F	0.9690771443082118
1st Qu.	1.5	F	0.9690771443082118
Median	8.5	F	0.9690771443082118
Mean	8.375	F	0.9690771443082118
3rd Qu.	11.75	F	0.9690771443082118
Max.	23	F	0.9690771443082118
