Values	total	status	pValue
Min.	0	M	0.0021607050425574625
1st Qu.	5	M	0.0021607050425574625
Median	9.5	M	0.0021607050425574625
Mean	13.578125	M	0.0021607050425574625
3rd Qu.	19	M	0.0021607050425574625
Max.	68	M	0.0021607050425574625
Min.	0	F	0.0021607050425574625
1st Qu.	2	F	0.0021607050425574625
Median	6	F	0.0021607050425574625
Mean	10.2424242424242	F	0.0021607050425574625
3rd Qu.	14	F	0.0021607050425574625
Max.	63	F	0.0021607050425574625
