Values	total	status	pValue
Min.	0	M	0.003904340636947893
1st Qu.	10	M	0.003904340636947893
Median	20	M	0.003904340636947893
Mean	27.75	M	0.003904340636947893
3rd Qu.	37	M	0.003904340636947893
Max.	130	M	0.003904340636947893
Min.	0	F	0.003904340636947893
1st Qu.	5	F	0.003904340636947893
Median	14	F	0.003904340636947893
Mean	22.1515151515152	F	0.003904340636947893
3rd Qu.	29	F	0.003904340636947893
Max.	189	F	0.003904340636947893
