Values	total	status	pValue
Min.	0	M	0.024348402517334746
1st Qu.	2	M	0.024348402517334746
Median	5	M	0.024348402517334746
Mean	9.1358024691358	M	0.024348402517334746
3rd Qu.	12	M	0.024348402517334746
Max.	59	M	0.024348402517334746
Min.	0	F	0.024348402517334746
1st Qu.	1	F	0.024348402517334746
Median	3	F	0.024348402517334746
Mean	5.83333333333333	F	0.024348402517334746
3rd Qu.	6	F	0.024348402517334746
Max.	56	F	0.024348402517334746
