Values	total	status	pValue
Min.	0	M	0.4006281492160027
1st Qu.	1	M	0.4006281492160027
Median	2	M	0.4006281492160027
Mean	2.87244897959184	M	0.4006281492160027
3rd Qu.	4	M	0.4006281492160027
Max.	23	M	0.4006281492160027
Min.	0	F	0.4006281492160027
1st Qu.	1	F	0.4006281492160027
Median	2	F	0.4006281492160027
Mean	2.32203389830508	F	0.4006281492160027
3rd Qu.	3	F	0.4006281492160027
Max.	7	F	0.4006281492160027
