Values	total	status	pValue
Min.	0	M	0.3098209045591202
1st Qu.	2	M	0.3098209045591202
Median	3	M	0.3098209045591202
Mean	3.9234693877551	M	0.3098209045591202
3rd Qu.	5	M	0.3098209045591202
Max.	23	M	0.3098209045591202
Min.	0	F	0.3098209045591202
1st Qu.	1	F	0.3098209045591202
Median	3	F	0.3098209045591202
Mean	3.32203389830508	F	0.3098209045591202
3rd Qu.	5	F	0.3098209045591202
Max.	13	F	0.3098209045591202
