Values	total	status	pValue
Min.	0	M	0.27741509615039306
1st Qu.	7	M	0.27741509615039306
Median	11	M	0.27741509615039306
Mean	14.5255102040816	M	0.27741509615039306
3rd Qu.	19	M	0.27741509615039306
Max.	97	M	0.27741509615039306
Min.	0	F	0.27741509615039306
1st Qu.	5.5	F	0.27741509615039306
Median	11	F	0.27741509615039306
Mean	13.1016949152542	F	0.27741509615039306
3rd Qu.	18	F	0.27741509615039306
Max.	74	F	0.27741509615039306
