Values	total	status	pValue
Min.	0	M	0.6994011142505152
1st Qu.	10	M	0.6994011142505152
Median	17.5	M	0.6994011142505152
Mean	22.0409836065574	M	0.6994011142505152
3rd Qu.	30	M	0.6994011142505152
Max.	117	M	0.6994011142505152
Min.	0	F	0.6994011142505152
1st Qu.	6.75	F	0.6994011142505152
Median	17.5	F	0.6994011142505152
Mean	21.0208333333333	F	0.6994011142505152
3rd Qu.	33	F	0.6994011142505152
Max.	61	F	0.6994011142505152
