Values	total	status	pValue
Min.	0	M	0.43989109262867565
1st Qu.	4	M	0.43989109262867565
Median	7	M	0.43989109262867565
Mean	7.95081967213115	M	0.43989109262867565
3rd Qu.	10	M	0.43989109262867565
Max.	66	M	0.43989109262867565
Min.	0	F	0.43989109262867565
1st Qu.	3.75	F	0.43989109262867565
Median	7	F	0.43989109262867565
Mean	6.85416666666667	F	0.43989109262867565
3rd Qu.	10.25	F	0.43989109262867565
Max.	17	F	0.43989109262867565
