Values	total	status	pValue
Min.	0	M	0.6449067953338523
1st Qu.	6	M	0.6449067953338523
Median	11	M	0.6449067953338523
Mean	13.1639344262295	M	0.6449067953338523
3rd Qu.	17.75	M	0.6449067953338523
Max.	80	M	0.6449067953338523
Min.	0	F	0.6449067953338523
1st Qu.	4	F	0.6449067953338523
Median	11.5	F	0.6449067953338523
Mean	14.1875	F	0.6449067953338523
3rd Qu.	21.25	F	0.6449067953338523
Max.	53	F	0.6449067953338523
