Values	total	status	pValue
Min.	0	M	0.9447702230328241
1st Qu.	7	M	0.9447702230328241
Median	13	M	0.9447702230328241
Mean	17.0245901639344	M	0.9447702230328241
3rd Qu.	22.75	M	0.9447702230328241
Max.	115	M	0.9447702230328241
Min.	0	F	0.9447702230328241
1st Qu.	6	F	0.9447702230328241
Median	12.5	F	0.9447702230328241
Mean	17.6666666666667	F	0.9447702230328241
3rd Qu.	31	F	0.9447702230328241
Max.	66	F	0.9447702230328241
