Values	total	status	pValue
Min.	0	M	0.9848736906815203
1st Qu.	3	M	0.9848736906815203
Median	8.5	M	0.9848736906815203
Mean	9.58333333333333	M	0.9848736906815203
3rd Qu.	15	M	0.9848736906815203
Max.	28	M	0.9848736906815203
Min.	0	F	0.9848736906815203
1st Qu.	5.25	F	0.9848736906815203
Median	6	F	0.9848736906815203
Mean	10.5	F	0.9848736906815203
3rd Qu.	13.75	F	0.9848736906815203
Max.	29	F	0.9848736906815203
