Values	total	status	pValue
Min.	0	M	0.2820342275226808
1st Qu.	1	M	0.2820342275226808
Median	2	M	0.2820342275226808
Mean	4.54918032786885	M	0.2820342275226808
3rd Qu.	4	M	0.2820342275226808
Max.	450	M	0.2820342275226808
Min.	0	F	0.2820342275226808
1st Qu.	0	F	0.2820342275226808
Median	2	F	0.2820342275226808
Mean	3.10948905109489	F	0.2820342275226808
3rd Qu.	4	F	0.2820342275226808
Max.	35	F	0.2820342275226808
