Values	total	status	pValue
Min.	0	M	0.02836225831870357
1st Qu.	19	M	0.02836225831870357
Median	34	M	0.02836225831870357
Mean	55.5761589403973	M	0.02836225831870357
3rd Qu.	66.5	M	0.02836225831870357
Max.	1026	M	0.02836225831870357
Min.	0	F	0.02836225831870357
1st Qu.	17	F	0.02836225831870357
Median	27	F	0.02836225831870357
Mean	48.1142857142857	F	0.02836225831870357
3rd Qu.	47	F	0.02836225831870357
Max.	760	F	0.02836225831870357
