Values	total	status	pValue
Min.	0	M	0.8218481775709744
1st Qu.	0	M	0.8218481775709744
Median	0	M	0.8218481775709744
Mean	0.518072289156627	M	0.8218481775709744
3rd Qu.	1	M	0.8218481775709744
Max.	4	M	0.8218481775709744
Min.	0	F	0.8218481775709744
1st Qu.	0	F	0.8218481775709744
Median	0	F	0.8218481775709744
Mean	1.22413793103448	F	0.8218481775709744
3rd Qu.	1	F	0.8218481775709744
Max.	41	F	0.8218481775709744
