Values	total	status	pValue
Min.	0	M	0.017283013185195924
1st Qu.	1	M	0.017283013185195924
Median	5	M	0.017283013185195924
Mean	6.72033898305085	M	0.017283013185195924
3rd Qu.	9	M	0.017283013185195924
Max.	58	M	0.017283013185195924
Min.	0	F	0.017283013185195924
1st Qu.	1	F	0.017283013185195924
Median	3	F	0.017283013185195924
Mean	5.63432835820895	F	0.017283013185195924
3rd Qu.	8	F	0.017283013185195924
Max.	52	F	0.017283013185195924
