Values	total	status	pValue
Min.	0	M	0.060146114420636575
1st Qu.	2	M	0.060146114420636575
Median	4	M	0.060146114420636575
Mean	9.63114754098361	M	0.060146114420636575
3rd Qu.	9	M	0.060146114420636575
Max.	171	M	0.060146114420636575
Min.	0	F	0.060146114420636575
1st Qu.	1	F	0.060146114420636575
Median	4	F	0.060146114420636575
Mean	9.45255474452555	F	0.060146114420636575
3rd Qu.	7	F	0.060146114420636575
Max.	138	F	0.060146114420636575
