Values	total	status	pValue
Min.	0	M	0.2612088880741511
1st Qu.	2	M	0.2612088880741511
Median	6	M	0.2612088880741511
Mean	9.05960264900662	M	0.2612088880741511
3rd Qu.	10	M	0.2612088880741511
Max.	465	M	0.2612088880741511
Min.	0	F	0.2612088880741511
1st Qu.	2	F	0.2612088880741511
Median	5	F	0.2612088880741511
Mean	6.75238095238095	F	0.2612088880741511
3rd Qu.	9	F	0.2612088880741511
Max.	31	F	0.2612088880741511
