Values	total	status	pValue
Min.	0	M	0.15000322124594453
1st Qu.	3	M	0.15000322124594453
Median	5	M	0.15000322124594453
Mean	7.8046357615894	M	0.15000322124594453
3rd Qu.	9	M	0.15000322124594453
Max.	165	M	0.15000322124594453
Min.	0	F	0.15000322124594453
1st Qu.	2	F	0.15000322124594453
Median	4	F	0.15000322124594453
Mean	7.45714285714286	F	0.15000322124594453
3rd Qu.	7	F	0.15000322124594453
Max.	67	F	0.15000322124594453
