Values	total	status	pValue
Min.	0	M	0.6723374856336819
1st Qu.	0	M	0.6723374856336819
Median	1	M	0.6723374856336819
Mean	1.1566265060241	M	0.6723374856336819
3rd Qu.	2	M	0.6723374856336819
Max.	6	M	0.6723374856336819
Min.	0	F	0.6723374856336819
1st Qu.	0	F	0.6723374856336819
Median	1	F	0.6723374856336819
Mean	12.1551724137931	F	0.6723374856336819
3rd Qu.	2	F	0.6723374856336819
Max.	634	F	0.6723374856336819
