Values	total	status	pValue
Min.	0	M	0.005150238106685776
1st Qu.	3	M	0.005150238106685776
Median	5	M	0.005150238106685776
Mean	6.72950819672131	M	0.005150238106685776
3rd Qu.	8	M	0.005150238106685776
Max.	129	M	0.005150238106685776
Min.	0	F	0.005150238106685776
1st Qu.	2	F	0.005150238106685776
Median	4	F	0.005150238106685776
Mean	4.61538461538461	F	0.005150238106685776
3rd Qu.	6	F	0.005150238106685776
Max.	27	F	0.005150238106685776
