Values	total	status	pValue
Min.	0	M	0.22463193686764743
1st Qu.	0	M	0.22463193686764743
Median	1	M	0.22463193686764743
Mean	1.64102564102564	M	0.22463193686764743
3rd Qu.	2.5	M	0.22463193686764743
Max.	10	M	0.22463193686764743
Min.	0	F	0.22463193686764743
1st Qu.	0	F	0.22463193686764743
Median	1	F	0.22463193686764743
Mean	1	F	0.22463193686764743
3rd Qu.	1.5	F	0.22463193686764743
Max.	3	F	0.22463193686764743
