Values	total	status	pValue
Min.	0	M	0.002036036926223206
1st Qu.	6	M	0.002036036926223206
Median	15.5	M	0.002036036926223206
Mean	23.0033112582781	M	0.002036036926223206
3rd Qu.	29	M	0.002036036926223206
Max.	171	M	0.002036036926223206
Min.	0	F	0.002036036926223206
1st Qu.	4	F	0.002036036926223206
Median	10	F	0.002036036926223206
Mean	17.2190476190476	F	0.002036036926223206
3rd Qu.	17	F	0.002036036926223206
Max.	133	F	0.002036036926223206
