Values	total	status	pValue
Min.	0	M	0.7911675073821778
1st Qu.	3	M	0.7911675073821778
Median	5	M	0.7911675073821778
Mean	5.21395348837209	M	0.7911675073821778
3rd Qu.	7	M	0.7911675073821778
Max.	18	M	0.7911675073821778
Min.	0	F	0.7911675073821778
1st Qu.	3	F	0.7911675073821778
Median	5	F	0.7911675073821778
Mean	5.90677966101695	F	0.7911675073821778
3rd Qu.	7	F	0.7911675073821778
Max.	83	F	0.7911675073821778
