Values	total	status	pValue
Min.	0	M	0.7869666595293587
1st Qu.	0.5	M	0.7869666595293587
Median	2	M	0.7869666595293587
Mean	3.63636363636364	M	0.7869666595293587
3rd Qu.	5	M	0.7869666595293587
Max.	33	M	0.7869666595293587
Min.	0	F	0.7869666595293587
1st Qu.	1	F	0.7869666595293587
Median	2	F	0.7869666595293587
Mean	3.31333333333333	F	0.7869666595293587
3rd Qu.	4.75	F	0.7869666595293587
Max.	26	F	0.7869666595293587
