Values	total	status	pValue
Min.	0	M	0.9595171301313246
1st Qu.	0	M	0.9595171301313246
Median	0	M	0.9595171301313246
Mean	0.692307692307692	M	0.9595171301313246
3rd Qu.	1	M	0.9595171301313246
Max.	4	M	0.9595171301313246
Min.	0	F	0.9595171301313246
1st Qu.	0	F	0.9595171301313246
Median	1	F	0.9595171301313246
Mean	0.555555555555556	F	0.9595171301313246
3rd Qu.	1	F	0.9595171301313246
Max.	2	F	0.9595171301313246
