Values	total	status	pValue
Min.	0	M	0.4672148194814552
1st Qu.	2	M	0.4672148194814552
Median	7	M	0.4672148194814552
Mean	6.79032258064516	M	0.4672148194814552
3rd Qu.	10.75	M	0.4672148194814552
Max.	27	M	0.4672148194814552
Min.	0	F	0.4672148194814552
1st Qu.	1	F	0.4672148194814552
Median	6	F	0.4672148194814552
Mean	61.0487804878049	F	0.4672148194814552
3rd Qu.	9	F	0.4672148194814552
Max.	2260	F	0.4672148194814552
