Values	total	status	pValue
Min.	0	M	0.7722165845798074
1st Qu.	0	M	0.7722165845798074
Median	0	M	0.7722165845798074
Mean	0.693548387096774	M	0.7722165845798074
3rd Qu.	1	M	0.7722165845798074
Max.	4	M	0.7722165845798074
Min.	0	F	0.7722165845798074
1st Qu.	0	F	0.7722165845798074
Median	0	F	0.7722165845798074
Mean	10.8292682926829	F	0.7722165845798074
3rd Qu.	1	F	0.7722165845798074
Max.	419	F	0.7722165845798074
