Values	total	status	pValue
Min.	1	M	0.30865482144624723
1st Qu.	1	M	0.30865482144624723
Median	3	M	0.30865482144624723
Mean	3.2	M	0.30865482144624723
3rd Qu.	5	M	0.30865482144624723
Max.	6	M	0.30865482144624723
Min.	0	F	0.30865482144624723
1st Qu.	1	F	0.30865482144624723
Median	1	F	0.30865482144624723
Mean	1.85714285714286	F	0.30865482144624723
3rd Qu.	3	F	0.30865482144624723
Max.	4	F	0.30865482144624723
