Values	total	status	pValue
Min.	4	M	0.08679411916056011
1st Qu.	5	M	0.08679411916056011
Median	8	M	0.08679411916056011
Mean	8.85714285714286	M	0.08679411916056011
3rd Qu.	11	M	0.08679411916056011
Max.	18	M	0.08679411916056011
Min.	0	F	0.08679411916056011
1st Qu.	0	F	0.08679411916056011
Median	0.5	F	0.08679411916056011
Mean	2.75	F	0.08679411916056011
3rd Qu.	3.25	F	0.08679411916056011
Max.	10	F	0.08679411916056011
