Values	total	status	pValue
Min.	0	M	0.9582319692850425
1st Qu.	0	M	0.9582319692850425
Median	0	M	0.9582319692850425
Mean	0.435483870967742	M	0.9582319692850425
3rd Qu.	1	M	0.9582319692850425
Max.	2	M	0.9582319692850425
Min.	0	F	0.9582319692850425
1st Qu.	0	F	0.9582319692850425
Median	0	F	0.9582319692850425
Mean	1.46341463414634	F	0.9582319692850425
3rd Qu.	1	F	0.9582319692850425
Max.	41	F	0.9582319692850425
