Values	total	status	pValue
Min.	0	M	0.37673698419595975
1st Qu.	0	M	0.37673698419595975
Median	0	M	0.37673698419595975
Mean	0.887096774193548	M	0.37673698419595975
3rd Qu.	1	M	0.37673698419595975
Max.	6	M	0.37673698419595975
Min.	0	F	0.37673698419595975
1st Qu.	0	F	0.37673698419595975
Median	0	F	0.37673698419595975
Mean	1.17073170731707	F	0.37673698419595975
3rd Qu.	1	F	0.37673698419595975
Max.	9	F	0.37673698419595975
