Values	total	status	pValue
Min.	0	M	0.09188292540947807
1st Qu.	0	M	0.09188292540947807
Median	2	M	0.09188292540947807
Mean	3.84782608695652	M	0.09188292540947807
3rd Qu.	4.25	M	0.09188292540947807
Max.	48	M	0.09188292540947807
Min.	0	F	0.09188292540947807
1st Qu.	1	F	0.09188292540947807
Median	3	F	0.09188292540947807
Mean	3.94736842105263	F	0.09188292540947807
3rd Qu.	5	F	0.09188292540947807
Max.	22	F	0.09188292540947807
