Values	total	status	pValue
Min.	0	M	0.4986092601631962
1st Qu.	1	M	0.4986092601631962
Median	2	M	0.4986092601631962
Mean	3.59210526315789	M	0.4986092601631962
3rd Qu.	3.25	M	0.4986092601631962
Max.	33	M	0.4986092601631962
Min.	0	F	0.4986092601631962
1st Qu.	0	F	0.4986092601631962
Median	2	F	0.4986092601631962
Mean	3.03571428571429	F	0.4986092601631962
3rd Qu.	4	F	0.4986092601631962
Max.	26	F	0.4986092601631962
