Values	total	status	pValue
Min.	0	M	0.6663249856872763
1st Qu.	0.75	M	0.6663249856872763
Median	2	M	0.6663249856872763
Mean	2.58333333333333	M	0.6663249856872763
3rd Qu.	4	M	0.6663249856872763
Max.	9	M	0.6663249856872763
Min.	0	F	0.6663249856872763
1st Qu.	0	F	0.6663249856872763
Median	3.5	F	0.6663249856872763
Mean	7.125	F	0.6663249856872763
3rd Qu.	8.25	F	0.6663249856872763
Max.	33	F	0.6663249856872763
