Values	total	status	pValue
Min.	0	M	0.3483112351169749
1st Qu.	2	M	0.3483112351169749
Median	4	M	0.3483112351169749
Mean	14.8888888888889	M	0.3483112351169749
3rd Qu.	7	M	0.3483112351169749
Max.	443	M	0.3483112351169749
Min.	0	F	0.3483112351169749
1st Qu.	1	F	0.3483112351169749
Median	5.5	F	0.3483112351169749
Mean	11.925	F	0.3483112351169749
3rd Qu.	20.25	F	0.3483112351169749
Max.	57	F	0.3483112351169749
