Values	total	status	pValue
Min.	0	M	0.024717514883143922
1st Qu.	1	M	0.024717514883143922
Median	3	M	0.024717514883143922
Mean	23.7826086956522	M	0.024717514883143922
3rd Qu.	10	M	0.024717514883143922
Max.	457	M	0.024717514883143922
Min.	0	F	0.024717514883143922
1st Qu.	2	F	0.024717514883143922
Median	6	F	0.024717514883143922
Mean	28.0350877192982	F	0.024717514883143922
3rd Qu.	44	F	0.024717514883143922
Max.	244	F	0.024717514883143922
