Values	total	status	pValue
Min.	0	M	0.13025574292361633
1st Qu.	9	M	0.13025574292361633
Median	17	M	0.13025574292361633
Mean	79.0476190476191	M	0.13025574292361633
3rd Qu.	25.5	M	0.13025574292361633
Max.	2091	M	0.13025574292361633
Min.	0	F	0.13025574292361633
1st Qu.	9	F	0.13025574292361633
Median	22	F	0.13025574292361633
Mean	88.45	F	0.13025574292361633
3rd Qu.	128.25	F	0.13025574292361633
Max.	565	F	0.13025574292361633
