Values	total	status	pValue
Min.	0	M	0.08177923666673557
1st Qu.	1.25	M	0.08177923666673557
Median	3	M	0.08177923666673557
Mean	4.83333333333333	M	0.08177923666673557
3rd Qu.	6	M	0.08177923666673557
Max.	26	M	0.08177923666673557
Min.	0	F	0.08177923666673557
1st Qu.	0	F	0.08177923666673557
Median	1	F	0.08177923666673557
Mean	2.82352941176471	F	0.08177923666673557
3rd Qu.	3	F	0.08177923666673557
Max.	13	F	0.08177923666673557
