Values	total	status	pValue
Min.	0	M	0.04413552699499731
1st Qu.	2	M	0.04413552699499731
Median	6	M	0.04413552699499731
Mean	12.2	M	0.04413552699499731
3rd Qu.	16.75	M	0.04413552699499731
Max.	55	M	0.04413552699499731
Min.	0	F	0.04413552699499731
1st Qu.	0	F	0.04413552699499731
Median	2	F	0.04413552699499731
Mean	6.52941176470588	F	0.04413552699499731
3rd Qu.	4	F	0.04413552699499731
Max.	40	F	0.04413552699499731
