Values	total	status	pValue
Min.	0	M	0.8444651652568855
1st Qu.	0	M	0.8444651652568855
Median	2	M	0.8444651652568855
Mean	3.74603174603175	M	0.8444651652568855
3rd Qu.	4	M	0.8444651652568855
Max.	33	M	0.8444651652568855
Min.	0	F	0.8444651652568855
1st Qu.	0	F	0.8444651652568855
Median	2	F	0.8444651652568855
Mean	3.275	F	0.8444651652568855
3rd Qu.	5	F	0.8444651652568855
Max.	17	F	0.8444651652568855
