Values	total	status	pValue
Min.	3	M	0.17680367401694932
1st Qu.	7.75	M	0.17680367401694932
Median	13	M	0.17680367401694932
Mean	20.3333333333333	M	0.17680367401694932
3rd Qu.	20.5	M	0.17680367401694932
Max.	73	M	0.17680367401694932
Min.	0	F	0.17680367401694932
1st Qu.	14.5	F	0.17680367401694932
Median	82	F	0.17680367401694932
Mean	137.75	F	0.17680367401694932
3rd Qu.	184.75	F	0.17680367401694932
Max.	475	F	0.17680367401694932
