Values	total	status	pValue
Min.	0	M	0.0288156380095517
1st Qu.	7	M	0.0288156380095517
Median	17	M	0.0288156380095517
Mean	87.3478260869565	M	0.0288156380095517
3rd Qu.	37.25	M	0.0288156380095517
Max.	1350	M	0.0288156380095517
Min.	0	F	0.0288156380095517
1st Qu.	10	F	0.0288156380095517
Median	29	F	0.0288156380095517
Mean	110.631578947368	F	0.0288156380095517
3rd Qu.	166	F	0.0288156380095517
Max.	708	F	0.0288156380095517
