Values	total	status	pValue
Min.	1	M	0.8631983694332444
1st Qu.	10	M	0.8631983694332444
Median	18	M	0.8631983694332444
Mean	33.0394736842105	M	0.8631983694332444
3rd Qu.	29.25	M	0.8631983694332444
Max.	448	M	0.8631983694332444
Min.	2	F	0.8631983694332444
1st Qu.	9.75	F	0.8631983694332444
Median	17	F	0.8631983694332444
Mean	26.9285714285714	F	0.8631983694332444
3rd Qu.	31	F	0.8631983694332444
Max.	154	F	0.8631983694332444
