Values	total	status	pValue
Min.	22	NS	0.12849943849876766
1st Qu.	25	NS	0.12849943849876766
Median	34	NS	0.12849943849876766
Mean	47.6363636363636	NS	0.12849943849876766
3rd Qu.	54	NS	0.12849943849876766
Max.	117	NS	0.12849943849876766
Min.	5	S	0.12849943849876766
1st Qu.	14	S	0.12849943849876766
Median	23	S	0.12849943849876766
Mean	33.7777777777778	S	0.12849943849876766
3rd Qu.	36	S	0.12849943849876766
Max.	123	S	0.12849943849876766
