Values	total	status	pValue
Min.	2	NS	0.5083147928712808
1st Qu.	3	NS	0.5083147928712808
Median	4	NS	0.5083147928712808
Mean	16.6	NS	0.5083147928712808
3rd Qu.	7	NS	0.5083147928712808
Max.	67	NS	0.5083147928712808
Min.	2	S	0.5083147928712808
1st Qu.	4.75	S	0.5083147928712808
Median	7.5	S	0.5083147928712808
Mean	7.25	S	0.5083147928712808
3rd Qu.	9.25	S	0.5083147928712808
Max.	13	S	0.5083147928712808
