Values	total	status	pValue
Min.	1	NS	0.2100804949142582
1st Qu.	16.5	NS	0.2100804949142582
Median	28	NS	0.2100804949142582
Mean	47.1621621621622	NS	0.2100804949142582
3rd Qu.	60.5	NS	0.2100804949142582
Max.	321	NS	0.2100804949142582
Min.	0	S	0.2100804949142582
1st Qu.	18	S	0.2100804949142582
Median	34	S	0.2100804949142582
Mean	55.3145161290323	S	0.2100804949142582
3rd Qu.	62	S	0.2100804949142582
Max.	760	S	0.2100804949142582
