Values	total	status	pValue
Min.	11	NS	0.7942689920341189
1st Qu.	16.5	NS	0.7942689920341189
Median	27	NS	0.7942689920341189
Mean	37.6363636363636	NS	0.7942689920341189
3rd Qu.	53.5	NS	0.7942689920341189
Max.	83	NS	0.7942689920341189
Min.	5	S	0.7942689920341189
1st Qu.	18	S	0.7942689920341189
Median	34	S	0.7942689920341189
Mean	106.230769230769	S	0.7942689920341189
3rd Qu.	60	S	0.7942689920341189
Max.	924	S	0.7942689920341189
