Values	total	status	pValue
Min.	0	NS	0.33252628597501355
1st Qu.	6	NS	0.33252628597501355
Median	15	NS	0.33252628597501355
Mean	28.4954954954955	NS	0.33252628597501355
3rd Qu.	32	NS	0.33252628597501355
Max.	185	NS	0.33252628597501355
Min.	0	S	0.33252628597501355
1st Qu.	6	S	0.33252628597501355
Median	19	S	0.33252628597501355
Mean	27.3387096774194	S	0.33252628597501355
3rd Qu.	36	S	0.33252628597501355
Max.	129	S	0.33252628597501355
