Values	total	status	pValue
Min.	1	NS	0.6222423200874394
1st Qu.	9	NS	0.6222423200874394
Median	22	NS	0.6222423200874394
Mean	20.8181818181818	NS	0.6222423200874394
3rd Qu.	29.5	NS	0.6222423200874394
Max.	53	NS	0.6222423200874394
Min.	3	S	0.6222423200874394
1st Qu.	6	S	0.6222423200874394
Median	17	S	0.6222423200874394
Mean	16.6923076923077	S	0.6222423200874394
3rd Qu.	27	S	0.6222423200874394
Max.	33	S	0.6222423200874394
