Values	total	status	pValue
Min.	1	NS	0.4637178561143063
1st Qu.	13	NS	0.4637178561143063
Median	23.5	NS	0.4637178561143063
Mean	39.9	NS	0.4637178561143063
3rd Qu.	41.25	NS	0.4637178561143063
Max.	253	NS	0.4637178561143063
Min.	0	S	0.4637178561143063
1st Qu.	18	S	0.4637178561143063
Median	30	S	0.4637178561143063
Mean	50.551724137931	S	0.4637178561143063
3rd Qu.	52	S	0.4637178561143063
Max.	464	S	0.4637178561143063
