Values	total	status	pValue
Min.	1	NS	0.8721830465432499
1st Qu.	12.5	NS	0.8721830465432499
Median	19	NS	0.8721830465432499
Mean	26.4571428571429	NS	0.8721830465432499
3rd Qu.	31.5	NS	0.8721830465432499
Max.	144	NS	0.8721830465432499
Min.	0	S	0.8721830465432499
1st Qu.	11	S	0.8721830465432499
Median	22	S	0.8721830465432499
Mean	25.5616438356164	S	0.8721830465432499
3rd Qu.	32	S	0.8721830465432499
Max.	124	S	0.8721830465432499
