Values	total	status	pValue
Min.	0	NS	0.4382276639217591
1st Qu.	2	NS	0.4382276639217591
Median	4	NS	0.4382276639217591
Mean	5.15625	NS	0.4382276639217591
3rd Qu.	8	NS	0.4382276639217591
Max.	13	NS	0.4382276639217591
Min.	0	S	0.4382276639217591
1st Qu.	3.5	S	0.4382276639217591
Median	6	S	0.4382276639217591
Mean	6.42857142857143	S	0.4382276639217591
3rd Qu.	8.5	S	0.4382276639217591
Max.	34	S	0.4382276639217591
