Values	total	status	pValue
Min.	0	NS	0.06752320681037567
1st Qu.	0	NS	0.06752320681037567
Median	0	NS	0.06752320681037567
Mean	0.766666666666667	NS	0.06752320681037567
3rd Qu.	1	NS	0.06752320681037567
Max.	5	NS	0.06752320681037567
Min.	0	S	0.06752320681037567
1st Qu.	0	S	0.06752320681037567
Median	1	S	0.06752320681037567
Mean	1.13432835820896	S	0.06752320681037567
3rd Qu.	2	S	0.06752320681037567
Max.	6	S	0.06752320681037567
