Values	total	status	pValue
Min.	9	NS	0.08315460311562596
1st Qu.	14.5	NS	0.08315460311562596
Median	22	NS	0.08315460311562596
Mean	27.7826086956522	NS	0.08315460311562596
3rd Qu.	33.5	NS	0.08315460311562596
Max.	86	NS	0.08315460311562596
Min.	0	S	0.08315460311562596
1st Qu.	10.5	S	0.08315460311562596
Median	17.5	S	0.08315460311562596
Mean	18.9333333333333	S	0.08315460311562596
3rd Qu.	27.75	S	0.08315460311562596
Max.	42	S	0.08315460311562596
