Values	total	status	pValue
Min.	3	NS	0.6054110577727756
1st Qu.	7.5	NS	0.6054110577727756
Median	9	NS	0.6054110577727756
Mean	19.2857142857143	NS	0.6054110577727756
3rd Qu.	12.5	NS	0.6054110577727756
Max.	83	NS	0.6054110577727756
Min.	0	S	0.6054110577727756
1st Qu.	8	S	0.6054110577727756
Median	13	S	0.6054110577727756
Mean	14.8461538461538	S	0.6054110577727756
3rd Qu.	18	S	0.6054110577727756
Max.	53	S	0.6054110577727756
