Values	total	status	pValue
Min.	0	NS	0.13140674171457079
1st Qu.	0.5	NS	0.13140674171457079
Median	2	NS	0.13140674171457079
Mean	2.28571428571429	NS	0.13140674171457079
3rd Qu.	3	NS	0.13140674171457079
Max.	7	NS	0.13140674171457079
Min.	0	S	0.13140674171457079
1st Qu.	0	S	0.13140674171457079
Median	1	S	0.13140674171457079
Mean	0.846153846153846	S	0.13140674171457079
3rd Qu.	1	S	0.13140674171457079
Max.	5	S	0.13140674171457079
