Values	total	status	pValue
Min.	0	NS	0.01777972712616944
1st Qu.	2	NS	0.01777972712616944
Median	4	NS	0.01777972712616944
Mean	4.88780487804878	NS	0.01777972712616944
3rd Qu.	7	NS	0.01777972712616944
Max.	18	NS	0.01777972712616944
Min.	0	S	0.01777972712616944
1st Qu.	3	S	0.01777972712616944
Median	6	S	0.01777972712616944
Mean	5.93333333333333	S	0.01777972712616944
3rd Qu.	8	S	0.01777972712616944
Max.	13	S	0.01777972712616944
