Values	total	status	pValue
Min.	0	NS	0.28235420789462057
1st Qu.	0	NS	0.28235420789462057
Median	6	NS	0.28235420789462057
Mean	6	NS	0.28235420789462057
3rd Qu.	10	NS	0.28235420789462057
Max.	16	NS	0.28235420789462057
Min.	0	S	0.28235420789462057
1st Qu.	4	S	0.28235420789462057
Median	9	S	0.28235420789462057
Mean	11.2307692307692	S	0.28235420789462057
3rd Qu.	13	S	0.28235420789462057
Max.	44	S	0.28235420789462057
