Values	total	status	pValue
Min.	0	NS	0.805446809881263
1st Qu.	0	NS	0.805446809881263
Median	1	NS	0.805446809881263
Mean	1.85714285714286	NS	0.805446809881263
3rd Qu.	3	NS	0.805446809881263
Max.	6	NS	0.805446809881263
Min.	0	S	0.805446809881263
1st Qu.	0	S	0.805446809881263
Median	2	S	0.805446809881263
Mean	2.69230769230769	S	0.805446809881263
3rd Qu.	4	S	0.805446809881263
Max.	14	S	0.805446809881263
