Values	total	status	pValue
Min.	0	NS	0.03057243735395597
1st Qu.	0	NS	0.03057243735395597
Median	1	NS	0.03057243735395597
Mean	3.50819672131148	NS	0.03057243735395597
3rd Qu.	6	NS	0.03057243735395597
Max.	23	NS	0.03057243735395597
Min.	0	S	0.03057243735395597
1st Qu.	1	S	0.03057243735395597
Median	3	S	0.03057243735395597
Mean	4.93636363636364	S	0.03057243735395597
3rd Qu.	7	S	0.03057243735395597
Max.	50	S	0.03057243735395597
