Values	total	status	pValue
Min.	6	NS	0.5329660664433897
1st Qu.	6.5	NS	0.5329660664433897
Median	7	NS	0.5329660664433897
Mean	16.3333333333333	NS	0.5329660664433897
3rd Qu.	21.5	NS	0.5329660664433897
Max.	36	NS	0.5329660664433897
Min.	3	S	0.5329660664433897
1st Qu.	12	S	0.5329660664433897
Median	16	S	0.5329660664433897
Mean	18.9090909090909	S	0.5329660664433897
3rd Qu.	23.5	S	0.5329660664433897
Max.	46	S	0.5329660664433897
