Values	total	status	pValue
Min.	0	NS	0.4352639860988202
1st Qu.	1	NS	0.4352639860988202
Median	2	NS	0.4352639860988202
Mean	38.3333333333333	NS	0.4352639860988202
3rd Qu.	57.5	NS	0.4352639860988202
Max.	113	NS	0.4352639860988202
Min.	3	S	0.4352639860988202
1st Qu.	11.5	S	0.4352639860988202
Median	23	S	0.4352639860988202
Mean	28.6363636363636	S	0.4352639860988202
3rd Qu.	47.5	S	0.4352639860988202
Max.	67	S	0.4352639860988202
