Values	total	status	pValue
Min.	4	NS	0.8780909631386107
1st Qu.	16.5	NS	0.8780909631386107
Median	21.5	NS	0.8780909631386107
Mean	28.8928571428571	NS	0.8780909631386107
3rd Qu.	39.25	NS	0.8780909631386107
Max.	92	NS	0.8780909631386107
Min.	0	S	0.8780909631386107
1st Qu.	13.25	S	0.8780909631386107
Median	25	S	0.8780909631386107
Mean	28.5985915492958	S	0.8780909631386107
3rd Qu.	36	S	0.8780909631386107
Max.	211	S	0.8780909631386107
