Values	total	status	pValue
Min.	0	NS	0.7585770065527437
1st Qu.	1	NS	0.7585770065527437
Median	3	NS	0.7585770065527437
Mean	3.67567567567568	NS	0.7585770065527437
3rd Qu.	6	NS	0.7585770065527437
Max.	14	NS	0.7585770065527437
Min.	0	S	0.7585770065527437
1st Qu.	2	S	0.7585770065527437
Median	3	S	0.7585770065527437
Mean	3.80275229357798	S	0.7585770065527437
3rd Qu.	5	S	0.7585770065527437
Max.	23	S	0.7585770065527437
