Values	total	status	pValue
Min.	0	NS	0.4344931377038949
1st Qu.	9	NS	0.4344931377038949
Median	16	NS	0.4344931377038949
Mean	20.1351351351351	NS	0.4344931377038949
3rd Qu.	23	NS	0.4344931377038949
Max.	111	NS	0.4344931377038949
Min.	0	S	0.4344931377038949
1st Qu.	7	S	0.4344931377038949
Median	14	S	0.4344931377038949
Mean	17	S	0.4344931377038949
3rd Qu.	23	S	0.4344931377038949
Max.	106	S	0.4344931377038949
