Values	total	status	pValue
Min.	0	NS	0.3871396896840177
1st Qu.	0	NS	0.3871396896840177
Median	1	NS	0.3871396896840177
Mean	1.14736842105263	NS	0.3871396896840177
3rd Qu.	2	NS	0.3871396896840177
Max.	6	NS	0.3871396896840177
Min.	0	S	0.3871396896840177
1st Qu.	0	S	0.3871396896840177
Median	1	S	0.3871396896840177
Mean	15.0434782608696	S	0.3871396896840177
3rd Qu.	2	S	0.3871396896840177
Max.	634	S	0.3871396896840177
