Values	total	status	pValue
Min.	0	NS	0.6549489441248306
1st Qu.	14	NS	0.6549489441248306
Median	25	NS	0.6549489441248306
Mean	39.9513513513513	NS	0.6549489441248306
3rd Qu.	50	NS	0.6549489441248306
Max.	253	NS	0.6549489441248306
Min.	0	S	0.6549489441248306
1st Qu.	15	S	0.6549489441248306
Median	28.5	S	0.6549489441248306
Mean	45.5405405405405	S	0.6549489441248306
3rd Qu.	48.75	S	0.6549489441248306
Max.	924	S	0.6549489441248306
