Values	total	status	pValue
Min.	2	NS	0.41224191406147415
1st Qu.	11.75	NS	0.41224191406147415
Median	25	NS	0.41224191406147415
Mean	27.6071428571429	NS	0.41224191406147415
3rd Qu.	35	NS	0.41224191406147415
Max.	110	NS	0.41224191406147415
Min.	0	S	0.41224191406147415
1st Qu.	11.75	S	0.41224191406147415
Median	21	S	0.41224191406147415
Mean	37.1538461538462	S	0.41224191406147415
3rd Qu.	31	S	0.41224191406147415
Max.	1570	S	0.41224191406147415
