Values	total	status	pValue
Min.	1	NS	0.7380982935639628
1st Qu.	13.75	NS	0.7380982935639628
Median	23.5	NS	0.7380982935639628
Mean	30.1944444444444	NS	0.7380982935639628
3rd Qu.	37.25	NS	0.7380982935639628
Max.	149	NS	0.7380982935639628
Min.	0	S	0.7380982935639628
1st Qu.	14	S	0.7380982935639628
Median	24	S	0.7380982935639628
Mean	32.9638554216867	S	0.7380982935639628
3rd Qu.	35	S	0.7380982935639628
Max.	1079	S	0.7380982935639628
