Values	total	status	pValue
Min.	0	NS	0.05844613007363114
1st Qu.	1	NS	0.05844613007363114
Median	2	NS	0.05844613007363114
Mean	2.20975609756098	NS	0.05844613007363114
3rd Qu.	3	NS	0.05844613007363114
Max.	13	NS	0.05844613007363114
Min.	0	S	0.05844613007363114
1st Qu.	1	S	0.05844613007363114
Median	2	S	0.05844613007363114
Mean	2.73333333333333	S	0.05844613007363114
3rd Qu.	4	S	0.05844613007363114
Max.	13	S	0.05844613007363114
