Values	total	status	pValue
Min.	0	NS	0.2305766837535253
1st Qu.	0	NS	0.2305766837535253
Median	1	NS	0.2305766837535253
Mean	0.8	NS	0.2305766837535253
3rd Qu.	1	NS	0.2305766837535253
Max.	4	NS	0.2305766837535253
Min.	0	S	0.2305766837535253
1st Qu.	0	S	0.2305766837535253
Median	1	S	0.2305766837535253
Mean	2.90909090909091	S	0.2305766837535253
3rd Qu.	2.5	S	0.2305766837535253
Max.	20	S	0.2305766837535253
