Values	total	status	pValue
Min.	1	NS	0.38653552674304126
1st Qu.	3	NS	0.38653552674304126
Median	5	NS	0.38653552674304126
Mean	6.27272727272727	NS	0.38653552674304126
3rd Qu.	10.5	NS	0.38653552674304126
Max.	13	NS	0.38653552674304126
Min.	0	S	0.38653552674304126
1st Qu.	1.5	S	0.38653552674304126
Median	3	S	0.38653552674304126
Mean	4	S	0.38653552674304126
3rd Qu.	6	S	0.38653552674304126
Max.	9	S	0.38653552674304126
