Values	total	status	pValue
Min.	0	NS	0.04049968337572017
1st Qu.	1	NS	0.04049968337572017
Median	2	NS	0.04049968337572017
Mean	2.91269841269841	NS	0.04049968337572017
3rd Qu.	4	NS	0.04049968337572017
Max.	10	NS	0.04049968337572017
Min.	0	S	0.04049968337572017
1st Qu.	2	S	0.04049968337572017
Median	3	S	0.04049968337572017
Mean	3.55813953488372	S	0.04049968337572017
3rd Qu.	4	S	0.04049968337572017
Max.	9	S	0.04049968337572017
