Values	total	status	pValue
Min.	4	NS	0.6613908501281932
1st Qu.	13.75	NS	0.6613908501281932
Median	21	NS	0.6613908501281932
Mean	29.4285714285714	NS	0.6613908501281932
3rd Qu.	37	NS	0.6613908501281932
Max.	149	NS	0.6613908501281932
Min.	0	S	0.6613908501281932
1st Qu.	12	S	0.6613908501281932
Median	21	S	0.6613908501281932
Mean	34.0096153846154	S	0.6613908501281932
3rd Qu.	33.25	S	0.6613908501281932
Max.	1079	S	0.6613908501281932
