Values	total	status	pValue
Min.	0	NS	0.6478551817536661
1st Qu.	2	NS	0.6478551817536661
Median	5.5	NS	0.6478551817536661
Mean	6.82142857142857	NS	0.6478551817536661
3rd Qu.	10.5	NS	0.6478551817536661
Max.	21	NS	0.6478551817536661
Min.	0	S	0.6478551817536661
1st Qu.	3	S	0.6478551817536661
Median	6	S	0.6478551817536661
Mean	7.75480769230769	S	0.6478551817536661
3rd Qu.	10	S	0.6478551817536661
Max.	66	S	0.6478551817536661
