Values	total	status	pValue
Min.	0	NS	0.5127941392365303
1st Qu.	0	NS	0.5127941392365303
Median	1	NS	0.5127941392365303
Mean	1.36363636363636	NS	0.5127941392365303
3rd Qu.	2	NS	0.5127941392365303
Max.	5	NS	0.5127941392365303
Min.	0	S	0.5127941392365303
1st Qu.	0	S	0.5127941392365303
Median	0	S	0.5127941392365303
Mean	0.666666666666667	S	0.5127941392365303
3rd Qu.	1	S	0.5127941392365303
Max.	2	S	0.5127941392365303
