Values	total	status	pValue
Min.	1	NS	0.1386406338132186
1st Qu.	1	NS	0.1386406338132186
Median	1	NS	0.1386406338132186
Mean	1	NS	0.1386406338132186
3rd Qu.	1	NS	0.1386406338132186
Max.	1	NS	0.1386406338132186
Min.	58	S	0.1386406338132186
1st Qu.	79.5	S	0.1386406338132186
Median	101	S	0.1386406338132186
Mean	88.3333333333333	S	0.1386406338132186
3rd Qu.	103.5	S	0.1386406338132186
Max.	106	S	0.1386406338132186
