Values	total	status	pValue
Min.	0	NS	0.9759684687479933
1st Qu.	2	NS	0.9759684687479933
Median	3	NS	0.9759684687479933
Mean	2.77777777777778	NS	0.9759684687479933
3rd Qu.	4	NS	0.9759684687479933
Max.	5	NS	0.9759684687479933
Min.	0	S	0.9759684687479933
1st Qu.	1	S	0.9759684687479933
Median	2	S	0.9759684687479933
Mean	4.73333333333333	S	0.9759684687479933
3rd Qu.	5.5	S	0.9759684687479933
Max.	30	S	0.9759684687479933
