Values	total	status	pValue
Min.	0	NS	0.34178326917797097
1st Qu.	0	NS	0.34178326917797097
Median	1	NS	0.34178326917797097
Mean	1.55555555555556	NS	0.34178326917797097
3rd Qu.	1	NS	0.34178326917797097
Max.	7	NS	0.34178326917797097
Min.	0	S	0.34178326917797097
1st Qu.	0.5	S	0.34178326917797097
Median	2	S	0.34178326917797097
Mean	2.73333333333333	S	0.34178326917797097
3rd Qu.	3.5	S	0.34178326917797097
Max.	15	S	0.34178326917797097
