Values	total	status	pValue
Min.	0	NS	0.5590388305987144
1st Qu.	1	NS	0.5590388305987144
Median	1	NS	0.5590388305987144
Mean	2.77777777777778	NS	0.5590388305987144
3rd Qu.	5	NS	0.5590388305987144
Max.	8	NS	0.5590388305987144
Min.	0	S	0.5590388305987144
1st Qu.	0	S	0.5590388305987144
Median	1	S	0.5590388305987144
Mean	3.33333333333333	S	0.5590388305987144
3rd Qu.	4.5	S	0.5590388305987144
Max.	22	S	0.5590388305987144
