Values	total	status	pValue
Min.	0	NS	0.8695561651477992
1st Qu.	0	NS	0.8695561651477992
Median	1	NS	0.8695561651477992
Mean	1.18181818181818	NS	0.8695561651477992
3rd Qu.	2	NS	0.8695561651477992
Max.	3	NS	0.8695561651477992
Min.	0	S	0.8695561651477992
1st Qu.	0	S	0.8695561651477992
Median	0	S	0.8695561651477992
Mean	1.33333333333333	S	0.8695561651477992
3rd Qu.	2	S	0.8695561651477992
Max.	4	S	0.8695561651477992
