Values	total	status	pValue
Min.	1	NS	0.33648678393328574
1st Qu.	1.5	NS	0.33648678393328574
Median	2	NS	0.33648678393328574
Mean	2.28571428571429	NS	0.33648678393328574
3rd Qu.	2.5	NS	0.33648678393328574
Max.	5	NS	0.33648678393328574
Min.	0	S	0.33648678393328574
1st Qu.	1	S	0.33648678393328574
Median	2	S	0.33648678393328574
Mean	1.4	S	0.33648678393328574
3rd Qu.	2	S	0.33648678393328574
Max.	2	S	0.33648678393328574
