Values	total	status	pValue
Min.	0	NS	0.7386308337492324
1st Qu.	0.5	NS	0.7386308337492324
Median	2	NS	0.7386308337492324
Mean	1.57142857142857	NS	0.7386308337492324
3rd Qu.	2.5	NS	0.7386308337492324
Max.	3	NS	0.7386308337492324
Min.	0	S	0.7386308337492324
1st Qu.	0	S	0.7386308337492324
Median	2	S	0.7386308337492324
Mean	2.6	S	0.7386308337492324
3rd Qu.	5	S	0.7386308337492324
Max.	6	S	0.7386308337492324
