Values	total	status	pValue
Min.	0	NS	0.4916986357272906
1st Qu.	0.25	NS	0.4916986357272906
Median	1	NS	0.4916986357272906
Mean	1.33333333333333	NS	0.4916986357272906
3rd Qu.	1.75	NS	0.4916986357272906
Max.	4	NS	0.4916986357272906
Min.	0	S	0.4916986357272906
1st Qu.	0	S	0.4916986357272906
Median	1	S	0.4916986357272906
Mean	0.6	S	0.4916986357272906
3rd Qu.	1	S	0.4916986357272906
Max.	1	S	0.4916986357272906
