Values	total	status	pValue
Min.	0	NS	0.5363733392627756
1st Qu.	0	NS	0.5363733392627756
Median	0	NS	0.5363733392627756
Mean	0.72463768115942	NS	0.5363733392627756
3rd Qu.	1	NS	0.5363733392627756
Max.	4	NS	0.5363733392627756
Min.	0	S	0.5363733392627756
1st Qu.	0	S	0.5363733392627756
Median	0	S	0.5363733392627756
Mean	12.8529411764706	S	0.5363733392627756
3rd Qu.	1	S	0.5363733392627756
Max.	419	S	0.5363733392627756
