Values	total	status	pValue
Min.	0	NS	0.39294131471573324
1st Qu.	0	NS	0.39294131471573324
Median	0	NS	0.39294131471573324
Mean	0.376811594202899	NS	0.39294131471573324
3rd Qu.	1	NS	0.39294131471573324
Max.	3	NS	0.39294131471573324
Min.	0	S	0.39294131471573324
1st Qu.	0	S	0.39294131471573324
Median	0	S	0.39294131471573324
Mean	7.47058823529412	S	0.39294131471573324
3rd Qu.	0	S	0.39294131471573324
Max.	247	S	0.39294131471573324
