Values	total	status	pValue
Min.	0	NS	0.503387269281051
1st Qu.	0	NS	0.503387269281051
Median	0	NS	0.503387269281051
Mean	0.884057971014493	NS	0.503387269281051
3rd Qu.	1	NS	0.503387269281051
Max.	9	NS	0.503387269281051
Min.	0	S	0.503387269281051
1st Qu.	0	S	0.503387269281051
Median	0	S	0.503387269281051
Mean	1.23529411764706	S	0.503387269281051
3rd Qu.	2	S	0.503387269281051
Max.	8	S	0.503387269281051
