Values	total	status	pValue
Min.	0	NS	0.7717059007233169
1st Qu.	0	NS	0.7717059007233169
Median	0.5	NS	0.7717059007233169
Mean	1.16666666666667	NS	0.7717059007233169
3rd Qu.	1	NS	0.7717059007233169
Max.	5	NS	0.7717059007233169
Min.	0	S	0.7717059007233169
1st Qu.	0	S	0.7717059007233169
Median	1	S	0.7717059007233169
Mean	1.6	S	0.7717059007233169
3rd Qu.	3	S	0.7717059007233169
Max.	4	S	0.7717059007233169
