Values	total	status	pValue
Min.	4	NS	0.624904534387672
1st Qu.	7.5	NS	0.624904534387672
Median	9	NS	0.624904534387672
Mean	9.28571428571429	NS	0.624904534387672
3rd Qu.	11	NS	0.624904534387672
Max.	15	NS	0.624904534387672
Min.	1	S	0.624904534387672
1st Qu.	8	S	0.624904534387672
Median	12	S	0.624904534387672
Mean	10.2	S	0.624904534387672
3rd Qu.	14	S	0.624904534387672
Max.	16	S	0.624904534387672
