Values	total	status	pValue
Min.	0	AfrAmr	0.8378283840595814
1st Qu.	0	AfrAmr	0.8378283840595814
Median	1	AfrAmr	0.8378283840595814
Mean	1.22222222222222	AfrAmr	0.8378283840595814
3rd Qu.	2	AfrAmr	0.8378283840595814
Max.	4	AfrAmr	0.8378283840595814
Min.	0	EurAmr	0.8378283840595814
1st Qu.	0	EurAmr	0.8378283840595814
Median	1	EurAmr	0.8378283840595814
Mean	1.61849710982659	EurAmr	0.8378283840595814
3rd Qu.	2	EurAmr	0.8378283840595814
Max.	17	EurAmr	0.8378283840595814
