Values	total	status	pValue
Min.	0	AfrAmr	0.2749836273921377
1st Qu.	1	AfrAmr	0.2749836273921377
Median	2	AfrAmr	0.2749836273921377
Mean	2.39655172413793	AfrAmr	0.2749836273921377
3rd Qu.	4	AfrAmr	0.2749836273921377
Max.	9	AfrAmr	0.2749836273921377
Min.	0	EurAmr	0.2749836273921377
1st Qu.	0	EurAmr	0.2749836273921377
Median	2	EurAmr	0.2749836273921377
Mean	1.94472361809045	EurAmr	0.2749836273921377
3rd Qu.	3	EurAmr	0.2749836273921377
Max.	9	EurAmr	0.2749836273921377
