NS	S	info
0.058092876843852954	1.1686659306155167e-4	rsquared values comparing age vs mutational burden
