NS	S	info
0.0021789754891279878	0.020925585143473244	rsquared values comparing age vs mutational burden
