NS	S	info
0.39972879901630753	0.06054770781516194	rsquared values comparing age vs mutational burden
