NS	S	info
0.06814864362377215	0.0015831431253015347	rsquared values comparing age vs mutational burden
