NS	S	info
0.0200582607438108	0.025486937558604643	rsquared values comparing age vs mutational burden
