Values	total	status	pValue
Min.	30	smoker	0.8499926286303995
1st Qu.	57	smoker	0.8499926286303995
Median	68	smoker	0.8499926286303995
Mean	125	smoker	0.8499926286303995
3rd Qu.	99.25	smoker	0.8499926286303995
Max.	421	smoker	0.8499926286303995
Min.	39	non-smoker	0.8499926286303995
1st Qu.	55.5	non-smoker	0.8499926286303995
Median	72	non-smoker	0.8499926286303995
Mean	108.4	non-smoker	0.8499926286303995
3rd Qu.	113.5	non-smoker	0.8499926286303995
Max.	416	non-smoker	0.8499926286303995
