Values	total	status	pValue
Min.	94	smoker	0.7332667332667333
1st Qu.	152.75	smoker	0.7332667332667333
Median	199.5	smoker	0.7332667332667333
Mean	188.4	smoker	0.7332667332667333
3rd Qu.	227.5	smoker	0.7332667332667333
Max.	265	smoker	0.7332667332667333
Min.	5	non-smoker	0.7332667332667333
1st Qu.	118.25	non-smoker	0.7332667332667333
Median	177	non-smoker	0.7332667332667333
Mean	154	non-smoker	0.7332667332667333
3rd Qu.	212.75	non-smoker	0.7332667332667333
Max.	257	non-smoker	0.7332667332667333
