Values	total	status	pValue
Min.	2	smoker	0.9762048572793323
1st Qu.	21	smoker	0.9762048572793323
Median	41	smoker	0.9762048572793323
Mean	130.333333333333	smoker	0.9762048572793323
3rd Qu.	77	smoker	0.9762048572793323
Max.	1310	smoker	0.9762048572793323
Min.	1	non-smoker	0.9762048572793323
1st Qu.	27	non-smoker	0.9762048572793323
Median	60	non-smoker	0.9762048572793323
Mean	51	non-smoker	0.9762048572793323
3rd Qu.	77	non-smoker	0.9762048572793323
Max.	105	non-smoker	0.9762048572793323
