Values	total	status	pValue
Min.	13	smoker	0.5612187474640283
1st Qu.	13	smoker	0.5612187474640283
Median	13	smoker	0.5612187474640283
Mean	13	smoker	0.5612187474640283
3rd Qu.	13	smoker	0.5612187474640283
Max.	13	smoker	0.5612187474640283
Min.	3	non-smoker	0.5612187474640283
1st Qu.	5.75	non-smoker	0.5612187474640283
Median	8.5	non-smoker	0.5612187474640283
Mean	10.35	non-smoker	0.5612187474640283
3rd Qu.	13.25	non-smoker	0.5612187474640283
Max.	22	non-smoker	0.5612187474640283
