Values	total	status	pValue
Min.	19	AfrAmr	0.6788913425488512
1st Qu.	20	AfrAmr	0.6788913425488512
Median	48	AfrAmr	0.6788913425488512
Mean	48.2222222222222	AfrAmr	0.6788913425488512
3rd Qu.	57	AfrAmr	0.6788913425488512
Max.	101	AfrAmr	0.6788913425488512
Min.	0	EurAmr	0.6788913425488512
1st Qu.	25	EurAmr	0.6788913425488512
Median	45	EurAmr	0.6788913425488512
Mean	69.8514285714286	EurAmr	0.6788913425488512
3rd Qu.	79.5	EurAmr	0.6788913425488512
Max.	777	EurAmr	0.6788913425488512
