Values	total	status	pValue
Min.	4	AfrAmr	0.06326769948642554
1st Qu.	10	AfrAmr	0.06326769948642554
Median	13	AfrAmr	0.06326769948642554
Mean	13.2222222222222	AfrAmr	0.06326769948642554
3rd Qu.	17	AfrAmr	0.06326769948642554
Max.	21	AfrAmr	0.06326769948642554
Min.	0	EurAmr	0.06326769948642554
1st Qu.	4	EurAmr	0.06326769948642554
Median	8	EurAmr	0.06326769948642554
Mean	9.95428571428571	EurAmr	0.06326769948642554
3rd Qu.	13	EurAmr	0.06326769948642554
Max.	58	EurAmr	0.06326769948642554
