Values	total	status	pValue
Min.	1	AfrAmr	0.7744912334824735
1st Qu.	5	AfrAmr	0.7744912334824735
Median	6	AfrAmr	0.7744912334824735
Mean	8.33333333333333	AfrAmr	0.7744912334824735
3rd Qu.	9	AfrAmr	0.7744912334824735
Max.	22	AfrAmr	0.7744912334824735
Min.	0	EurAmr	0.7744912334824735
1st Qu.	3	EurAmr	0.7744912334824735
Median	5	EurAmr	0.7744912334824735
Mean	9.73714285714286	EurAmr	0.7744912334824735
3rd Qu.	11	EurAmr	0.7744912334824735
Max.	70	EurAmr	0.7744912334824735
