Values	total	status	pValue
Min.	1	AfrAmr	0.2782800920296071
1st Qu.	1	AfrAmr	0.2782800920296071
Median	1	AfrAmr	0.2782800920296071
Mean	1	AfrAmr	0.2782800920296071
3rd Qu.	1	AfrAmr	0.2782800920296071
Max.	1	AfrAmr	0.2782800920296071
Min.	0	EurAmr	0.2782800920296071
1st Qu.	1	EurAmr	0.2782800920296071
Median	2	EurAmr	0.2782800920296071
Mean	2.29090909090909	EurAmr	0.2782800920296071
3rd Qu.	3	EurAmr	0.2782800920296071
Max.	10	EurAmr	0.2782800920296071
