Values	total	status	pValue
Min.	6	AfrAmr	0.3760258488996613
1st Qu.	7	AfrAmr	0.3760258488996613
Median	7	AfrAmr	0.3760258488996613
Mean	9.6	AfrAmr	0.3760258488996613
3rd Qu.	11	AfrAmr	0.3760258488996613
Max.	17	AfrAmr	0.3760258488996613
Min.	0	EurAmr	0.3760258488996613
1st Qu.	3.5	EurAmr	0.3760258488996613
Median	5	EurAmr	0.3760258488996613
Mean	10.5272727272727	EurAmr	0.3760258488996613
3rd Qu.	16	EurAmr	0.3760258488996613
Max.	64	EurAmr	0.3760258488996613
