Values	total	status	pValue
Min.	0	AfrAmr	0.869833613565101
1st Qu.	0	AfrAmr	0.869833613565101
Median	1	AfrAmr	0.869833613565101
Mean	3.33333333333333	AfrAmr	0.869833613565101
3rd Qu.	6	AfrAmr	0.869833613565101
Max.	13	AfrAmr	0.869833613565101
Min.	0	EurAmr	0.869833613565101
1st Qu.	0	EurAmr	0.869833613565101
Median	2	EurAmr	0.869833613565101
Mean	2.26285714285714	EurAmr	0.869833613565101
3rd Qu.	3	EurAmr	0.869833613565101
Max.	16	EurAmr	0.869833613565101
