Values	total	status	pValue
Min.	10	AfrAmr	0.06687159737946187
1st Qu.	12	AfrAmr	0.06687159737946187
Median	18	AfrAmr	0.06687159737946187
Mean	24.2	AfrAmr	0.06687159737946187
3rd Qu.	24	AfrAmr	0.06687159737946187
Max.	57	AfrAmr	0.06687159737946187
Min.	0	EurAmr	0.06687159737946187
1st Qu.	22.5	EurAmr	0.06687159737946187
Median	46	EurAmr	0.06687159737946187
Mean	63.9272727272727	EurAmr	0.06687159737946187
3rd Qu.	80	EurAmr	0.06687159737946187
Max.	298	EurAmr	0.06687159737946187
