Values	total	status	pValue
Min.	1	AfrAmr	0.8978477609000932
1st Qu.	10	AfrAmr	0.8978477609000932
Median	26	AfrAmr	0.8978477609000932
Mean	27.8888888888889	AfrAmr	0.8978477609000932
3rd Qu.	47	AfrAmr	0.8978477609000932
Max.	57	AfrAmr	0.8978477609000932
Min.	0	EurAmr	0.8978477609000932
1st Qu.	9.5	EurAmr	0.8978477609000932
Median	25	EurAmr	0.8978477609000932
Mean	37.76	EurAmr	0.8978477609000932
3rd Qu.	45	EurAmr	0.8978477609000932
Max.	291	EurAmr	0.8978477609000932
