Values	total	status	pValue
Min.	1	AfrAmr	0.6829733594548582
1st Qu.	2	AfrAmr	0.6829733594548582
Median	2	AfrAmr	0.6829733594548582
Mean	2	AfrAmr	0.6829733594548582
3rd Qu.	2	AfrAmr	0.6829733594548582
Max.	3	AfrAmr	0.6829733594548582
Min.	0	EurAmr	0.6829733594548582
1st Qu.	0	EurAmr	0.6829733594548582
Median	2	EurAmr	0.6829733594548582
Mean	2.94545454545455	EurAmr	0.6829733594548582
3rd Qu.	4	EurAmr	0.6829733594548582
Max.	13	EurAmr	0.6829733594548582
