Values	total	status	pValue
Min.	0	AfrAmr	0.18329080044034582
1st Qu.	2.25	AfrAmr	0.18329080044034582
Median	3	AfrAmr	0.18329080044034582
Mean	2.5	AfrAmr	0.18329080044034582
3rd Qu.	3.25	AfrAmr	0.18329080044034582
Max.	4	AfrAmr	0.18329080044034582
Min.	0	EurAmr	0.18329080044034582
1st Qu.	0	EurAmr	0.18329080044034582
Median	1	EurAmr	0.18329080044034582
Mean	1.73333333333333	EurAmr	0.18329080044034582
3rd Qu.	2	EurAmr	0.18329080044034582
Max.	22	EurAmr	0.18329080044034582
