Values	total	status	pValue
Min.	8	AfrAmr	0.26190476190476186
1st Qu.	8.5	AfrAmr	0.26190476190476186
Median	9	AfrAmr	0.26190476190476186
Mean	10.3333333333333	AfrAmr	0.26190476190476186
3rd Qu.	11.5	AfrAmr	0.26190476190476186
Max.	14	AfrAmr	0.26190476190476186
Min.	0	EurAmr	0.26190476190476186
1st Qu.	4.25	EurAmr	0.26190476190476186
Median	6	EurAmr	0.26190476190476186
Mean	6.33333333333333	EurAmr	0.26190476190476186
3rd Qu.	9.25	EurAmr	0.26190476190476186
Max.	12	EurAmr	0.26190476190476186
