Values	total	status	pValue
Min.	8	AfrAmr	0.09497673145930936
1st Qu.	8.75	AfrAmr	0.09497673145930936
Median	9.5	AfrAmr	0.09497673145930936
Mean	10.25	AfrAmr	0.09497673145930936
3rd Qu.	11	AfrAmr	0.09497673145930936
Max.	14	AfrAmr	0.09497673145930936
Min.	0	EurAmr	0.09497673145930936
1st Qu.	3.75	EurAmr	0.09497673145930936
Median	5.5	EurAmr	0.09497673145930936
Mean	6.91666666666667	EurAmr	0.09497673145930936
3rd Qu.	11	EurAmr	0.09497673145930936
Max.	34	EurAmr	0.09497673145930936
