Values	total	status	pValue
Min.	1	AfrAmr	0.03878783396537306
1st Qu.	4.5	AfrAmr	0.03878783396537306
Median	11	AfrAmr	0.03878783396537306
Mean	17.0526315789474	AfrAmr	0.03878783396537306
3rd Qu.	20.5	AfrAmr	0.03878783396537306
Max.	85	AfrAmr	0.03878783396537306
Min.	0	EurAmr	0.03878783396537306
1st Qu.	7	EurAmr	0.03878783396537306
Median	18	EurAmr	0.03878783396537306
Mean	35.7764705882353	EurAmr	0.03878783396537306
3rd Qu.	54	EurAmr	0.03878783396537306
Max.	200	EurAmr	0.03878783396537306
