Values	total	status	pValue
Min.	1	AfrAmr	0.2352730431068726
1st Qu.	2	AfrAmr	0.2352730431068726
Median	3	AfrAmr	0.2352730431068726
Mean	3	AfrAmr	0.2352730431068726
3rd Qu.	4	AfrAmr	0.2352730431068726
Max.	5	AfrAmr	0.2352730431068726
Min.	0	EurAmr	0.2352730431068726
1st Qu.	0.25	EurAmr	0.2352730431068726
Median	1	EurAmr	0.2352730431068726
Mean	1.33333333333333	EurAmr	0.2352730431068726
3rd Qu.	1.75	EurAmr	0.2352730431068726
Max.	4	EurAmr	0.2352730431068726
