Values	total	status	pValue
Min.	2	AfrAmr	0.029107500043809697
1st Qu.	7	AfrAmr	0.029107500043809697
Median	10.5	AfrAmr	0.029107500043809697
Mean	10.5	AfrAmr	0.029107500043809697
3rd Qu.	11.75	AfrAmr	0.029107500043809697
Max.	22	AfrAmr	0.029107500043809697
Min.	0	EurAmr	0.029107500043809697
1st Qu.	2	EurAmr	0.029107500043809697
Median	4	EurAmr	0.029107500043809697
Mean	5.26548672566372	EurAmr	0.029107500043809697
3rd Qu.	7	EurAmr	0.029107500043809697
Max.	27	EurAmr	0.029107500043809697
