Values	total	status	pValue
Min.	6	AfrAmr	0.5556374210366315
1st Qu.	13.25	AfrAmr	0.5556374210366315
Median	16	AfrAmr	0.5556374210366315
Mean	16.1666666666667	AfrAmr	0.5556374210366315
3rd Qu.	21.75	AfrAmr	0.5556374210366315
Max.	23	AfrAmr	0.5556374210366315
Min.	0	EurAmr	0.5556374210366315
1st Qu.	11	EurAmr	0.5556374210366315
Median	18	EurAmr	0.5556374210366315
Mean	21.0796460176991	EurAmr	0.5556374210366315
3rd Qu.	27	EurAmr	0.5556374210366315
Max.	150	EurAmr	0.5556374210366315
