Values	total	status	pValue
Min.	1	AfrAmr	0.5224555255613548
1st Qu.	2	AfrAmr	0.5224555255613548
Median	2.5	AfrAmr	0.5224555255613548
Mean	2.83333333333333	AfrAmr	0.5224555255613548
3rd Qu.	3.75	AfrAmr	0.5224555255613548
Max.	5	AfrAmr	0.5224555255613548
Min.	0	EurAmr	0.5224555255613548
1st Qu.	1	EurAmr	0.5224555255613548
Median	2	EurAmr	0.5224555255613548
Mean	2.63716814159292	EurAmr	0.5224555255613548
3rd Qu.	4	EurAmr	0.5224555255613548
Max.	9	EurAmr	0.5224555255613548
