Values	total	status	pValue
Min.	0	AfrAmr	0.06463489159619733
1st Qu.	3.5	AfrAmr	0.06463489159619733
Median	8	AfrAmr	0.06463489159619733
Mean	11.5263157894737	AfrAmr	0.06463489159619733
3rd Qu.	15	AfrAmr	0.06463489159619733
Max.	55	AfrAmr	0.06463489159619733
Min.	0	EurAmr	0.06463489159619733
1st Qu.	6	EurAmr	0.06463489159619733
Median	13	EurAmr	0.06463489159619733
Mean	19.8352941176471	EurAmr	0.06463489159619733
3rd Qu.	25	EurAmr	0.06463489159619733
Max.	197	EurAmr	0.06463489159619733
