Values	total	status	pValue
Min.	3	AfrAmr	0.015951306621066013
1st Qu.	4.5	AfrAmr	0.015951306621066013
Median	5	AfrAmr	0.015951306621066013
Mean	4.75	AfrAmr	0.015951306621066013
3rd Qu.	5.25	AfrAmr	0.015951306621066013
Max.	6	AfrAmr	0.015951306621066013
Min.	0	EurAmr	0.015951306621066013
1st Qu.	1	EurAmr	0.015951306621066013
Median	2	EurAmr	0.015951306621066013
Mean	2.55	EurAmr	0.015951306621066013
3rd Qu.	3	EurAmr	0.015951306621066013
Max.	27	EurAmr	0.015951306621066013
