Values	total	status	pValue
Min.	0	AfrAmr	0.25204411657133097
1st Qu.	1.75	AfrAmr	0.25204411657133097
Median	5	AfrAmr	0.25204411657133097
Mean	4.33333333333333	AfrAmr	0.25204411657133097
3rd Qu.	6.75	AfrAmr	0.25204411657133097
Max.	8	AfrAmr	0.25204411657133097
Min.	0	EurAmr	0.25204411657133097
1st Qu.	1	EurAmr	0.25204411657133097
Median	2	EurAmr	0.25204411657133097
Mean	2.92035398230089	EurAmr	0.25204411657133097
3rd Qu.	4	EurAmr	0.25204411657133097
Max.	18	EurAmr	0.25204411657133097
