Values	total	status	pValue
Min.	1	AfrAmr	0.19702482831659265
1st Qu.	3	AfrAmr	0.19702482831659265
Median	7	AfrAmr	0.19702482831659265
Mean	6.63157894736842	AfrAmr	0.19702482831659265
3rd Qu.	9	AfrAmr	0.19702482831659265
Max.	22	AfrAmr	0.19702482831659265
Min.	0	EurAmr	0.19702482831659265
1st Qu.	3	EurAmr	0.19702482831659265
Median	7	EurAmr	0.19702482831659265
Mean	11.2470588235294	EurAmr	0.19702482831659265
3rd Qu.	17	EurAmr	0.19702482831659265
Max.	73	EurAmr	0.19702482831659265
