Values	total	status	pValue
Min.	15	AfrAmr	0.8703812897873844
1st Qu.	15.5	AfrAmr	0.8703812897873844
Median	16	AfrAmr	0.8703812897873844
Mean	24	AfrAmr	0.8703812897873844
3rd Qu.	28.5	AfrAmr	0.8703812897873844
Max.	41	AfrAmr	0.8703812897873844
Min.	3	EurAmr	0.8703812897873844
1st Qu.	12	EurAmr	0.8703812897873844
Median	18	EurAmr	0.8703812897873844
Mean	26.1219512195122	EurAmr	0.8703812897873844
3rd Qu.	31	EurAmr	0.8703812897873844
Max.	152	EurAmr	0.8703812897873844
