Values	total	status	pValue
Min.	18	AfrAmr	0.5980165425053532
1st Qu.	25.5	AfrAmr	0.5980165425053532
Median	28.5	AfrAmr	0.5980165425053532
Mean	36	AfrAmr	0.5980165425053532
3rd Qu.	39	AfrAmr	0.5980165425053532
Max.	69	AfrAmr	0.5980165425053532
Min.	6	EurAmr	0.5980165425053532
1st Qu.	17.75	EurAmr	0.5980165425053532
Median	26.5	EurAmr	0.5980165425053532
Mean	45.8333333333333	EurAmr	0.5980165425053532
3rd Qu.	38.25	EurAmr	0.5980165425053532
Max.	948	EurAmr	0.5980165425053532
