Values	total	status	pValue
Min.	0	AfrAmr	0.5856863246974998
1st Qu.	0	AfrAmr	0.5856863246974998
Median	0	AfrAmr	0.5856863246974998
Mean	0.333333333333333	AfrAmr	0.5856863246974998
3rd Qu.	0.5	AfrAmr	0.5856863246974998
Max.	1	AfrAmr	0.5856863246974998
Min.	0	EurAmr	0.5856863246974998
1st Qu.	0	EurAmr	0.5856863246974998
Median	0	EurAmr	0.5856863246974998
Mean	0.707317073170732	EurAmr	0.5856863246974998
3rd Qu.	1	EurAmr	0.5856863246974998
Max.	6	EurAmr	0.5856863246974998
