Values	total	status	pValue
Min.	0	AfrAmr	0.31844644266268557
1st Qu.	0	AfrAmr	0.31844644266268557
Median	0	AfrAmr	0.31844644266268557
Mean	0.25	AfrAmr	0.31844644266268557
3rd Qu.	0.25	AfrAmr	0.31844644266268557
Max.	1	AfrAmr	0.31844644266268557
Min.	0	EurAmr	0.31844644266268557
1st Qu.	0	EurAmr	0.31844644266268557
Median	0	EurAmr	0.31844644266268557
Mean	0.793103448275862	EurAmr	0.31844644266268557
3rd Qu.	1	EurAmr	0.31844644266268557
Max.	7	EurAmr	0.31844644266268557
