Values	total	status	pValue
Min.	0	AfrAmr	0.2786928531901278
1st Qu.	1	AfrAmr	0.2786928531901278
Median	2	AfrAmr	0.2786928531901278
Mean	2.65384615384615	AfrAmr	0.2786928531901278
3rd Qu.	4	AfrAmr	0.2786928531901278
Max.	13	AfrAmr	0.2786928531901278
Min.	0	EurAmr	0.2786928531901278
1st Qu.	1	EurAmr	0.2786928531901278
Median	2	EurAmr	0.2786928531901278
Mean	2.91544117647059	EurAmr	0.2786928531901278
3rd Qu.	4	EurAmr	0.2786928531901278
Max.	12	EurAmr	0.2786928531901278
