Values	total	status	pValue
Min.	0	AfrAmr	0.9529925894808436
1st Qu.	1	AfrAmr	0.9529925894808436
Median	3	AfrAmr	0.9529925894808436
Mean	2.65384615384615	AfrAmr	0.9529925894808436
3rd Qu.	4	AfrAmr	0.9529925894808436
Max.	9	AfrAmr	0.9529925894808436
Min.	0	EurAmr	0.9529925894808436
1st Qu.	1	EurAmr	0.9529925894808436
Median	2	EurAmr	0.9529925894808436
Mean	2.57720588235294	EurAmr	0.9529925894808436
3rd Qu.	4	EurAmr	0.9529925894808436
Max.	11	EurAmr	0.9529925894808436
