Values	total	status	pValue
Min.	0	AfrAmr	0.7205077070107759
1st Qu.	1	AfrAmr	0.7205077070107759
Median	2	AfrAmr	0.7205077070107759
Mean	2.6271186440678	AfrAmr	0.7205077070107759
3rd Qu.	3	AfrAmr	0.7205077070107759
Max.	13	AfrAmr	0.7205077070107759
Min.	0	EurAmr	0.7205077070107759
1st Qu.	1	EurAmr	0.7205077070107759
Median	2	EurAmr	0.7205077070107759
Mean	2.54773869346734	EurAmr	0.7205077070107759
3rd Qu.	3	EurAmr	0.7205077070107759
Max.	14	EurAmr	0.7205077070107759
