Values	total	status	pValue
Min.	1	AfrAmr	0.02904092658019286
1st Qu.	7.25	AfrAmr	0.02904092658019286
Median	19.5	AfrAmr	0.02904092658019286
Mean	22.1764705882353	AfrAmr	0.02904092658019286
3rd Qu.	31.75	AfrAmr	0.02904092658019286
Max.	71	AfrAmr	0.02904092658019286
Min.	0	EurAmr	0.02904092658019286
1st Qu.	3	EurAmr	0.02904092658019286
Median	10	EurAmr	0.02904092658019286
Mean	17.1666666666667	EurAmr	0.02904092658019286
3rd Qu.	26	EurAmr	0.02904092658019286
Max.	123	EurAmr	0.02904092658019286
