Values	total	status	pValue
Min.	0	AfrAmr	0.17210452595093287
1st Qu.	1.75	AfrAmr	0.17210452595093287
Median	12	AfrAmr	0.17210452595093287
Mean	17.7857142857143	AfrAmr	0.17210452595093287
3rd Qu.	21.25	AfrAmr	0.17210452595093287
Max.	96	AfrAmr	0.17210452595093287
Min.	0	EurAmr	0.17210452595093287
1st Qu.	2	EurAmr	0.17210452595093287
Median	5	EurAmr	0.17210452595093287
Mean	9.37984496124031	EurAmr	0.17210452595093287
3rd Qu.	12	EurAmr	0.17210452595093287
Max.	102	EurAmr	0.17210452595093287
