Values	total	status	pValue
Min.	0	AfrAmr	0.7674793220013874
1st Qu.	9.5	AfrAmr	0.7674793220013874
Median	21.5	AfrAmr	0.7674793220013874
Mean	26.1428571428571	AfrAmr	0.7674793220013874
3rd Qu.	32.75	AfrAmr	0.7674793220013874
Max.	106	AfrAmr	0.7674793220013874
Min.	0	EurAmr	0.7674793220013874
1st Qu.	9	EurAmr	0.7674793220013874
Median	15	EurAmr	0.7674793220013874
Mean	23.7984496124031	EurAmr	0.7674793220013874
3rd Qu.	30	EurAmr	0.7674793220013874
Max.	156	EurAmr	0.7674793220013874
