Values	total	status	pValue
Min.	0	AfrAmr	0.6582435321872389
1st Qu.	2.75	AfrAmr	0.6582435321872389
Median	12.5	AfrAmr	0.6582435321872389
Mean	16.8571428571429	AfrAmr	0.6582435321872389
3rd Qu.	19.75	AfrAmr	0.6582435321872389
Max.	92	AfrAmr	0.6582435321872389
Min.	0	EurAmr	0.6582435321872389
1st Qu.	2	EurAmr	0.6582435321872389
Median	8	EurAmr	0.6582435321872389
Mean	13.8217054263566	EurAmr	0.6582435321872389
3rd Qu.	19	EurAmr	0.6582435321872389
Max.	99	EurAmr	0.6582435321872389
