Values	total	status	pValue
Min.	0	AfrAmr	0.10825430172614142
1st Qu.	4	AfrAmr	0.10825430172614142
Median	9.5	AfrAmr	0.10825430172614142
Mean	11.7058823529412	AfrAmr	0.10825430172614142
3rd Qu.	16	AfrAmr	0.10825430172614142
Max.	54	AfrAmr	0.10825430172614142
Min.	0	EurAmr	0.10825430172614142
1st Qu.	2	EurAmr	0.10825430172614142
Median	6	EurAmr	0.10825430172614142
Mean	9.3640350877193	EurAmr	0.10825430172614142
3rd Qu.	13.25	EurAmr	0.10825430172614142
Max.	60	EurAmr	0.10825430172614142
