Values	total	status	pValue
Min.	0	AfrAmr	0.35002702570028144
1st Qu.	6.5	AfrAmr	0.35002702570028144
Median	17.5	AfrAmr	0.35002702570028144
Mean	25.3235294117647	AfrAmr	0.35002702570028144
3rd Qu.	31	AfrAmr	0.35002702570028144
Max.	108	AfrAmr	0.35002702570028144
Min.	0	EurAmr	0.35002702570028144
1st Qu.	4	EurAmr	0.35002702570028144
Median	13	EurAmr	0.35002702570028144
Mean	21.140350877193	EurAmr	0.35002702570028144
3rd Qu.	29	EurAmr	0.35002702570028144
Max.	120	EurAmr	0.35002702570028144
