Values	total	status	pValue
Min.	0	AfrAmr	0.4478695625914354
1st Qu.	2	AfrAmr	0.4478695625914354
Median	9.5	AfrAmr	0.4478695625914354
Mean	11.5	AfrAmr	0.4478695625914354
3rd Qu.	12	AfrAmr	0.4478695625914354
Max.	47	AfrAmr	0.4478695625914354
Min.	0	EurAmr	0.4478695625914354
1st Qu.	3	EurAmr	0.4478695625914354
Median	6	EurAmr	0.4478695625914354
Mean	8.23255813953488	EurAmr	0.4478695625914354
3rd Qu.	12	EurAmr	0.4478695625914354
Max.	41	EurAmr	0.4478695625914354
