Values	total	status	pValue
Min.	1	AfrAmr	0.1793248522838746
1st Qu.	5.75	AfrAmr	0.1793248522838746
Median	13.5	AfrAmr	0.1793248522838746
Mean	16.7647058823529	AfrAmr	0.1793248522838746
3rd Qu.	25	AfrAmr	0.1793248522838746
Max.	59	AfrAmr	0.1793248522838746
Min.	0	EurAmr	0.1793248522838746
1st Qu.	4	EurAmr	0.1793248522838746
Median	10	EurAmr	0.1793248522838746
Mean	14.8333333333333	EurAmr	0.1793248522838746
3rd Qu.	21	EurAmr	0.1793248522838746
Max.	115	EurAmr	0.1793248522838746
