Values	total	status	pValue
Min.	18	AfrAmr	0.3053871517704647
1st Qu.	23.5	AfrAmr	0.3053871517704647
Median	62	AfrAmr	0.3053871517704647
Mean	58.7142857142857	AfrAmr	0.3053871517704647
3rd Qu.	90	AfrAmr	0.3053871517704647
Max.	104	AfrAmr	0.3053871517704647
Min.	4	EurAmr	0.3053871517704647
1st Qu.	22.5	EurAmr	0.3053871517704647
Median	35	EurAmr	0.3053871517704647
Mean	43.7083333333333	EurAmr	0.3053871517704647
3rd Qu.	61.25	EurAmr	0.3053871517704647
Max.	148	EurAmr	0.3053871517704647
