Values	total	status	pValue
Min.	1	AfrAmr	0.6746824035957744
1st Qu.	5.5	AfrAmr	0.6746824035957744
Median	12	AfrAmr	0.6746824035957744
Mean	14.7894736842105	AfrAmr	0.6746824035957744
3rd Qu.	23.5	AfrAmr	0.6746824035957744
Max.	37	AfrAmr	0.6746824035957744
Min.	0	EurAmr	0.6746824035957744
1st Qu.	8	EurAmr	0.6746824035957744
Median	13	EurAmr	0.6746824035957744
Mean	16.5170454545455	EurAmr	0.6746824035957744
3rd Qu.	22	EurAmr	0.6746824035957744
Max.	89	EurAmr	0.6746824035957744
