Values	total	status	pValue
Min.	2	AfrAmr	0.0993031685636053
1st Qu.	4.5	AfrAmr	0.0993031685636053
Median	8	AfrAmr	0.0993031685636053
Mean	7.89473684210526	AfrAmr	0.0993031685636053
3rd Qu.	10.5	AfrAmr	0.0993031685636053
Max.	14	AfrAmr	0.0993031685636053
Min.	1	EurAmr	0.0993031685636053
1st Qu.	6	EurAmr	0.0993031685636053
Median	9	EurAmr	0.0993031685636053
Mean	11.5511363636364	EurAmr	0.0993031685636053
3rd Qu.	14	EurAmr	0.0993031685636053
Max.	103	EurAmr	0.0993031685636053
