Values	total	status	pValue
Min.	13	AfrAmr	0.25369737673794895
1st Qu.	17.5	AfrAmr	0.25369737673794895
Median	25	AfrAmr	0.25369737673794895
Mean	27.7142857142857	AfrAmr	0.25369737673794895
3rd Qu.	36	AfrAmr	0.25369737673794895
Max.	49	AfrAmr	0.25369737673794895
Min.	3	EurAmr	0.25369737673794895
1st Qu.	23.75	EurAmr	0.25369737673794895
Median	32	EurAmr	0.25369737673794895
Mean	40.225	EurAmr	0.25369737673794895
3rd Qu.	46.25	EurAmr	0.25369737673794895
Max.	232	EurAmr	0.25369737673794895
