Values	total	status	pValue
Min.	5	AfrAmr	0.8779669751054249
1st Qu.	7	AfrAmr	0.8779669751054249
Median	9	AfrAmr	0.8779669751054249
Mean	9	AfrAmr	0.8779669751054249
3rd Qu.	11.5	AfrAmr	0.8779669751054249
Max.	12	AfrAmr	0.8779669751054249
Min.	0	EurAmr	0.8779669751054249
1st Qu.	6	EurAmr	0.8779669751054249
Median	9	EurAmr	0.8779669751054249
Mean	10.0333333333333	EurAmr	0.8779669751054249
3rd Qu.	12.25	EurAmr	0.8779669751054249
Max.	69	EurAmr	0.8779669751054249
