Values	total	status	pValue
Min.	1	AfrAmr	0.808276134655381
1st Qu.	2	AfrAmr	0.808276134655381
Median	3	AfrAmr	0.808276134655381
Mean	5	AfrAmr	0.808276134655381
3rd Qu.	5	AfrAmr	0.808276134655381
Max.	28	AfrAmr	0.808276134655381
Min.	0	EurAmr	0.808276134655381
1st Qu.	2	EurAmr	0.808276134655381
Median	3	EurAmr	0.808276134655381
Mean	5.89908256880734	EurAmr	0.808276134655381
3rd Qu.	6	EurAmr	0.808276134655381
Max.	125	EurAmr	0.808276134655381
