Values	total	status	pValue
Min.	0	AfrAmr	0.007933968220767602
1st Qu.	3	AfrAmr	0.007933968220767602
Median	8	AfrAmr	0.007933968220767602
Mean	11.4313725490196	AfrAmr	0.007933968220767602
3rd Qu.	14.5	AfrAmr	0.007933968220767602
Max.	57	AfrAmr	0.007933968220767602
Min.	0	EurAmr	0.007933968220767602
1st Qu.	1	EurAmr	0.007933968220767602
Median	5	EurAmr	0.007933968220767602
Mean	7.7109375	EurAmr	0.007933968220767602
3rd Qu.	11	EurAmr	0.007933968220767602
Max.	60	EurAmr	0.007933968220767602
