Values	total	status	pValue
Min.	0	AfrAmr	0.28695238167006915
1st Qu.	1	AfrAmr	0.28695238167006915
Median	3	AfrAmr	0.28695238167006915
Mean	3.13559322033898	AfrAmr	0.28695238167006915
3rd Qu.	4.5	AfrAmr	0.28695238167006915
Max.	10	AfrAmr	0.28695238167006915
Min.	0	EurAmr	0.28695238167006915
1st Qu.	2	EurAmr	0.28695238167006915
Median	3	EurAmr	0.28695238167006915
Mean	3.37185929648241	EurAmr	0.28695238167006915
3rd Qu.	5	EurAmr	0.28695238167006915
Max.	11	EurAmr	0.28695238167006915
