Values	total	status	pValue
Min.	1	AfrAmr	0.5374136202523885
1st Qu.	1.75	AfrAmr	0.5374136202523885
Median	2.5	AfrAmr	0.5374136202523885
Mean	2.25	AfrAmr	0.5374136202523885
3rd Qu.	3	AfrAmr	0.5374136202523885
Max.	3	AfrAmr	0.5374136202523885
Min.	0	EurAmr	0.5374136202523885
1st Qu.	0	EurAmr	0.5374136202523885
Median	2	EurAmr	0.5374136202523885
Mean	8.26515151515152	EurAmr	0.5374136202523885
3rd Qu.	3	EurAmr	0.5374136202523885
Max.	833	EurAmr	0.5374136202523885
