Values	total	status	pValue
Min.	3	AfrAmr	0.5219524360511911
1st Qu.	19	AfrAmr	0.5219524360511911
Median	34	AfrAmr	0.5219524360511911
Mean	35.1379310344828	AfrAmr	0.5219524360511911
3rd Qu.	49	AfrAmr	0.5219524360511911
Max.	100	AfrAmr	0.5219524360511911
Min.	0	EurAmr	0.5219524360511911
1st Qu.	17	EurAmr	0.5219524360511911
Median	27	EurAmr	0.5219524360511911
Mean	34.4561403508772	EurAmr	0.5219524360511911
3rd Qu.	44	EurAmr	0.5219524360511911
Max.	247	EurAmr	0.5219524360511911
