Values	total	status	pValue
Min.	0	AfrAmr	0.25024458106215547
1st Qu.	1.5	AfrAmr	0.25024458106215547
Median	3	AfrAmr	0.25024458106215547
Mean	3.67796610169492	AfrAmr	0.25024458106215547
3rd Qu.	5	AfrAmr	0.25024458106215547
Max.	11	AfrAmr	0.25024458106215547
Min.	0	EurAmr	0.25024458106215547
1st Qu.	2	EurAmr	0.25024458106215547
Median	4	EurAmr	0.25024458106215547
Mean	4.16582914572864	EurAmr	0.25024458106215547
3rd Qu.	6	EurAmr	0.25024458106215547
Max.	18	EurAmr	0.25024458106215547
