Values	total	status	pValue
Min.	0	AfrAmr	0.6829424037881875
1st Qu.	4	AfrAmr	0.6829424037881875
Median	7	AfrAmr	0.6829424037881875
Mean	9.11538461538461	AfrAmr	0.6829424037881875
3rd Qu.	10	AfrAmr	0.6829424037881875
Max.	92	AfrAmr	0.6829424037881875
Min.	0	EurAmr	0.6829424037881875
1st Qu.	5	EurAmr	0.6829424037881875
Median	7	EurAmr	0.6829424037881875
Mean	7.77205882352941	EurAmr	0.6829424037881875
3rd Qu.	10	EurAmr	0.6829424037881875
Max.	24	EurAmr	0.6829424037881875
