Values	total	status	pValue
Min.	3	AfrAmr	0.6750318510615977
1st Qu.	4.5	AfrAmr	0.6750318510615977
Median	6	AfrAmr	0.6750318510615977
Mean	9.5	AfrAmr	0.6750318510615977
3rd Qu.	11	AfrAmr	0.6750318510615977
Max.	23	AfrAmr	0.6750318510615977
Min.	0	EurAmr	0.6750318510615977
1st Qu.	4.75	EurAmr	0.6750318510615977
Median	9.5	EurAmr	0.6750318510615977
Mean	44.8257575757576	EurAmr	0.6750318510615977
3rd Qu.	13.25	EurAmr	0.6750318510615977
Max.	4673	EurAmr	0.6750318510615977
