Values	total	status	pValue
Min.	0	AfrAmr	0.5849279323900685
1st Qu.	1	AfrAmr	0.5849279323900685
Median	4	AfrAmr	0.5849279323900685
Mean	8.15384615384615	AfrAmr	0.5849279323900685
3rd Qu.	11	AfrAmr	0.5849279323900685
Max.	34	AfrAmr	0.5849279323900685
Min.	0	EurAmr	0.5849279323900685
1st Qu.	2	EurAmr	0.5849279323900685
Median	5	EurAmr	0.5849279323900685
Mean	10.4592592592593	EurAmr	0.5849279323900685
3rd Qu.	14	EurAmr	0.5849279323900685
Max.	266	EurAmr	0.5849279323900685
