Values	total	status	pValue
Min.	0	AfrAmr	0.5006342062809761
1st Qu.	1	AfrAmr	0.5006342062809761
Median	3	AfrAmr	0.5006342062809761
Mean	3.47457627118644	AfrAmr	0.5006342062809761
3rd Qu.	5.5	AfrAmr	0.5006342062809761
Max.	10	AfrAmr	0.5006342062809761
Min.	0	EurAmr	0.5006342062809761
1st Qu.	2	EurAmr	0.5006342062809761
Median	3	EurAmr	0.5006342062809761
Mean	3.66331658291457	EurAmr	0.5006342062809761
3rd Qu.	5	EurAmr	0.5006342062809761
Max.	11	EurAmr	0.5006342062809761
