Values	total	status	pValue
Min.	4	AfrAmr	0.8695863075461989
1st Qu.	13	AfrAmr	0.8695863075461989
Median	18	AfrAmr	0.8695863075461989
Mean	19.8275862068966	AfrAmr	0.8695863075461989
3rd Qu.	25	AfrAmr	0.8695863075461989
Max.	50	AfrAmr	0.8695863075461989
Min.	0	EurAmr	0.8695863075461989
1st Qu.	11	EurAmr	0.8695863075461989
Median	18	EurAmr	0.8695863075461989
Mean	23.093567251462	EurAmr	0.8695863075461989
3rd Qu.	28	EurAmr	0.8695863075461989
Max.	148	EurAmr	0.8695863075461989
