Values	total	status	pValue
Min.	0	AfrAmr	0.4146379536156449
1st Qu.	4.5	AfrAmr	0.4146379536156449
Median	16	AfrAmr	0.4146379536156449
Mean	21.0869565217391	AfrAmr	0.4146379536156449
3rd Qu.	32.5	AfrAmr	0.4146379536156449
Max.	61	AfrAmr	0.4146379536156449
Min.	0	EurAmr	0.4146379536156449
1st Qu.	8	EurAmr	0.4146379536156449
Median	19	EurAmr	0.4146379536156449
Mean	28.3425076452599	EurAmr	0.4146379536156449
3rd Qu.	33.5	EurAmr	0.4146379536156449
Max.	218	EurAmr	0.4146379536156449
