Values	total	status	pValue
Min.	11	AfrAmr	0.6847232140335113
1st Qu.	18	AfrAmr	0.6847232140335113
Median	20	AfrAmr	0.6847232140335113
Mean	84.3846153846154	AfrAmr	0.6847232140335113
3rd Qu.	25	AfrAmr	0.6847232140335113
Max.	471	AfrAmr	0.6847232140335113
Min.	0	EurAmr	0.6847232140335113
1st Qu.	15	EurAmr	0.6847232140335113
Median	26	EurAmr	0.6847232140335113
Mean	88.4333333333333	EurAmr	0.6847232140335113
3rd Qu.	43.75	EurAmr	0.6847232140335113
Max.	2472	EurAmr	0.6847232140335113
