Values	total	status	pValue
Min.	10	AfrAmr	0.2045547711220849
1st Qu.	20	AfrAmr	0.2045547711220849
Median	41	AfrAmr	0.2045547711220849
Mean	43.5652173913044	AfrAmr	0.2045547711220849
3rd Qu.	57	AfrAmr	0.2045547711220849
Max.	101	AfrAmr	0.2045547711220849
Min.	0	EurAmr	0.2045547711220849
1st Qu.	25	EurAmr	0.2045547711220849
Median	45	EurAmr	0.2045547711220849
Mean	71.3425076452599	EurAmr	0.2045547711220849
3rd Qu.	79.5	EurAmr	0.2045547711220849
Max.	1041	EurAmr	0.2045547711220849
