Values	total	status	pValue
Min.	0	AfrAmr	0.29687605931998995
1st Qu.	1	AfrAmr	0.29687605931998995
Median	3	AfrAmr	0.29687605931998995
Mean	5.53846153846154	AfrAmr	0.29687605931998995
3rd Qu.	7	AfrAmr	0.29687605931998995
Max.	25	AfrAmr	0.29687605931998995
Min.	0	EurAmr	0.29687605931998995
1st Qu.	1	EurAmr	0.29687605931998995
Median	4.5	EurAmr	0.29687605931998995
Mean	8.5	EurAmr	0.29687605931998995
3rd Qu.	11	EurAmr	0.29687605931998995
Max.	206	EurAmr	0.29687605931998995
