Values	total	status	pValue
Min.	2	AfrAmr	0.6537912080027254
1st Qu.	5	AfrAmr	0.6537912080027254
Median	5	AfrAmr	0.6537912080027254
Mean	13	AfrAmr	0.6537912080027254
3rd Qu.	9	AfrAmr	0.6537912080027254
Max.	61	AfrAmr	0.6537912080027254
Min.	0	EurAmr	0.6537912080027254
1st Qu.	3	EurAmr	0.6537912080027254
Median	6	EurAmr	0.6537912080027254
Mean	15.2925925925926	EurAmr	0.6537912080027254
3rd Qu.	13	EurAmr	0.6537912080027254
Max.	553	EurAmr	0.6537912080027254
