Values	total	status	pValue
Min.	0	AfrAmr	0.5111071497370305
1st Qu.	1	AfrAmr	0.5111071497370305
Median	2	AfrAmr	0.5111071497370305
Mean	2.875	AfrAmr	0.5111071497370305
3rd Qu.	4.25	AfrAmr	0.5111071497370305
Max.	8	AfrAmr	0.5111071497370305
Min.	0	EurAmr	0.5111071497370305
1st Qu.	1	EurAmr	0.5111071497370305
Median	2	EurAmr	0.5111071497370305
Mean	2.92178770949721	EurAmr	0.5111071497370305
3rd Qu.	3	EurAmr	0.5111071497370305
Max.	82	EurAmr	0.5111071497370305
