Values	total	status	pValue
Min.	6	AfrAmr	0.6577627176704306
1st Qu.	17	AfrAmr	0.6577627176704306
Median	24	AfrAmr	0.6577627176704306
Mean	26.2127659574468	AfrAmr	0.6577627176704306
3rd Qu.	29.5	AfrAmr	0.6577627176704306
Max.	69	AfrAmr	0.6577627176704306
Min.	0	EurAmr	0.6577627176704306
1st Qu.	15	EurAmr	0.6577627176704306
Median	24	EurAmr	0.6577627176704306
Mean	35.6558891454965	EurAmr	0.6577627176704306
3rd Qu.	37	EurAmr	0.6577627176704306
Max.	948	EurAmr	0.6577627176704306
