Values	total	status	pValue
Min.	2	AfrAmr	0.8347735788204087
1st Qu.	3	AfrAmr	0.8347735788204087
Median	5	AfrAmr	0.8347735788204087
Mean	12.3846153846154	AfrAmr	0.8347735788204087
3rd Qu.	10	AfrAmr	0.8347735788204087
Max.	61	AfrAmr	0.8347735788204087
Min.	0	EurAmr	0.8347735788204087
1st Qu.	3	EurAmr	0.8347735788204087
Median	6	EurAmr	0.8347735788204087
Mean	14.8814814814815	EurAmr	0.8347735788204087
3rd Qu.	12.75	EurAmr	0.8347735788204087
Max.	508	EurAmr	0.8347735788204087
