Values	total	status	pValue
Min.	0	AfrAmr	0.3028068047044393
1st Qu.	9	AfrAmr	0.3028068047044393
Median	27	AfrAmr	0.3028068047044393
Mean	33.9019607843137	AfrAmr	0.3028068047044393
3rd Qu.	46	AfrAmr	0.3028068047044393
Max.	148	AfrAmr	0.3028068047044393
Min.	0	EurAmr	0.3028068047044393
1st Qu.	10	EurAmr	0.3028068047044393
Median	20.5	EurAmr	0.3028068047044393
Mean	30.3463541666667	EurAmr	0.3028068047044393
3rd Qu.	36	EurAmr	0.3028068047044393
Max.	243	EurAmr	0.3028068047044393
