Values	total	status	pValue
Min.	0	AfrAmr	0.28305434972019416
1st Qu.	1	AfrAmr	0.28305434972019416
Median	2	AfrAmr	0.28305434972019416
Mean	2.84615384615385	AfrAmr	0.28305434972019416
3rd Qu.	5	AfrAmr	0.28305434972019416
Max.	12	AfrAmr	0.28305434972019416
Min.	0	EurAmr	0.28305434972019416
1st Qu.	1	EurAmr	0.28305434972019416
Median	3	EurAmr	0.28305434972019416
Mean	5.14444444444444	EurAmr	0.28305434972019416
3rd Qu.	6	EurAmr	0.28305434972019416
Max.	114	EurAmr	0.28305434972019416
