Values	total	status	pValue
Min.	0	AfrAmr	0.20536796895292042
1st Qu.	0	AfrAmr	0.20536796895292042
Median	0.5	AfrAmr	0.20536796895292042
Mean	0.75	AfrAmr	0.20536796895292042
3rd Qu.	1.25	AfrAmr	0.20536796895292042
Max.	2	AfrAmr	0.20536796895292042
Min.	0	EurAmr	0.20536796895292042
1st Qu.	0	EurAmr	0.20536796895292042
Median	1	EurAmr	0.20536796895292042
Mean	12.719696969697	EurAmr	0.20536796895292042
3rd Qu.	3	EurAmr	0.20536796895292042
Max.	1452	EurAmr	0.20536796895292042
