Values	total	status	pValue
Min.	0	AfrAmr	0.012389406642499877
1st Qu.	1	AfrAmr	0.012389406642499877
Median	3	AfrAmr	0.012389406642499877
Mean	3.12765957446809	AfrAmr	0.012389406642499877
3rd Qu.	4	AfrAmr	0.012389406642499877
Max.	14	AfrAmr	0.012389406642499877
Min.	0	EurAmr	0.012389406642499877
1st Qu.	0	EurAmr	0.012389406642499877
Median	1	EurAmr	0.012389406642499877
Mean	3.02309468822171	EurAmr	0.012389406642499877
3rd Qu.	3	EurAmr	0.012389406642499877
Max.	70	EurAmr	0.012389406642499877
