Values	total	status	pValue
Min.	1	AfrAmr	0.4670793086838949
1st Qu.	1.75	AfrAmr	0.4670793086838949
Median	2.5	AfrAmr	0.4670793086838949
Mean	2.25	AfrAmr	0.4670793086838949
3rd Qu.	3	AfrAmr	0.4670793086838949
Max.	3	AfrAmr	0.4670793086838949
Min.	0	EurAmr	0.4670793086838949
1st Qu.	0	EurAmr	0.4670793086838949
Median	2	EurAmr	0.4670793086838949
Mean	10.4791666666667	EurAmr	0.4670793086838949
3rd Qu.	3	EurAmr	0.4670793086838949
Max.	833	EurAmr	0.4670793086838949
