Values	total	status	pValue
Min.	0	AfrAmr	0.17982671317797727
1st Qu.	0	AfrAmr	0.17982671317797727
Median	0.5	AfrAmr	0.17982671317797727
Mean	0.75	AfrAmr	0.17982671317797727
3rd Qu.	1.25	AfrAmr	0.17982671317797727
Max.	2	AfrAmr	0.17982671317797727
Min.	0	EurAmr	0.17982671317797727
1st Qu.	0.75	EurAmr	0.17982671317797727
Median	2	EurAmr	0.17982671317797727
Mean	16.8541666666667	EurAmr	0.17982671317797727
3rd Qu.	3	EurAmr	0.17982671317797727
Max.	1452	EurAmr	0.17982671317797727
