Values	total	status	pValue
Min.	4	AfrAmr	0.5548572849393761
1st Qu.	5.5	AfrAmr	0.5548572849393761
Median	11.5	AfrAmr	0.5548572849393761
Mean	12.5	AfrAmr	0.5548572849393761
3rd Qu.	18.5	AfrAmr	0.5548572849393761
Max.	23	AfrAmr	0.5548572849393761
Min.	0	EurAmr	0.5548572849393761
1st Qu.	5	EurAmr	0.5548572849393761
Median	10	EurAmr	0.5548572849393761
Mean	58.4270833333333	EurAmr	0.5548572849393761
3rd Qu.	13.25	EurAmr	0.5548572849393761
Max.	4652	EurAmr	0.5548572849393761
