Values	total	status	pValue
Min.	0	AfrAmr	0.23091652632283247
1st Qu.	0.75	AfrAmr	0.23091652632283247
Median	1	AfrAmr	0.23091652632283247
Mean	0.75	AfrAmr	0.23091652632283247
3rd Qu.	1	AfrAmr	0.23091652632283247
Max.	1	AfrAmr	0.23091652632283247
Min.	0	EurAmr	0.23091652632283247
1st Qu.	0	EurAmr	0.23091652632283247
Median	0	EurAmr	0.23091652632283247
Mean	6.23958333333333	EurAmr	0.23091652632283247
3rd Qu.	1	EurAmr	0.23091652632283247
Max.	549	EurAmr	0.23091652632283247
