Values	total	status	pValue
Min.	3	AfrAmr	0.621773093456781
1st Qu.	4.5	AfrAmr	0.621773093456781
Median	6	AfrAmr	0.621773093456781
Mean	9.5	AfrAmr	0.621773093456781
3rd Qu.	11	AfrAmr	0.621773093456781
Max.	23	AfrAmr	0.621773093456781
Min.	0	EurAmr	0.621773093456781
1st Qu.	6	EurAmr	0.621773093456781
Median	9	EurAmr	0.621773093456781
Mean	58.2395833333333	EurAmr	0.621773093456781
3rd Qu.	13.25	EurAmr	0.621773093456781
Max.	4673	EurAmr	0.621773093456781
