Values	total	status	pValue
Min.	0	AfrAmr	0.6623158382896059
1st Qu.	0	AfrAmr	0.6623158382896059
Median	0	AfrAmr	0.6623158382896059
Mean	0.5	AfrAmr	0.6623158382896059
3rd Qu.	0.5	AfrAmr	0.6623158382896059
Max.	2	AfrAmr	0.6623158382896059
Min.	0	EurAmr	0.6623158382896059
1st Qu.	0	EurAmr	0.6623158382896059
Median	0	EurAmr	0.6623158382896059
Mean	1.51041666666667	EurAmr	0.6623158382896059
3rd Qu.	1	EurAmr	0.6623158382896059
Max.	89	EurAmr	0.6623158382896059
