Values	total	status	pValue
Min.	1	AfrAmr	0.7245028612855177
1st Qu.	1.75	AfrAmr	0.7245028612855177
Median	3.5	AfrAmr	0.7245028612855177
Mean	10.5	AfrAmr	0.7245028612855177
3rd Qu.	12.25	AfrAmr	0.7245028612855177
Max.	34	AfrAmr	0.7245028612855177
Min.	0	EurAmr	0.7245028612855177
1st Qu.	2	EurAmr	0.7245028612855177
Median	6	EurAmr	0.7245028612855177
Mean	12.7826086956522	EurAmr	0.7245028612855177
3rd Qu.	19	EurAmr	0.7245028612855177
Max.	73	EurAmr	0.7245028612855177
