Values	total	status	pValue
Min.	0	AfrAmr	0.2508337421960791
1st Qu.	0	AfrAmr	0.2508337421960791
Median	1	AfrAmr	0.2508337421960791
Mean	2	AfrAmr	0.2508337421960791
3rd Qu.	3	AfrAmr	0.2508337421960791
Max.	6	AfrAmr	0.2508337421960791
Min.	0	EurAmr	0.2508337421960791
1st Qu.	1	EurAmr	0.2508337421960791
Median	3	EurAmr	0.2508337421960791
Mean	6.15942028985507	EurAmr	0.2508337421960791
3rd Qu.	7	EurAmr	0.2508337421960791
Max.	89	EurAmr	0.2508337421960791
