Values	total	status	pValue
Min.	1	AfrAmr	0.8367696253852512
1st Qu.	1	AfrAmr	0.8367696253852512
Median	3	AfrAmr	0.8367696253852512
Mean	3.8	AfrAmr	0.8367696253852512
3rd Qu.	5	AfrAmr	0.8367696253852512
Max.	9	AfrAmr	0.8367696253852512
Min.	0	EurAmr	0.8367696253852512
1st Qu.	2	EurAmr	0.8367696253852512
Median	3	EurAmr	0.8367696253852512
Mean	4.6231884057971	EurAmr	0.8367696253852512
3rd Qu.	7	EurAmr	0.8367696253852512
Max.	22	EurAmr	0.8367696253852512
