Values	total	status	pValue
Min.	0	NS	0.07674609993674342
1st Qu.	4	NS	0.07674609993674342
Median	8	NS	0.07674609993674342
Mean	11.6875	NS	0.07674609993674342
3rd Qu.	14	NS	0.07674609993674342
Max.	79	NS	0.07674609993674342
Min.	0	S	0.07674609993674342
1st Qu.	6	S	0.07674609993674342
Median	10	S	0.07674609993674342
Mean	12.704	S	0.07674609993674342
3rd Qu.	14	S	0.07674609993674342
Max.	82	S	0.07674609993674342
