Values	total	status	pValue
Min.	0	NS	0.4347240007286429
1st Qu.	1.5	NS	0.4347240007286429
Median	3	NS	0.4347240007286429
Mean	5	NS	0.4347240007286429
3rd Qu.	7.5	NS	0.4347240007286429
Max.	12	NS	0.4347240007286429
Min.	3	S	0.4347240007286429
1st Qu.	7.25	S	0.4347240007286429
Median	9.5	S	0.4347240007286429
Mean	9	S	0.4347240007286429
3rd Qu.	11	S	0.4347240007286429
Max.	14	S	0.4347240007286429
