Values	total	status	pValue
Min.	0	NS	0.09359295450822855
1st Qu.	1	NS	0.09359295450822855
Median	2	NS	0.09359295450822855
Mean	2.76190476190476	NS	0.09359295450822855
3rd Qu.	4	NS	0.09359295450822855
Max.	8	NS	0.09359295450822855
Min.	0	S	0.09359295450822855
1st Qu.	2	S	0.09359295450822855
Median	3	S	0.09359295450822855
Mean	4.60869565217391	S	0.09359295450822855
3rd Qu.	6.5	S	0.09359295450822855
Max.	22	S	0.09359295450822855
