Values	total	status	pValue
Min.	2	NS	0.923242104445583
1st Qu.	7	NS	0.923242104445583
Median	11	NS	0.923242104445583
Mean	16.6285714285714	NS	0.923242104445583
3rd Qu.	18	NS	0.923242104445583
Max.	128	NS	0.923242104445583
Min.	1	S	0.923242104445583
1st Qu.	6	S	0.923242104445583
Median	13	S	0.923242104445583
Mean	16.8533333333333	S	0.923242104445583
3rd Qu.	20.5	S	0.923242104445583
Max.	118	S	0.923242104445583
