Values	total	status	pValue
Min.	14	NS	0.02066472346927958
1st Qu.	30.25	NS	0.02066472346927958
Median	36.5	NS	0.02066472346927958
Mean	109.875	NS	0.02066472346927958
3rd Qu.	49.5	NS	0.02066472346927958
Max.	637	NS	0.02066472346927958
Min.	6	S	0.02066472346927958
1st Qu.	15	S	0.02066472346927958
Median	20	S	0.02066472346927958
Mean	20.7272727272727	S	0.02066472346927958
3rd Qu.	26	S	0.02066472346927958
Max.	39	S	0.02066472346927958
