Values	total	status	pValue
Min.	11	NS	0.7726559815097136
1st Qu.	25	NS	0.7726559815097136
Median	34	NS	0.7726559815097136
Mean	41.1428571428571	NS	0.7726559815097136
3rd Qu.	38.5	NS	0.7726559815097136
Max.	214	NS	0.7726559815097136
Min.	5	S	0.7726559815097136
1st Qu.	21	S	0.7726559815097136
Median	31	S	0.7726559815097136
Mean	40.0533333333333	S	0.7726559815097136
3rd Qu.	51.5	S	0.7726559815097136
Max.	117	S	0.7726559815097136
