Values	total	status	pValue
Min.	0	NS	0.36982084571270896
1st Qu.	1	NS	0.36982084571270896
Median	2	NS	0.36982084571270896
Mean	3.75892857142857	NS	0.36982084571270896
3rd Qu.	4	NS	0.36982084571270896
Max.	51	NS	0.36982084571270896
Min.	0	S	0.36982084571270896
1st Qu.	1	S	0.36982084571270896
Median	3	S	0.36982084571270896
Mean	4.464	S	0.36982084571270896
3rd Qu.	6	S	0.36982084571270896
Max.	26	S	0.36982084571270896
