Values	total	status	pValue
Min.	27	NS	0.08725632348799368
1st Qu.	39.5	NS	0.08725632348799368
Median	45	NS	0.08725632348799368
Mean	98.5454545454545	NS	0.08725632348799368
3rd Qu.	103	NS	0.08725632348799368
Max.	340	NS	0.08725632348799368
Min.	10	S	0.08725632348799368
1st Qu.	24	S	0.08725632348799368
Median	31	S	0.08725632348799368
Mean	51.7777777777778	S	0.08725632348799368
3rd Qu.	63	S	0.08725632348799368
Max.	176	S	0.08725632348799368
