Values	total	status	pValue
Min.	0	NS	0.04751865580624085
1st Qu.	0	NS	0.04751865580624085
Median	2	NS	0.04751865580624085
Mean	3.14285714285714	NS	0.04751865580624085
3rd Qu.	4.5	NS	0.04751865580624085
Max.	16	NS	0.04751865580624085
Min.	0	S	0.04751865580624085
1st Qu.	2	S	0.04751865580624085
Median	3	S	0.04751865580624085
Mean	3.92	S	0.04751865580624085
3rd Qu.	5	S	0.04751865580624085
Max.	19	S	0.04751865580624085
