Values	total	status	pValue
Min.	12	NS	0.05805301030235739
1st Qu.	27	NS	0.05805301030235739
Median	37	NS	0.05805301030235739
Mean	41.695652173913	NS	0.05805301030235739
3rd Qu.	50	NS	0.05805301030235739
Max.	112	NS	0.05805301030235739
Min.	7	S	0.05805301030235739
1st Qu.	25	S	0.05805301030235739
Median	29	S	0.05805301030235739
Mean	29.3333333333333	S	0.05805301030235739
3rd Qu.	35.5	S	0.05805301030235739
Max.	53	S	0.05805301030235739
