Values	total	status	pValue
Min.	0	NS	0.7716076152325264
1st Qu.	1	NS	0.7716076152325264
Median	3	NS	0.7716076152325264
Mean	3.21739130434783	NS	0.7716076152325264
3rd Qu.	5	NS	0.7716076152325264
Max.	11	NS	0.7716076152325264
Min.	0	S	0.7716076152325264
1st Qu.	1	S	0.7716076152325264
Median	2.5	S	0.7716076152325264
Mean	2.8	S	0.7716076152325264
3rd Qu.	4	S	0.7716076152325264
Max.	8	S	0.7716076152325264
