Values	total	status	pValue
Min.	0	NS	0.4903980445696023
1st Qu.	1	NS	0.4903980445696023
Median	1	NS	0.4903980445696023
Mean	1.54545454545455	NS	0.4903980445696023
3rd Qu.	2	NS	0.4903980445696023
Max.	7	NS	0.4903980445696023
Min.	0	S	0.4903980445696023
1st Qu.	1	S	0.4903980445696023
Median	2	S	0.4903980445696023
Mean	3.09090909090909	S	0.4903980445696023
3rd Qu.	2.5	S	0.4903980445696023
Max.	19	S	0.4903980445696023
