Values	total	status	pValue
Min.	0	NS	0.05435088273459749
1st Qu.	1	NS	0.05435088273459749
Median	3	NS	0.05435088273459749
Mean	2.91707317073171	NS	0.05435088273459749
3rd Qu.	4	NS	0.05435088273459749
Max.	11	NS	0.05435088273459749
Min.	0	S	0.05435088273459749
1st Qu.	2	S	0.05435088273459749
Median	3	S	0.05435088273459749
Mean	3.67105263157895	S	0.05435088273459749
3rd Qu.	5	S	0.05435088273459749
Max.	13	S	0.05435088273459749
