Values	total	status	pValue
Min.	0	NS	0.003611532648752814
1st Qu.	2	NS	0.003611532648752814
Median	4	NS	0.003611532648752814
Mean	3.80487804878049	NS	0.003611532648752814
3rd Qu.	5	NS	0.003611532648752814
Max.	11	NS	0.003611532648752814
Min.	0	S	0.003611532648752814
1st Qu.	2	S	0.003611532648752814
Median	5	S	0.003611532648752814
Mean	5.22368421052632	S	0.003611532648752814
3rd Qu.	7	S	0.003611532648752814
Max.	18	S	0.003611532648752814
