Values	total	status	pValue
Min.	11	NS	0.34285714285714286
1st Qu.	23.75	NS	0.34285714285714286
Median	35	NS	0.34285714285714286
Mean	31	NS	0.34285714285714286
3rd Qu.	42.25	NS	0.34285714285714286
Max.	43	NS	0.34285714285714286
Min.	1	S	0.34285714285714286
1st Qu.	22	S	0.34285714285714286
Median	26	S	0.34285714285714286
Mean	25.8181818181818	S	0.34285714285714286
3rd Qu.	32	S	0.34285714285714286
Max.	39	S	0.34285714285714286
