Values	total	status	pValue
Min.	1	NS	0.041973105300900204
1st Qu.	1	NS	0.041973105300900204
Median	1	NS	0.041973105300900204
Mean	11.6666666666667	NS	0.041973105300900204
3rd Qu.	17	NS	0.041973105300900204
Max.	33	NS	0.041973105300900204
Min.	6	S	0.041973105300900204
1st Qu.	20.75	S	0.041973105300900204
Median	41.5	S	0.041973105300900204
Mean	52.875	S	0.041973105300900204
3rd Qu.	61	S	0.041973105300900204
Max.	217	S	0.041973105300900204
