Values	total	status	pValue
Min.	6	NS	0.5314631535185652
1st Qu.	24.75	NS	0.5314631535185652
Median	35	NS	0.5314631535185652
Mean	43.0263157894737	NS	0.5314631535185652
3rd Qu.	46.5	NS	0.5314631535185652
Max.	151	NS	0.5314631535185652
Min.	1	S	0.5314631535185652
1st Qu.	23	S	0.5314631535185652
Median	33	S	0.5314631535185652
Mean	55.3853211009174	S	0.5314631535185652
3rd Qu.	44	S	0.5314631535185652
Max.	1786	S	0.5314631535185652
