Values	total	status	pValue
Min.	4	NS	0.3781911776287468
1st Qu.	11.5	NS	0.3781911776287468
Median	17	NS	0.3781911776287468
Mean	25.2142857142857	NS	0.3781911776287468
3rd Qu.	27.5	NS	0.3781911776287468
Max.	190	NS	0.3781911776287468
Min.	0	S	0.3781911776287468
1st Qu.	12	S	0.3781911776287468
Median	20	S	0.3781911776287468
Mean	24.9510489510489	S	0.3781911776287468
3rd Qu.	31	S	0.3781911776287468
Max.	143	S	0.3781911776287468
