Values	total	status	pValue
Min.	2	NS	0.8955669975005294
1st Qu.	10.25	NS	0.8955669975005294
Median	14	NS	0.8955669975005294
Mean	11.5	NS	0.8955669975005294
3rd Qu.	15.25	NS	0.8955669975005294
Max.	16	NS	0.8955669975005294
Min.	0	S	0.8955669975005294
1st Qu.	10.5	S	0.8955669975005294
Median	13	S	0.8955669975005294
Mean	13.1818181818182	S	0.8955669975005294
3rd Qu.	14.5	S	0.8955669975005294
Max.	28	S	0.8955669975005294
