Values	total	status	pValue
Min.	0	NS	0.1780938147044035
1st Qu.	1	NS	0.1780938147044035
Median	1.5	NS	0.1780938147044035
Mean	2.4	NS	0.1780938147044035
3rd Qu.	2.75	NS	0.1780938147044035
Max.	8	NS	0.1780938147044035
Min.	0	S	0.1780938147044035
1st Qu.	1.5	S	0.1780938147044035
Median	4	S	0.1780938147044035
Mean	4.53333333333333	S	0.1780938147044035
3rd Qu.	5	S	0.1780938147044035
Max.	22	S	0.1780938147044035
