Values	total	status	pValue
Min.	0	NS	0.7566151745656305
1st Qu.	0	NS	0.7566151745656305
Median	1	NS	0.7566151745656305
Mean	1.46280991735537	NS	0.7566151745656305
3rd Qu.	2	NS	0.7566151745656305
Max.	5	NS	0.7566151745656305
Min.	0	S	0.7566151745656305
1st Qu.	0	S	0.7566151745656305
Median	1	S	0.7566151745656305
Mean	16.0545454545455	S	0.7566151745656305
3rd Qu.	2	S	0.7566151745656305
Max.	806	S	0.7566151745656305
