Values	total	status	pValue
Min.	0	NS	0.3721235738966188
1st Qu.	12	NS	0.3721235738966188
Median	20.5	NS	0.3721235738966188
Mean	25.5540540540541	NS	0.3721235738966188
3rd Qu.	27	NS	0.3721235738966188
Max.	190	NS	0.3721235738966188
Min.	0	S	0.3721235738966188
1st Qu.	12	S	0.3721235738966188
Median	20	S	0.3721235738966188
Mean	25.0719424460432	S	0.3721235738966188
3rd Qu.	31	S	0.3721235738966188
Max.	275	S	0.3721235738966188
