Values	total	status	pValue
Min.	0	NS	0.24956637761633416
1st Qu.	0	NS	0.24956637761633416
Median	0	NS	0.24956637761633416
Mean	0.461538461538462	NS	0.24956637761633416
3rd Qu.	1	NS	0.24956637761633416
Max.	2	NS	0.24956637761633416
Min.	0	S	0.24956637761633416
1st Qu.	0	S	0.24956637761633416
Median	1	S	0.24956637761633416
Mean	1.2	S	0.24956637761633416
3rd Qu.	2	S	0.24956637761633416
Max.	3	S	0.24956637761633416
