Values	total	status	pValue
Min.	0	NS	0.3820583341682514
1st Qu.	17	NS	0.3820583341682514
Median	26	NS	0.3820583341682514
Mean	31.4054054054054	NS	0.3820583341682514
3rd Qu.	41.25	NS	0.3820583341682514
Max.	135	NS	0.3820583341682514
Min.	0	S	0.3820583341682514
1st Qu.	18	S	0.3820583341682514
Median	28	S	0.3820583341682514
Mean	34.779376498801	S	0.3820583341682514
3rd Qu.	46	S	0.3820583341682514
Max.	253	S	0.3820583341682514
