Values	total	status	pValue
Min.	0	NS	0.0012325113465965658
1st Qu.	4	NS	0.0012325113465965658
Median	6	NS	0.0012325113465965658
Mean	10.310502283105	NS	0.0012325113465965658
3rd Qu.	10	NS	0.0012325113465965658
Max.	137	NS	0.0012325113465965658
Min.	0	S	0.0012325113465965658
1st Qu.	4	S	0.0012325113465965658
Median	8	S	0.0012325113465965658
Mean	15.6979166666667	S	0.0012325113465965658
3rd Qu.	13	S	0.0012325113465965658
Max.	189	S	0.0012325113465965658
