Values	total	status	pValue
Min.	0	NS	0.0021693120696016964
1st Qu.	4	NS	0.0021693120696016964
Median	7	NS	0.0021693120696016964
Mean	7.45238095238095	NS	0.0021693120696016964
3rd Qu.	10.75	NS	0.0021693120696016964
Max.	18	NS	0.0021693120696016964
Min.	2	S	0.0021693120696016964
1st Qu.	7	S	0.0021693120696016964
Median	9	S	0.0021693120696016964
Mean	9.65116279069767	S	0.0021693120696016964
3rd Qu.	11.5	S	0.0021693120696016964
Max.	19	S	0.0021693120696016964
