Values	total	status	pValue
Min.	4	NS	0.7809672134682103
1st Qu.	10	NS	0.7809672134682103
Median	21	NS	0.7809672134682103
Mean	25.551724137931	NS	0.7809672134682103
3rd Qu.	27	NS	0.7809672134682103
Max.	155	NS	0.7809672134682103
Min.	0	S	0.7809672134682103
1st Qu.	11	S	0.7809672134682103
Median	19	S	0.7809672134682103
Mean	25.2380952380952	S	0.7809672134682103
3rd Qu.	28	S	0.7809672134682103
Max.	275	S	0.7809672134682103
