Values	total	status	pValue
Min.	0	NS	0.29138712334472533
1st Qu.	4	NS	0.29138712334472533
Median	7	NS	0.29138712334472533
Mean	8.58108108108108	NS	0.29138712334472533
3rd Qu.	11	NS	0.29138712334472533
Max.	40	NS	0.29138712334472533
Min.	0	S	0.29138712334472533
1st Qu.	5	S	0.29138712334472533
Median	8	S	0.29138712334472533
Mean	8.84172661870504	S	0.29138712334472533
3rd Qu.	12	S	0.29138712334472533
Max.	43	S	0.29138712334472533
