Values	total	status	pValue
Min.	0	NS	0.1092600557638731
1st Qu.	1	NS	0.1092600557638731
Median	3	NS	0.1092600557638731
Mean	3.2027027027027	NS	0.1092600557638731
3rd Qu.	4	NS	0.1092600557638731
Max.	22	NS	0.1092600557638731
Min.	0	S	0.1092600557638731
1st Qu.	2	S	0.1092600557638731
Median	3	S	0.1092600557638731
Mean	3.61151079136691	S	0.1092600557638731
3rd Qu.	5	S	0.1092600557638731
Max.	22	S	0.1092600557638731
