Values	total	status	pValue
Min.	0	NS	0.003945702469374482
1st Qu.	2	NS	0.003945702469374482
Median	4	NS	0.003945702469374482
Mean	4.5	NS	0.003945702469374482
3rd Qu.	7	NS	0.003945702469374482
Max.	12	NS	0.003945702469374482
Min.	0	S	0.003945702469374482
1st Qu.	4	S	0.003945702469374482
Median	6	S	0.003945702469374482
Mean	6.13953488372093	S	0.003945702469374482
3rd Qu.	8	S	0.003945702469374482
Max.	14	S	0.003945702469374482
