Values	total	status	pValue
Min.	0	NS	0.0860928524356185
1st Qu.	3	NS	0.0860928524356185
Median	4	NS	0.0860928524356185
Mean	4.98181818181818	NS	0.0860928524356185
3rd Qu.	7	NS	0.0860928524356185
Max.	15	NS	0.0860928524356185
Min.	0	S	0.0860928524356185
1st Qu.	3.5	S	0.0860928524356185
Median	8	S	0.0860928524356185
Mean	35.1818181818182	S	0.0860928524356185
3rd Qu.	9	S	0.0860928524356185
Max.	326	S	0.0860928524356185
