Values	total	status	pValue
Min.	0	NS	0.03754424455950045
1st Qu.	1	NS	0.03754424455950045
Median	2	NS	0.03754424455950045
Mean	2.97073170731707	NS	0.03754424455950045
3rd Qu.	4	NS	0.03754424455950045
Max.	11	NS	0.03754424455950045
Min.	0	S	0.03754424455950045
1st Qu.	2	S	0.03754424455950045
Median	3	S	0.03754424455950045
Mean	3.47368421052632	S	0.03754424455950045
3rd Qu.	4	S	0.03754424455950045
Max.	12	S	0.03754424455950045
