Values	total	status	pValue
Min.	0	NS	0.7666579913209874
1st Qu.	0	NS	0.7666579913209874
Median	0	NS	0.7666579913209874
Mean	0.363636363636364	NS	0.7666579913209874
3rd Qu.	1	NS	0.7666579913209874
Max.	1	NS	0.7666579913209874
Min.	0	S	0.7666579913209874
1st Qu.	0	S	0.7666579913209874
Median	0	S	0.7666579913209874
Mean	0.666666666666667	S	0.7666579913209874
3rd Qu.	1.5	S	0.7666579913209874
Max.	2	S	0.7666579913209874
