Values	total	status	pValue
Min.	0	NS	0.3427578541873729
1st Qu.	9	NS	0.3427578541873729
Median	12	NS	0.3427578541873729
Mean	13.2298850574713	NS	0.3427578541873729
3rd Qu.	16	NS	0.3427578541873729
Max.	45	NS	0.3427578541873729
Min.	0	S	0.3427578541873729
1st Qu.	7	S	0.3427578541873729
Median	10	S	0.3427578541873729
Mean	135.512195121951	S	0.3427578541873729
3rd Qu.	17	S	0.3427578541873729
Max.	5083	S	0.3427578541873729
