Values	total	status	pValue
Min.	0	NS	0.9001862433968701
1st Qu.	0	NS	0.9001862433968701
Median	1	NS	0.9001862433968701
Mean	0.977011494252874	NS	0.9001862433968701
3rd Qu.	1	NS	0.9001862433968701
Max.	7	NS	0.9001862433968701
Min.	0	S	0.9001862433968701
1st Qu.	0	S	0.9001862433968701
Median	1	S	0.9001862433968701
Mean	2.51219512195122	S	0.9001862433968701
3rd Qu.	1	S	0.9001862433968701
Max.	70	S	0.9001862433968701
