Values	total	status	pValue
Min.	0	NS	0.7586823954941571
1st Qu.	0	NS	0.7586823954941571
Median	3	NS	0.7586823954941571
Mean	2.81818181818182	NS	0.7586823954941571
3rd Qu.	5	NS	0.7586823954941571
Max.	6	NS	0.7586823954941571
Min.	0	S	0.7586823954941571
1st Qu.	1.25	S	0.7586823954941571
Median	2	S	0.7586823954941571
Mean	2.33333333333333	S	0.7586823954941571
3rd Qu.	3.5	S	0.7586823954941571
Max.	5	S	0.7586823954941571
