Values	total	status	pValue
Min.	20	smoker	0.5614754721205455
1st Qu.	20	smoker	0.5614754721205455
Median	20	smoker	0.5614754721205455
Mean	20	smoker	0.5614754721205455
3rd Qu.	20	smoker	0.5614754721205455
Max.	20	smoker	0.5614754721205455
Min.	6	non-smoker	0.5614754721205455
1st Qu.	14.25	non-smoker	0.5614754721205455
Median	17.5	non-smoker	0.5614754721205455
Mean	18.5	non-smoker	0.5614754721205455
3rd Qu.	21.75	non-smoker	0.5614754721205455
Max.	33	non-smoker	0.5614754721205455
