Values	total	status	pValue
Min.	32	smoker	0.4771905132756191
1st Qu.	55.5	smoker	0.4771905132756191
Median	62.5	smoker	0.4771905132756191
Mean	63.5	smoker	0.4771905132756191
3rd Qu.	80	smoker	0.4771905132756191
Max.	85	smoker	0.4771905132756191
Min.	21	non-smoker	0.4771905132756191
1st Qu.	37.5	non-smoker	0.4771905132756191
Median	47	non-smoker	0.4771905132756191
Mean	56	non-smoker	0.4771905132756191
3rd Qu.	69.75	non-smoker	0.4771905132756191
Max.	108	non-smoker	0.4771905132756191
