Values	total	status	pValue
Min.	0	NS	0.5312705041871084
1st Qu.	1	NS	0.5312705041871084
Median	2	NS	0.5312705041871084
Mean	2.17391304347826	NS	0.5312705041871084
3rd Qu.	2.5	NS	0.5312705041871084
Max.	7	NS	0.5312705041871084
Min.	0	S	0.5312705041871084
1st Qu.	1	S	0.5312705041871084
Median	1.5	S	0.5312705041871084
Mean	1.83333333333333	S	0.5312705041871084
3rd Qu.	2.75	S	0.5312705041871084
Max.	5	S	0.5312705041871084
