NS	S	info
0.17997356782522195	0.10252601159130163	rsquared values comparing age vs mutational burden
