NS	S	info
0.14203896368899277	0.22409430138860645	rsquared values comparing age vs mutational burden
