NS	S	info
0.006673014742835895	1.8300245440133554e-5	rsquared values comparing age vs mutational burden
