Values	total	status	pValue
Min.	0	NS	0.8991128513934125
1st Qu.	4	NS	0.8991128513934125
Median	6	NS	0.8991128513934125
Mean	9.14814814814815	NS	0.8991128513934125
3rd Qu.	14	NS	0.8991128513934125
Max.	25	NS	0.8991128513934125
Min.	0	S	0.8991128513934125
1st Qu.	3	S	0.8991128513934125
Median	7	S	0.8991128513934125
Mean	9.89473684210526	S	0.8991128513934125
3rd Qu.	13.75	S	0.8991128513934125
Max.	42	S	0.8991128513934125
