Values	total	status	pValue
Min.	0	NS	0.6288288897939808
1st Qu.	1	NS	0.6288288897939808
Median	4	NS	0.6288288897939808
Mean	9.71428571428571	NS	0.6288288897939808
3rd Qu.	12	NS	0.6288288897939808
Max.	75	NS	0.6288288897939808
Min.	0	S	0.6288288897939808
1st Qu.	2	S	0.6288288897939808
Median	5	S	0.6288288897939808
Mean	10.8695652173913	S	0.6288288897939808
3rd Qu.	12	S	0.6288288897939808
Max.	56	S	0.6288288897939808
