Values	total	status	pValue
Min.	1	NS	0.5206286407010259
1st Qu.	5.5	NS	0.5206286407010259
Median	9	NS	0.5206286407010259
Mean	19.6571428571429	NS	0.5206286407010259
3rd Qu.	22.5	NS	0.5206286407010259
Max.	206	NS	0.5206286407010259
Min.	0	S	0.5206286407010259
1st Qu.	6	S	0.5206286407010259
Median	13	S	0.5206286407010259
Mean	17.8533333333333	S	0.5206286407010259
3rd Qu.	26	S	0.5206286407010259
Max.	80	S	0.5206286407010259
