Values	total	status	pValue
Min.	0	NS	0.3831740248852313
1st Qu.	1	NS	0.3831740248852313
Median	2	NS	0.3831740248852313
Mean	2.73333333333333	NS	0.3831740248852313
3rd Qu.	3	NS	0.3831740248852313
Max.	9	NS	0.3831740248852313
Min.	0	S	0.3831740248852313
1st Qu.	2.25	S	0.3831740248852313
Median	3	S	0.3831740248852313
Mean	3.33333333333333	S	0.3831740248852313
3rd Qu.	5.25	S	0.3831740248852313
Max.	6	S	0.3831740248852313
