Values	total	status	pValue
Min.	5	NS	0.5328349255136954
1st Qu.	6.75	NS	0.5328349255136954
Median	7.5	NS	0.5328349255136954
Mean	14.5	NS	0.5328349255136954
3rd Qu.	8.5	NS	0.5328349255136954
Max.	65	NS	0.5328349255136954
Min.	1	S	0.5328349255136954
1st Qu.	3.5	S	0.5328349255136954
Median	8	S	0.5328349255136954
Mean	6.45454545454545	S	0.5328349255136954
3rd Qu.	9.5	S	0.5328349255136954
Max.	12	S	0.5328349255136954
