Values	total	status	pValue
Min.	0	NS	0.27885749279904654
1st Qu.	0.5	NS	0.27885749279904654
Median	1	NS	0.27885749279904654
Mean	1	NS	0.27885749279904654
3rd Qu.	1.5	NS	0.27885749279904654
Max.	2	NS	0.27885749279904654
Min.	1	S	0.27885749279904654
1st Qu.	1	S	0.27885749279904654
Median	2	S	0.27885749279904654
Mean	2	S	0.27885749279904654
3rd Qu.	3	S	0.27885749279904654
Max.	3	S	0.27885749279904654
