Values	total	status	pValue
Min.	0	NS	0.7545787545787546
1st Qu.	18.5	NS	0.7545787545787546
Median	43	NS	0.7545787545787546
Mean	99.3333333333333	NS	0.7545787545787546
3rd Qu.	156.75	NS	0.7545787545787546
Max.	305	NS	0.7545787545787546
Min.	27	S	0.7545787545787546
1st Qu.	34.25	S	0.7545787545787546
Median	61	S	0.7545787545787546
Mean	80.75	S	0.7545787545787546
3rd Qu.	82.25	S	0.7545787545787546
Max.	257	S	0.7545787545787546
