Values	total	status	pValue
Min.	0	NS	0.12342508967137818
1st Qu.	0	NS	0.12342508967137818
Median	1	NS	0.12342508967137818
Mean	1.45454545454545	NS	0.12342508967137818
3rd Qu.	2	NS	0.12342508967137818
Max.	6	NS	0.12342508967137818
Min.	0	S	0.12342508967137818
1st Qu.	1	S	0.12342508967137818
Median	2	S	0.12342508967137818
Mean	3	S	0.12342508967137818
3rd Qu.	3	S	0.12342508967137818
Max.	15	S	0.12342508967137818
