Values	total	status	pValue
Min.	0	NS	0.9687315153100717
1st Qu.	0	NS	0.9687315153100717
Median	2	NS	0.9687315153100717
Mean	1.72727272727273	NS	0.9687315153100717
3rd Qu.	3	NS	0.9687315153100717
Max.	4	NS	0.9687315153100717
Min.	0	S	0.9687315153100717
1st Qu.	0	S	0.9687315153100717
Median	2	S	0.9687315153100717
Mean	1.77777777777778	S	0.9687315153100717
3rd Qu.	3	S	0.9687315153100717
Max.	4	S	0.9687315153100717
