Values	total	status	pValue
Min.	0	NS	0.24307058504111348
1st Qu.	0.75	NS	0.24307058504111348
Median	1.5	NS	0.24307058504111348
Mean	2.25	NS	0.24307058504111348
3rd Qu.	3.25	NS	0.24307058504111348
Max.	7	NS	0.24307058504111348
Min.	0	S	0.24307058504111348
1st Qu.	0	S	0.24307058504111348
Median	1	S	0.24307058504111348
Mean	1.07692307692308	S	0.24307058504111348
3rd Qu.	1	S	0.24307058504111348
Max.	5	S	0.24307058504111348
