Values	total	status	pValue
Min.	4	NS	0.004252571849579366
1st Qu.	11.75	NS	0.004252571849579366
Median	18	NS	0.004252571849579366
Mean	18.875	NS	0.004252571849579366
3rd Qu.	20	NS	0.004252571849579366
Max.	50	NS	0.004252571849579366
Min.	0	S	0.004252571849579366
1st Qu.	2	S	0.004252571849579366
Median	3	S	0.004252571849579366
Mean	5.54545454545455	S	0.004252571849579366
3rd Qu.	9	S	0.004252571849579366
Max.	15	S	0.004252571849579366
