Values	total	status	pValue
Min.	0	NS	0.5852473550059724
1st Qu.	1	NS	0.5852473550059724
Median	3	NS	0.5852473550059724
Mean	2.78260869565217	NS	0.5852473550059724
3rd Qu.	3.5	NS	0.5852473550059724
Max.	10	NS	0.5852473550059724
Min.	0	S	0.5852473550059724
1st Qu.	0.25	S	0.5852473550059724
Median	2	S	0.5852473550059724
Mean	2.36666666666667	S	0.5852473550059724
3rd Qu.	4	S	0.5852473550059724
Max.	8	S	0.5852473550059724
