Values	total	status	pValue
Min.	0	AfrAmr	0.4669563981407845
1st Qu.	3	AfrAmr	0.4669563981407845
Median	4.5	AfrAmr	0.4669563981407845
Mean	5.75	AfrAmr	0.4669563981407845
3rd Qu.	7.25	AfrAmr	0.4669563981407845
Max.	14	AfrAmr	0.4669563981407845
Min.	0	EurAmr	0.4669563981407845
1st Qu.	1	EurAmr	0.4669563981407845
Median	2	EurAmr	0.4669563981407845
Mean	4.3695652173913	EurAmr	0.4669563981407845
3rd Qu.	5	EurAmr	0.4669563981407845
Max.	46	EurAmr	0.4669563981407845
