Values	total	status	pValue
Min.	5	AfrAmr	0.04775255108702633
1st Qu.	13	AfrAmr	0.04775255108702633
Median	20	AfrAmr	0.04775255108702633
Mean	21.8	AfrAmr	0.04775255108702633
3rd Qu.	27	AfrAmr	0.04775255108702633
Max.	44	AfrAmr	0.04775255108702633
Min.	3	EurAmr	0.04775255108702633
1st Qu.	23	EurAmr	0.04775255108702633
Median	39	EurAmr	0.04775255108702633
Mean	56.0181818181818	EurAmr	0.04775255108702633
3rd Qu.	79	EurAmr	0.04775255108702633
Max.	297	EurAmr	0.04775255108702633
