Values	total	status	pValue
Min.	1	AfrAmr	0.5999635830455121
1st Qu.	1	AfrAmr	0.5999635830455121
Median	1.5	AfrAmr	0.5999635830455121
Mean	2.75	AfrAmr	0.5999635830455121
3rd Qu.	3.25	AfrAmr	0.5999635830455121
Max.	7	AfrAmr	0.5999635830455121
Min.	0	EurAmr	0.5999635830455121
1st Qu.	0.75	EurAmr	0.5999635830455121
Median	1	EurAmr	0.5999635830455121
Mean	2.21666666666667	EurAmr	0.5999635830455121
3rd Qu.	3	EurAmr	0.5999635830455121
Max.	21	EurAmr	0.5999635830455121
