Values	total	status	pValue
Min.	2	AfrAmr	0.17792515667520567
1st Qu.	6.5	AfrAmr	0.17792515667520567
Median	11	AfrAmr	0.17792515667520567
Mean	11.7368421052632	AfrAmr	0.17792515667520567
3rd Qu.	15.5	AfrAmr	0.17792515667520567
Max.	31	AfrAmr	0.17792515667520567
Min.	0	EurAmr	0.17792515667520567
1st Qu.	8	EurAmr	0.17792515667520567
Median	13	EurAmr	0.17792515667520567
Mean	16.4705882352941	EurAmr	0.17792515667520567
3rd Qu.	22	EurAmr	0.17792515667520567
Max.	66	EurAmr	0.17792515667520567
