Values	total	status	pValue
Min.	2	AfrAmr	0.10388733798508501
1st Qu.	7	AfrAmr	0.10388733798508501
Median	8	AfrAmr	0.10388733798508501
Mean	7.5	AfrAmr	0.10388733798508501
3rd Qu.	9.75	AfrAmr	0.10388733798508501
Max.	10	AfrAmr	0.10388733798508501
Min.	0	EurAmr	0.10388733798508501
1st Qu.	2	EurAmr	0.10388733798508501
Median	5	EurAmr	0.10388733798508501
Mean	5.78070175438596	EurAmr	0.10388733798508501
3rd Qu.	7	EurAmr	0.10388733798508501
Max.	21	EurAmr	0.10388733798508501
