Values	total	status	pValue
Min.	6	AfrAmr	0.6043437544545622
1st Qu.	18.75	AfrAmr	0.6043437544545622
Median	24.5	AfrAmr	0.6043437544545622
Mean	21.8333333333333	AfrAmr	0.6043437544545622
3rd Qu.	28.75	AfrAmr	0.6043437544545622
Max.	29	AfrAmr	0.6043437544545622
Min.	0	EurAmr	0.6043437544545622
1st Qu.	13.5	EurAmr	0.6043437544545622
Median	20	EurAmr	0.6043437544545622
Mean	21.9736842105263	EurAmr	0.6043437544545622
3rd Qu.	26	EurAmr	0.6043437544545622
Max.	128	EurAmr	0.6043437544545622
