Values	total	status	pValue
Min.	7	AfrAmr	0.7863058826245395
1st Qu.	16.75	AfrAmr	0.7863058826245395
Median	22.5	AfrAmr	0.7863058826245395
Mean	20.3333333333333	AfrAmr	0.7863058826245395
3rd Qu.	26	AfrAmr	0.7863058826245395
Max.	28	AfrAmr	0.7863058826245395
Min.	0	EurAmr	0.7863058826245395
1st Qu.	14.25	EurAmr	0.7863058826245395
Median	23.5	EurAmr	0.7863058826245395
Mean	24.5964912280702	EurAmr	0.7863058826245395
3rd Qu.	29.75	EurAmr	0.7863058826245395
Max.	149	EurAmr	0.7863058826245395
