Values	total	status	pValue
Min.	2	AfrAmr	0.8990515616740203
1st Qu.	3	AfrAmr	0.8990515616740203
Median	3.5	AfrAmr	0.8990515616740203
Mean	5.16666666666667	AfrAmr	0.8990515616740203
3rd Qu.	7.75	AfrAmr	0.8990515616740203
Max.	10	AfrAmr	0.8990515616740203
Min.	0	EurAmr	0.8990515616740203
1st Qu.	2	EurAmr	0.8990515616740203
Median	5	EurAmr	0.8990515616740203
Mean	7.64035087719298	EurAmr	0.8990515616740203
3rd Qu.	8.75	EurAmr	0.8990515616740203
Max.	80	EurAmr	0.8990515616740203
