Values	total	status	pValue
Min.	1	AfrAmr	0.1801573781664455
1st Qu.	1	AfrAmr	0.1801573781664455
Median	1	AfrAmr	0.1801573781664455
Mean	1.66666666666667	AfrAmr	0.1801573781664455
3rd Qu.	2	AfrAmr	0.1801573781664455
Max.	3	AfrAmr	0.1801573781664455
Min.	0	EurAmr	0.1801573781664455
1st Qu.	0	EurAmr	0.1801573781664455
Median	1	EurAmr	0.1801573781664455
Mean	0.926829268292683	EurAmr	0.1801573781664455
3rd Qu.	1	EurAmr	0.1801573781664455
Max.	6	EurAmr	0.1801573781664455
