Values	total	status	pValue
Min.	1	AfrAmr	0.2893148323819877
1st Qu.	2	AfrAmr	0.2893148323819877
Median	3	AfrAmr	0.2893148323819877
Mean	3	AfrAmr	0.2893148323819877
3rd Qu.	4	AfrAmr	0.2893148323819877
Max.	5	AfrAmr	0.2893148323819877
Min.	0	EurAmr	0.2893148323819877
1st Qu.	0.25	EurAmr	0.2893148323819877
Median	1	EurAmr	0.2893148323819877
Mean	1.5	EurAmr	0.2893148323819877
3rd Qu.	1.75	EurAmr	0.2893148323819877
Max.	5	EurAmr	0.2893148323819877
