Values	total	status	pValue
Min.	1	AfrAmr	0.29691578450433115
1st Qu.	1.75	AfrAmr	0.29691578450433115
Median	2	AfrAmr	0.29691578450433115
Mean	2	AfrAmr	0.29691578450433115
3rd Qu.	2.25	AfrAmr	0.29691578450433115
Max.	3	AfrAmr	0.29691578450433115
Min.	0	EurAmr	0.29691578450433115
1st Qu.	1	EurAmr	0.29691578450433115
Median	1	EurAmr	0.29691578450433115
Mean	1.8448275862069	EurAmr	0.29691578450433115
3rd Qu.	2	EurAmr	0.29691578450433115
Max.	19	EurAmr	0.29691578450433115
