Values	total	status	pValue
Min.	0	AfrAmr	0.5245093290907898
1st Qu.	0.75	AfrAmr	0.5245093290907898
Median	1.5	AfrAmr	0.5245093290907898
Mean	1.25	AfrAmr	0.5245093290907898
3rd Qu.	2	AfrAmr	0.5245093290907898
Max.	2	AfrAmr	0.5245093290907898
Min.	0	EurAmr	0.5245093290907898
1st Qu.	0	EurAmr	0.5245093290907898
Median	1	EurAmr	0.5245093290907898
Mean	1.43103448275862	EurAmr	0.5245093290907898
3rd Qu.	2	EurAmr	0.5245093290907898
Max.	26	EurAmr	0.5245093290907898
