Values	total	status	pValue
Min.	0	AfrAmr	0.40993933449611497
1st Qu.	0	AfrAmr	0.40993933449611497
Median	0	AfrAmr	0.40993933449611497
Mean	0.5	AfrAmr	0.40993933449611497
3rd Qu.	0.5	AfrAmr	0.40993933449611497
Max.	2	AfrAmr	0.40993933449611497
Min.	0	EurAmr	0.40993933449611497
1st Qu.	0	EurAmr	0.40993933449611497
Median	1	EurAmr	0.40993933449611497
Mean	0.879310344827586	EurAmr	0.40993933449611497
3rd Qu.	1	EurAmr	0.40993933449611497
Max.	7	EurAmr	0.40993933449611497
