Values	total	status	pValue
Min.	0	AfrAmr	0.19355998034253985
1st Qu.	1	AfrAmr	0.19355998034253985
Median	2	AfrAmr	0.19355998034253985
Mean	2.38461538461538	AfrAmr	0.19355998034253985
3rd Qu.	3.25	AfrAmr	0.19355998034253985
Max.	12	AfrAmr	0.19355998034253985
Min.	0	EurAmr	0.19355998034253985
1st Qu.	1	EurAmr	0.19355998034253985
Median	2	EurAmr	0.19355998034253985
Mean	2.74632352941176	EurAmr	0.19355998034253985
3rd Qu.	4	EurAmr	0.19355998034253985
Max.	19	EurAmr	0.19355998034253985
