Values	total	status	pValue
Min.	0	AfrAmr	0.9628645347387538
1st Qu.	1	AfrAmr	0.9628645347387538
Median	3	AfrAmr	0.9628645347387538
Mean	3.05769230769231	AfrAmr	0.9628645347387538
3rd Qu.	4	AfrAmr	0.9628645347387538
Max.	11	AfrAmr	0.9628645347387538
Min.	0	EurAmr	0.9628645347387538
1st Qu.	1	EurAmr	0.9628645347387538
Median	3	EurAmr	0.9628645347387538
Mean	3.08823529411765	EurAmr	0.9628645347387538
3rd Qu.	4	EurAmr	0.9628645347387538
Max.	22	EurAmr	0.9628645347387538
