Values	total	status	pValue
Min.	1	AfrAmr	0.7395812413979785
1st Qu.	5	AfrAmr	0.7395812413979785
Median	8	AfrAmr	0.7395812413979785
Mean	9.86538461538461	AfrAmr	0.7395812413979785
3rd Qu.	10	AfrAmr	0.7395812413979785
Max.	101	AfrAmr	0.7395812413979785
Min.	1	EurAmr	0.7395812413979785
1st Qu.	5	EurAmr	0.7395812413979785
Median	8	EurAmr	0.7395812413979785
Mean	8.00735294117647	EurAmr	0.7395812413979785
3rd Qu.	10	EurAmr	0.7395812413979785
Max.	27	EurAmr	0.7395812413979785
