Values	total	status	pValue
Min.	0	AfrAmr	0.1672642426195239
1st Qu.	2	AfrAmr	0.1672642426195239
Median	3	AfrAmr	0.1672642426195239
Mean	3.77966101694915	AfrAmr	0.1672642426195239
3rd Qu.	6	AfrAmr	0.1672642426195239
Max.	11	AfrAmr	0.1672642426195239
Min.	0	EurAmr	0.1672642426195239
1st Qu.	2	EurAmr	0.1672642426195239
Median	4	EurAmr	0.1672642426195239
Mean	4.36683417085427	EurAmr	0.1672642426195239
3rd Qu.	6	EurAmr	0.1672642426195239
Max.	18	EurAmr	0.1672642426195239
