Values	total	status	pValue
Min.	0	AfrAmr	0.10740419319424414
1st Qu.	5.5	AfrAmr	0.10740419319424414
Median	11	AfrAmr	0.10740419319424414
Mean	12.6571428571429	AfrAmr	0.10740419319424414
3rd Qu.	18	AfrAmr	0.10740419319424414
Max.	40	AfrAmr	0.10740419319424414
Min.	0	EurAmr	0.10740419319424414
1st Qu.	2	EurAmr	0.10740419319424414
Median	7	EurAmr	0.10740419319424414
Mean	10.7391304347826	EurAmr	0.10740419319424414
3rd Qu.	16	EurAmr	0.10740419319424414
Max.	61	EurAmr	0.10740419319424414
