Values	total	status	pValue
Min.	0	AfrAmr	0.5999770527935017
1st Qu.	17.5	AfrAmr	0.5999770527935017
Median	37	AfrAmr	0.5999770527935017
Mean	42.1142857142857	AfrAmr	0.5999770527935017
3rd Qu.	62	AfrAmr	0.5999770527935017
Max.	160	AfrAmr	0.5999770527935017
Min.	0	EurAmr	0.5999770527935017
1st Qu.	17.25	EurAmr	0.5999770527935017
Median	29	EurAmr	0.5999770527935017
Mean	41.8	EurAmr	0.5999770527935017
3rd Qu.	52	EurAmr	0.5999770527935017
Max.	319	EurAmr	0.5999770527935017
