Values	total	status	pValue
Min.	2	AfrAmr	0.04487659335761728
1st Qu.	16.5	AfrAmr	0.04487659335761728
Median	62	AfrAmr	0.04487659335761728
Mean	96.9285714285714	AfrAmr	0.04487659335761728
3rd Qu.	112.75	AfrAmr	0.04487659335761728
Max.	587	AfrAmr	0.04487659335761728
Min.	0	EurAmr	0.04487659335761728
1st Qu.	4.5	EurAmr	0.04487659335761728
Median	23	EurAmr	0.04487659335761728
Mean	43.381679389313	EurAmr	0.04487659335761728
3rd Qu.	61	EurAmr	0.04487659335761728
Max.	373	EurAmr	0.04487659335761728
