Values	total	status	pValue
Min.	0	AfrAmr	0.4526769482228853
1st Qu.	5.25	AfrAmr	0.4526769482228853
Median	10.5	AfrAmr	0.4526769482228853
Mean	14.8571428571429	AfrAmr	0.4526769482228853
3rd Qu.	13.75	AfrAmr	0.4526769482228853
Max.	65	AfrAmr	0.4526769482228853
Min.	0	EurAmr	0.4526769482228853
1st Qu.	3.5	EurAmr	0.4526769482228853
Median	7	EurAmr	0.4526769482228853
Mean	9.84732824427481	EurAmr	0.4526769482228853
3rd Qu.	13	EurAmr	0.4526769482228853
Max.	44	EurAmr	0.4526769482228853
