Values	total	status	pValue
Min.	0	AfrAmr	0.34044754556675944
1st Qu.	7	AfrAmr	0.34044754556675944
Median	22	AfrAmr	0.34044754556675944
Mean	21.7142857142857	AfrAmr	0.34044754556675944
3rd Qu.	30	AfrAmr	0.34044754556675944
Max.	98	AfrAmr	0.34044754556675944
Min.	0	EurAmr	0.34044754556675944
1st Qu.	6	EurAmr	0.34044754556675944
Median	13	EurAmr	0.34044754556675944
Mean	19.5913043478261	EurAmr	0.34044754556675944
3rd Qu.	26	EurAmr	0.34044754556675944
Max.	99	EurAmr	0.34044754556675944
