Values	total	status	pValue
Min.	0	AfrAmr	0.45144767275202635
1st Qu.	11	AfrAmr	0.45144767275202635
Median	22	AfrAmr	0.45144767275202635
Mean	28.8571428571429	AfrAmr	0.45144767275202635
3rd Qu.	39.5	AfrAmr	0.45144767275202635
Max.	121	AfrAmr	0.45144767275202635
Min.	0	EurAmr	0.45144767275202635
1st Qu.	7	EurAmr	0.45144767275202635
Median	17	EurAmr	0.45144767275202635
Mean	26.0826086956522	EurAmr	0.45144767275202635
3rd Qu.	35	EurAmr	0.45144767275202635
Max.	153	EurAmr	0.45144767275202635
