Values	total	status	pValue
Min.	10	AfrAmr	0.44095248479618515
1st Qu.	28	AfrAmr	0.44095248479618515
Median	34	AfrAmr	0.44095248479618515
Mean	34.8947368421053	AfrAmr	0.44095248479618515
3rd Qu.	40	AfrAmr	0.44095248479618515
Max.	67	AfrAmr	0.44095248479618515
Min.	3	EurAmr	0.44095248479618515
1st Qu.	27	EurAmr	0.44095248479618515
Median	36	EurAmr	0.44095248479618515
Mean	56.9491525423729	EurAmr	0.44095248479618515
3rd Qu.	49	EurAmr	0.44095248479618515
Max.	1211	EurAmr	0.44095248479618515
