Values	total	status	pValue
Min.	0	AfrAmr	0.7128317383609852
1st Qu.	2.5	AfrAmr	0.7128317383609852
Median	5	AfrAmr	0.7128317383609852
Mean	4.84210526315789	AfrAmr	0.7128317383609852
3rd Qu.	7	AfrAmr	0.7128317383609852
Max.	12	AfrAmr	0.7128317383609852
Min.	0	EurAmr	0.7128317383609852
1st Qu.	3	EurAmr	0.7128317383609852
Median	5	EurAmr	0.7128317383609852
Mean	5.53672316384181	EurAmr	0.7128317383609852
3rd Qu.	7	EurAmr	0.7128317383609852
Max.	26	EurAmr	0.7128317383609852
