Values	total	status	pValue
Min.	9	AfrAmr	0.4332637837731137
1st Qu.	10.5	AfrAmr	0.4332637837731137
Median	16	AfrAmr	0.4332637837731137
Mean	17.1578947368421	AfrAmr	0.4332637837731137
3rd Qu.	20.5	AfrAmr	0.4332637837731137
Max.	33	AfrAmr	0.4332637837731137
Min.	0	EurAmr	0.4332637837731137
1st Qu.	12	EurAmr	0.4332637837731137
Median	18	EurAmr	0.4332637837731137
Mean	22.0282485875706	EurAmr	0.4332637837731137
3rd Qu.	26	EurAmr	0.4332637837731137
Max.	128	EurAmr	0.4332637837731137
