Values	total	status	pValue
Min.	23	AfrAmr	0.2103588436838596
1st Qu.	28	AfrAmr	0.2103588436838596
Median	65	AfrAmr	0.2103588436838596
Mean	63.1428571428571	AfrAmr	0.2103588436838596
3rd Qu.	96	AfrAmr	0.2103588436838596
Max.	106	AfrAmr	0.2103588436838596
Min.	1	EurAmr	0.2103588436838596
1st Qu.	22	EurAmr	0.2103588436838596
Median	38	EurAmr	0.2103588436838596
Mean	46.3140495867769	EurAmr	0.2103588436838596
3rd Qu.	66	EurAmr	0.2103588436838596
Max.	162	EurAmr	0.2103588436838596
