Values	total	status	pValue
Min.	16	AfrAmr	0.34011201366811766
1st Qu.	21	AfrAmr	0.34011201366811766
Median	34	AfrAmr	0.34011201366811766
Mean	31.1428571428571	AfrAmr	0.34011201366811766
3rd Qu.	38.5	AfrAmr	0.34011201366811766
Max.	49	AfrAmr	0.34011201366811766
Min.	2	EurAmr	0.34011201366811766
1st Qu.	27	EurAmr	0.34011201366811766
Median	36	EurAmr	0.34011201366811766
Mean	44.9173553719008	EurAmr	0.34011201366811766
3rd Qu.	49	EurAmr	0.34011201366811766
Max.	254	EurAmr	0.34011201366811766
