Values	total	status	pValue
Min.	1	AfrAmr	0.1659023995686338
1st Qu.	4	AfrAmr	0.1659023995686338
Median	7	AfrAmr	0.1659023995686338
Mean	8.05263157894737	AfrAmr	0.1659023995686338
3rd Qu.	13.5	AfrAmr	0.1659023995686338
Max.	18	AfrAmr	0.1659023995686338
Min.	0	EurAmr	0.1659023995686338
1st Qu.	6	EurAmr	0.1659023995686338
Median	9	EurAmr	0.1659023995686338
Mean	10.6327683615819	EurAmr	0.1659023995686338
3rd Qu.	14	EurAmr	0.1659023995686338
Max.	43	EurAmr	0.1659023995686338
