Values	total	status	pValue
Min.	0	AfrAmr	0.11009771078320707
1st Qu.	1	AfrAmr	0.11009771078320707
Median	2	AfrAmr	0.11009771078320707
Mean	3.07692307692308	AfrAmr	0.11009771078320707
3rd Qu.	5	AfrAmr	0.11009771078320707
Max.	13	AfrAmr	0.11009771078320707
Min.	0	EurAmr	0.11009771078320707
1st Qu.	2	EurAmr	0.11009771078320707
Median	3	EurAmr	0.11009771078320707
Mean	6.71897810218978	EurAmr	0.11009771078320707
3rd Qu.	7	EurAmr	0.11009771078320707
Max.	300	EurAmr	0.11009771078320707
