Values	total	status	pValue
Min.	7	AfrAmr	0.7034392637432229
1st Qu.	20.5	AfrAmr	0.7034392637432229
Median	28	AfrAmr	0.7034392637432229
Mean	30.3191489361702	AfrAmr	0.7034392637432229
3rd Qu.	37	AfrAmr	0.7034392637432229
Max.	85	AfrAmr	0.7034392637432229
Min.	0	EurAmr	0.7034392637432229
1st Qu.	18	EurAmr	0.7034392637432229
Median	27	EurAmr	0.7034392637432229
Mean	40.0483870967742	EurAmr	0.7034392637432229
3rd Qu.	41	EurAmr	0.7034392637432229
Max.	933	EurAmr	0.7034392637432229
