Values	total	status	pValue
Min.	3	AfrAmr	0.010297350795017174
1st Qu.	7.5	AfrAmr	0.010297350795017174
Median	11.5	AfrAmr	0.010297350795017174
Mean	10.5	AfrAmr	0.010297350795017174
3rd Qu.	13	AfrAmr	0.010297350795017174
Max.	19	AfrAmr	0.010297350795017174
Min.	0	EurAmr	0.010297350795017174
1st Qu.	4	EurAmr	0.010297350795017174
Median	7	EurAmr	0.010297350795017174
Mean	8.41666666666667	EurAmr	0.010297350795017174
3rd Qu.	10	EurAmr	0.010297350795017174
Max.	98	EurAmr	0.010297350795017174
