Values	total	status	pValue
Min.	1	AfrAmr	0.4945508752965385
1st Qu.	3.5	AfrAmr	0.4945508752965385
Median	7	AfrAmr	0.4945508752965385
Mean	9.46808510638298	AfrAmr	0.4945508752965385
3rd Qu.	11.5	AfrAmr	0.4945508752965385
Max.	53	AfrAmr	0.4945508752965385
Min.	0	EurAmr	0.4945508752965385
1st Qu.	3	EurAmr	0.4945508752965385
Median	8	EurAmr	0.4945508752965385
Mean	12.5092165898618	EurAmr	0.4945508752965385
3rd Qu.	15	EurAmr	0.4945508752965385
Max.	128	EurAmr	0.4945508752965385
