Values	total	status	pValue
Min.	1	AfrAmr	0.3512977621938997
1st Qu.	5	AfrAmr	0.3512977621938997
Median	7	AfrAmr	0.3512977621938997
Mean	10.4782608695652	AfrAmr	0.3512977621938997
3rd Qu.	13.5	AfrAmr	0.3512977621938997
Max.	45	AfrAmr	0.3512977621938997
Min.	0	EurAmr	0.3512977621938997
1st Qu.	4	EurAmr	0.3512977621938997
Median	6	EurAmr	0.3512977621938997
Mean	10.9113149847095	EurAmr	0.3512977621938997
3rd Qu.	12	EurAmr	0.3512977621938997
Max.	173	EurAmr	0.3512977621938997
