Values	total	status	pValue
Min.	0	AfrAmr	0.08809142580238935
1st Qu.	0.5	AfrAmr	0.08809142580238935
Median	1	AfrAmr	0.08809142580238935
Mean	1.28571428571429	AfrAmr	0.08809142580238935
3rd Qu.	1.5	AfrAmr	0.08809142580238935
Max.	4	AfrAmr	0.08809142580238935
Min.	0	EurAmr	0.08809142580238935
1st Qu.	1	EurAmr	0.08809142580238935
Median	2	EurAmr	0.08809142580238935
Mean	13.6274509803922	EurAmr	0.08809142580238935
3rd Qu.	3	EurAmr	0.08809142580238935
Max.	1699	EurAmr	0.08809142580238935
