Values	total	status	pValue
Min.	1	AfrAmr	0.04883182925323365
1st Qu.	1	AfrAmr	0.04883182925323365
Median	2	AfrAmr	0.04883182925323365
Mean	3.61538461538462	AfrAmr	0.04883182925323365
3rd Qu.	3	AfrAmr	0.04883182925323365
Max.	21	AfrAmr	0.04883182925323365
Min.	0	EurAmr	0.04883182925323365
1st Qu.	2	EurAmr	0.04883182925323365
Median	4	EurAmr	0.04883182925323365
Mean	5.6021897810219	EurAmr	0.04883182925323365
3rd Qu.	8	EurAmr	0.04883182925323365
Max.	34	EurAmr	0.04883182925323365
