Values	total	status	pValue
Min.	1	AfrAmr	0.4065423395261632
1st Qu.	2	AfrAmr	0.4065423395261632
Median	3	AfrAmr	0.4065423395261632
Mean	4.69230769230769	AfrAmr	0.4065423395261632
3rd Qu.	5	AfrAmr	0.4065423395261632
Max.	21	AfrAmr	0.4065423395261632
Min.	0	EurAmr	0.4065423395261632
1st Qu.	2	EurAmr	0.4065423395261632
Median	4	EurAmr	0.4065423395261632
Mean	5.60583941605839	EurAmr	0.4065423395261632
3rd Qu.	7	EurAmr	0.4065423395261632
Max.	40	EurAmr	0.4065423395261632
