Values	total	status	pValue
Min.	4	AfrAmr	0.09697951215697125
1st Qu.	8	AfrAmr	0.09697951215697125
Median	10	AfrAmr	0.09697951215697125
Mean	13.0434782608696	AfrAmr	0.09697951215697125
3rd Qu.	18.5	AfrAmr	0.09697951215697125
Max.	27	AfrAmr	0.09697951215697125
Min.	0	EurAmr	0.09697951215697125
1st Qu.	5	EurAmr	0.09697951215697125
Median	9	EurAmr	0.09697951215697125
Mean	13.8532110091743	EurAmr	0.09697951215697125
3rd Qu.	15	EurAmr	0.09697951215697125
Max.	492	EurAmr	0.09697951215697125
