Values	total	status	pValue
Min.	1	AfrAmr	0.011326841408980649
1st Qu.	6	AfrAmr	0.011326841408980649
Median	10	AfrAmr	0.011326841408980649
Mean	13.1489361702128	AfrAmr	0.011326841408980649
3rd Qu.	15	AfrAmr	0.011326841408980649
Max.	84	AfrAmr	0.011326841408980649
Min.	0	EurAmr	0.011326841408980649
1st Qu.	4	EurAmr	0.011326841408980649
Median	7	EurAmr	0.011326841408980649
Mean	13.5990783410138	EurAmr	0.011326841408980649
3rd Qu.	11	EurAmr	0.011326841408980649
Max.	189	EurAmr	0.011326841408980649
