Values	total	status	pValue
Min.	3	AfrAmr	0.31653556128748334
1st Qu.	8	AfrAmr	0.31653556128748334
Median	10	AfrAmr	0.31653556128748334
Mean	9.58620689655172	AfrAmr	0.31653556128748334
3rd Qu.	12	AfrAmr	0.31653556128748334
Max.	15	AfrAmr	0.31653556128748334
Min.	0	EurAmr	0.31653556128748334
1st Qu.	7	EurAmr	0.31653556128748334
Median	10.5	EurAmr	0.31653556128748334
Mean	11.9941860465116	EurAmr	0.31653556128748334
3rd Qu.	14	EurAmr	0.31653556128748334
Max.	148	EurAmr	0.31653556128748334
