Values	total	status	pValue
Min.	1	AfrAmr	0.4834277337651706
1st Qu.	12	AfrAmr	0.4834277337651706
Median	16	AfrAmr	0.4834277337651706
Mean	17.8620689655172	AfrAmr	0.4834277337651706
3rd Qu.	25	AfrAmr	0.4834277337651706
Max.	34	AfrAmr	0.4834277337651706
Min.	0	EurAmr	0.4834277337651706
1st Qu.	13	EurAmr	0.4834277337651706
Median	18	EurAmr	0.4834277337651706
Mean	20.0843023255814	EurAmr	0.4834277337651706
3rd Qu.	25	EurAmr	0.4834277337651706
Max.	153	EurAmr	0.4834277337651706
