Values	total	status	pValue
Min.	0	AfrAmr	0.7557546935005008
1st Qu.	1	AfrAmr	0.7557546935005008
Median	2	AfrAmr	0.7557546935005008
Mean	2.53846153846154	AfrAmr	0.7557546935005008
3rd Qu.	4	AfrAmr	0.7557546935005008
Max.	14	AfrAmr	0.7557546935005008
Min.	0	EurAmr	0.7557546935005008
1st Qu.	1	EurAmr	0.7557546935005008
Median	2	EurAmr	0.7557546935005008
Mean	2.27941176470588	EurAmr	0.7557546935005008
3rd Qu.	3	EurAmr	0.7557546935005008
Max.	16	EurAmr	0.7557546935005008
