Values	total	status	pValue
Min.	0	AfrAmr	0.9531883521890585
1st Qu.	0.75	AfrAmr	0.9531883521890585
Median	2	AfrAmr	0.9531883521890585
Mean	2	AfrAmr	0.9531883521890585
3rd Qu.	3.25	AfrAmr	0.9531883521890585
Max.	4	AfrAmr	0.9531883521890585
Min.	0	EurAmr	0.9531883521890585
1st Qu.	1	EurAmr	0.9531883521890585
Median	2	EurAmr	0.9531883521890585
Mean	2.22413793103448	EurAmr	0.9531883521890585
3rd Qu.	3	EurAmr	0.9531883521890585
Max.	10	EurAmr	0.9531883521890585
