Values	total	status	pValue
Min.	6	AfrAmr	0.7281748196580908
1st Qu.	19	AfrAmr	0.7281748196580908
Median	29	AfrAmr	0.7281748196580908
Mean	27.7234042553191	AfrAmr	0.7281748196580908
3rd Qu.	33.5	AfrAmr	0.7281748196580908
Max.	70	AfrAmr	0.7281748196580908
Min.	0	EurAmr	0.7281748196580908
1st Qu.	17	EurAmr	0.7281748196580908
Median	25	EurAmr	0.7281748196580908
Mean	37.5645161290323	EurAmr	0.7281748196580908
3rd Qu.	36	EurAmr	0.7281748196580908
Max.	1359	EurAmr	0.7281748196580908
