Values	total	status	pValue
Min.	10	AfrAmr	0.26721382819001915
1st Qu.	25	AfrAmr	0.26721382819001915
Median	34	AfrAmr	0.26721382819001915
Mean	34.2758620689655	AfrAmr	0.26721382819001915
3rd Qu.	41	AfrAmr	0.26721382819001915
Max.	67	AfrAmr	0.26721382819001915
Min.	0	EurAmr	0.26721382819001915
1st Qu.	27	EurAmr	0.26721382819001915
Median	36	EurAmr	0.26721382819001915
Mean	50.1017441860465	EurAmr	0.26721382819001915
3rd Qu.	49	EurAmr	0.26721382819001915
Max.	1211	EurAmr	0.26721382819001915
