Values	total	status	pValue
Min.	0	AfrAmr	0.9630291959222418
1st Qu.	1	AfrAmr	0.9630291959222418
Median	2	AfrAmr	0.9630291959222418
Mean	2.74576271186441	AfrAmr	0.9630291959222418
3rd Qu.	3.5	AfrAmr	0.9630291959222418
Max.	12	AfrAmr	0.9630291959222418
Min.	0	EurAmr	0.9630291959222418
1st Qu.	1	EurAmr	0.9630291959222418
Median	2	EurAmr	0.9630291959222418
Mean	2.62814070351759	EurAmr	0.9630291959222418
3rd Qu.	3	EurAmr	0.9630291959222418
Max.	14	EurAmr	0.9630291959222418
