Values	total	status	pValue
Min.	0	AfrAmr	0.6306141054815944
1st Qu.	0.5	AfrAmr	0.6306141054815944
Median	2	AfrAmr	0.6306141054815944
Mean	1.42857142857143	AfrAmr	0.6306141054815944
3rd Qu.	2	AfrAmr	0.6306141054815944
Max.	3	AfrAmr	0.6306141054815944
Min.	0	EurAmr	0.6306141054815944
1st Qu.	0	EurAmr	0.6306141054815944
Median	1	EurAmr	0.6306141054815944
Mean	1.47712418300654	EurAmr	0.6306141054815944
3rd Qu.	2	EurAmr	0.6306141054815944
Max.	12	EurAmr	0.6306141054815944
