Values	total	status	pValue
Min.	0	AfrAmr	0.27381350192500253
1st Qu.	0	AfrAmr	0.27381350192500253
Median	0	AfrAmr	0.27381350192500253
Mean	0.25	AfrAmr	0.27381350192500253
3rd Qu.	0.25	AfrAmr	0.27381350192500253
Max.	1	AfrAmr	0.27381350192500253
Min.	0	EurAmr	0.27381350192500253
1st Qu.	0	EurAmr	0.27381350192500253
Median	0.5	EurAmr	0.27381350192500253
Mean	0.896551724137931	EurAmr	0.27381350192500253
3rd Qu.	1	EurAmr	0.27381350192500253
Max.	6	EurAmr	0.27381350192500253
