Values	total	status	pValue
Min.	15	AfrAmr	0.5069270591495134
1st Qu.	17	AfrAmr	0.5069270591495134
Median	24	AfrAmr	0.5069270591495134
Mean	90.6923076923077	AfrAmr	0.5069270591495134
3rd Qu.	34	AfrAmr	0.5069270591495134
Max.	492	AfrAmr	0.5069270591495134
Min.	0	EurAmr	0.5069270591495134
1st Qu.	19	EurAmr	0.5069270591495134
Median	30	EurAmr	0.5069270591495134
Mean	96.5875912408759	EurAmr	0.5069270591495134
3rd Qu.	49.25	EurAmr	0.5069270591495134
Max.	2457	EurAmr	0.5069270591495134
