Values	total	status	pValue
Min.	0	AfrAmr	0.17515287094934986
1st Qu.	11	AfrAmr	0.17515287094934986
Median	17.5	AfrAmr	0.17515287094934986
Mean	26.1346153846154	AfrAmr	0.17515287094934986
3rd Qu.	36	AfrAmr	0.17515287094934986
Max.	121	AfrAmr	0.17515287094934986
Min.	0	EurAmr	0.17515287094934986
1st Qu.	5	EurAmr	0.17515287094934986
Median	15	EurAmr	0.17515287094934986
Mean	22.1211340206186	EurAmr	0.17515287094934986
3rd Qu.	29	EurAmr	0.17515287094934986
Max.	153	EurAmr	0.17515287094934986
