Values	total	status	pValue
Min.	2	AfrAmr	0.5614938412023258
1st Qu.	3	AfrAmr	0.5614938412023258
Median	5	AfrAmr	0.5614938412023258
Mean	13.6153846153846	AfrAmr	0.5614938412023258
3rd Qu.	11	AfrAmr	0.5614938412023258
Max.	61	AfrAmr	0.5614938412023258
Min.	0	EurAmr	0.5614938412023258
1st Qu.	4	EurAmr	0.5614938412023258
Median	7	EurAmr	0.5614938412023258
Mean	17.3832116788321	EurAmr	0.5614938412023258
3rd Qu.	15	EurAmr	0.5614938412023258
Max.	572	EurAmr	0.5614938412023258
