Values	total	status	pValue
Min.	2	AfrAmr	0.3860744406305915
1st Qu.	3.5	AfrAmr	0.3860744406305915
Median	4	AfrAmr	0.3860744406305915
Mean	3.75	AfrAmr	0.3860744406305915
3rd Qu.	4.25	AfrAmr	0.3860744406305915
Max.	5	AfrAmr	0.3860744406305915
Min.	0	EurAmr	0.3860744406305915
1st Qu.	3	EurAmr	0.3860744406305915
Median	4.5	EurAmr	0.3860744406305915
Mean	10.7413793103448	EurAmr	0.3860744406305915
3rd Qu.	7.75	EurAmr	0.3860744406305915
Max.	326	EurAmr	0.3860744406305915
