Values	total	status	pValue
Min.	0	AfrAmr	0.261860345608307
1st Qu.	1.5	AfrAmr	0.261860345608307
Median	3	AfrAmr	0.261860345608307
Mean	4.78260869565217	AfrAmr	0.261860345608307
3rd Qu.	4.5	AfrAmr	0.261860345608307
Max.	20	AfrAmr	0.261860345608307
Min.	0	EurAmr	0.261860345608307
1st Qu.	1	EurAmr	0.261860345608307
Median	2	EurAmr	0.261860345608307
Mean	4.09480122324159	EurAmr	0.261860345608307
3rd Qu.	5	EurAmr	0.261860345608307
Max.	51	EurAmr	0.261860345608307
