Values	total	status	pValue
Min.	0	AfrAmr	0.835083408106618
1st Qu.	0	AfrAmr	0.835083408106618
Median	0	AfrAmr	0.835083408106618
Mean	0.571428571428571	AfrAmr	0.835083408106618
3rd Qu.	1	AfrAmr	0.835083408106618
Max.	2	AfrAmr	0.835083408106618
Min.	0	EurAmr	0.835083408106618
1st Qu.	0	EurAmr	0.835083408106618
Median	0	EurAmr	0.835083408106618
Mean	4.63398692810458	EurAmr	0.835083408106618
3rd Qu.	1	EurAmr	0.835083408106618
Max.	600	EurAmr	0.835083408106618
