Values	total	status	pValue
Min.	0	AfrAmr	0.6007002959092149
1st Qu.	1	AfrAmr	0.6007002959092149
Median	2	AfrAmr	0.6007002959092149
Mean	3	AfrAmr	0.6007002959092149
3rd Qu.	3	AfrAmr	0.6007002959092149
Max.	9	AfrAmr	0.6007002959092149
Min.	0	EurAmr	0.6007002959092149
1st Qu.	1	EurAmr	0.6007002959092149
Median	2	EurAmr	0.6007002959092149
Mean	18.2142857142857	EurAmr	0.6007002959092149
3rd Qu.	3	EurAmr	0.6007002959092149
Max.	1809	EurAmr	0.6007002959092149
