Values	total	status	pValue
Min.	5	AfrAmr	0.41031680327051245
1st Qu.	12	AfrAmr	0.41031680327051245
Median	14	AfrAmr	0.41031680327051245
Mean	18.4	AfrAmr	0.41031680327051245
3rd Qu.	24	AfrAmr	0.41031680327051245
Max.	37	AfrAmr	0.41031680327051245
Min.	0	EurAmr	0.41031680327051245
1st Qu.	8	EurAmr	0.41031680327051245
Median	13	EurAmr	0.41031680327051245
Mean	59.1160714285714	EurAmr	0.41031680327051245
3rd Qu.	16	EurAmr	0.41031680327051245
Max.	5152	EurAmr	0.41031680327051245
