Values	total	status	pValue
Min.	0	AfrAmr	0.6541982799771338
1st Qu.	0	AfrAmr	0.6541982799771338
Median	1	AfrAmr	0.6541982799771338
Mean	1	AfrAmr	0.6541982799771338
3rd Qu.	2	AfrAmr	0.6541982799771338
Max.	2	AfrAmr	0.6541982799771338
Min.	0	EurAmr	0.6541982799771338
1st Qu.	0	EurAmr	0.6541982799771338
Median	1	EurAmr	0.6541982799771338
Mean	1.48214285714286	EurAmr	0.6541982799771338
3rd Qu.	1	EurAmr	0.6541982799771338
Max.	70	EurAmr	0.6541982799771338
