Values	total	status	pValue
Min.	0	AfrAmr	0.6446360914195836
1st Qu.	0	AfrAmr	0.6446360914195836
Median	1	AfrAmr	0.6446360914195836
Mean	0.8	AfrAmr	0.6446360914195836
3rd Qu.	1	AfrAmr	0.6446360914195836
Max.	2	AfrAmr	0.6446360914195836
Min.	0	EurAmr	0.6446360914195836
1st Qu.	0	EurAmr	0.6446360914195836
Median	0	EurAmr	0.6446360914195836
Mean	6.10714285714286	EurAmr	0.6446360914195836
3rd Qu.	1	EurAmr	0.6446360914195836
Max.	600	EurAmr	0.6446360914195836
