Values	total	status	pValue
Min.	0	AfrAmr	0.13628342968578122
1st Qu.	2	AfrAmr	0.13628342968578122
Median	4	AfrAmr	0.13628342968578122
Mean	5	AfrAmr	0.13628342968578122
3rd Qu.	5	AfrAmr	0.13628342968578122
Max.	14	AfrAmr	0.13628342968578122
Min.	0	EurAmr	0.13628342968578122
1st Qu.	3.25	EurAmr	0.13628342968578122
Median	7.5	EurAmr	0.13628342968578122
Mean	11.5285714285714	EurAmr	0.13628342968578122
3rd Qu.	17.75	EurAmr	0.13628342968578122
Max.	75	EurAmr	0.13628342968578122
