Values	total	status	pValue
Min.	4	AfrAmr	0.5356570747272315
1st Qu.	4	AfrAmr	0.5356570747272315
Median	4.5	AfrAmr	0.5356570747272315
Mean	7	AfrAmr	0.5356570747272315
3rd Qu.	7.5	AfrAmr	0.5356570747272315
Max.	15	AfrAmr	0.5356570747272315
Min.	0	EurAmr	0.5356570747272315
1st Qu.	4	EurAmr	0.5356570747272315
Median	8	EurAmr	0.5356570747272315
Mean	40.0289855072464	EurAmr	0.5356570747272315
3rd Qu.	30	EurAmr	0.5356570747272315
Max.	889	EurAmr	0.5356570747272315
