Values	total	status	pValue
Min.	0	M	0.8135082811298833
1st Qu.	0	M	0.8135082811298833
Median	1	M	0.8135082811298833
Mean	1.58333333333333	M	0.8135082811298833
3rd Qu.	2	M	0.8135082811298833
Max.	13	M	0.8135082811298833
Min.	0	F	0.8135082811298833
1st Qu.	0	F	0.8135082811298833
Median	1	F	0.8135082811298833
Mean	1.21428571428571	F	0.8135082811298833
3rd Qu.	1.75	F	0.8135082811298833
Max.	4	F	0.8135082811298833
