Values	total	status	pValue
Min.	0	M	0.19059130402217397
1st Qu.	0.25	M	0.19059130402217397
Median	1	M	0.19059130402217397
Mean	1.28571428571429	M	0.19059130402217397
3rd Qu.	1	M	0.19059130402217397
Max.	7	M	0.19059130402217397
Min.	1	F	0.19059130402217397
1st Qu.	1	F	0.19059130402217397
Median	1	F	0.19059130402217397
Mean	2	F	0.19059130402217397
3rd Qu.	3	F	0.19059130402217397
Max.	4	F	0.19059130402217397
