Values	total	status	pValue
Min.	0	M	0.5533475289090308
1st Qu.	1	M	0.5533475289090308
Median	2	M	0.5533475289090308
Mean	2.84426229508197	M	0.5533475289090308
3rd Qu.	4	M	0.5533475289090308
Max.	16	M	0.5533475289090308
Min.	0	F	0.5533475289090308
1st Qu.	2	F	0.5533475289090308
Median	3	F	0.5533475289090308
Mean	2.6875	F	0.5533475289090308
3rd Qu.	3.25	F	0.5533475289090308
Max.	6	F	0.5533475289090308
