Values	total	status	pValue
Min.	0	M	0.08351560734925254
1st Qu.	0	M	0.08351560734925254
Median	0	M	0.08351560734925254
Mean	0.666666666666667	M	0.08351560734925254
3rd Qu.	1	M	0.08351560734925254
Max.	4	M	0.08351560734925254
Min.	0	F	0.08351560734925254
1st Qu.	0	F	0.08351560734925254
Median	0	F	0.08351560734925254
Mean	6.72307692307692	F	0.08351560734925254
3rd Qu.	1	F	0.08351560734925254
Max.	415	F	0.08351560734925254
