Values	total	status	pValue
Min.	0	M	0.43179720899467716
1st Qu.	1	M	0.43179720899467716
Median	1	M	0.43179720899467716
Mean	1.63425925925926	M	0.43179720899467716
3rd Qu.	2	M	0.43179720899467716
Max.	9	M	0.43179720899467716
Min.	0	F	0.43179720899467716
1st Qu.	1	F	0.43179720899467716
Median	1	F	0.43179720899467716
Mean	1.8	F	0.43179720899467716
3rd Qu.	3	F	0.43179720899467716
Max.	8	F	0.43179720899467716
