Values	total	status	pValue
Min.	0	M	0.2424765637057425
1st Qu.	0	M	0.2424765637057425
Median	1	M	0.2424765637057425
Mean	2.58223684210526	M	0.2424765637057425
3rd Qu.	2	M	0.2424765637057425
Max.	228	M	0.2424765637057425
Min.	0	F	0.2424765637057425
1st Qu.	0	F	0.2424765637057425
Median	1	F	0.2424765637057425
Mean	1.5462962962963	F	0.2424765637057425
3rd Qu.	2	F	0.2424765637057425
Max.	13	F	0.2424765637057425
