Values	total	status	pValue
Min.	0	M	0.49028030773267095
1st Qu.	1	M	0.49028030773267095
Median	4	M	0.49028030773267095
Mean	9.98207885304659	M	0.49028030773267095
3rd Qu.	10	M	0.49028030773267095
Max.	401	M	0.49028030773267095
Min.	0	F	0.49028030773267095
1st Qu.	1	F	0.49028030773267095
Median	5	F	0.49028030773267095
Mean	8.34640522875817	F	0.49028030773267095
3rd Qu.	12	F	0.49028030773267095
Max.	58	F	0.49028030773267095
