Values	total	status	pValue
Min.	0	M	0.27189871081964845
1st Qu.	1	M	0.27189871081964845
Median	1	M	0.27189871081964845
Mean	1.42857142857143	M	0.27189871081964845
3rd Qu.	2	M	0.27189871081964845
Max.	3	M	0.27189871081964845
Min.	0	F	0.27189871081964845
1st Qu.	0	F	0.27189871081964845
Median	0	F	0.27189871081964845
Mean	0.8	F	0.27189871081964845
3rd Qu.	1	F	0.27189871081964845
Max.	3	F	0.27189871081964845
