Values	total	status	pValue
Min.	1	M	0.633583554743462
1st Qu.	12	M	0.633583554743462
Median	18	M	0.633583554743462
Mean	34.1176470588235	M	0.633583554743462
3rd Qu.	30	M	0.633583554743462
Max.	146	M	0.633583554743462
Min.	8	F	0.633583554743462
1st Qu.	11.5	F	0.633583554743462
Median	15	F	0.633583554743462
Mean	15.3333333333333	F	0.633583554743462
3rd Qu.	19	F	0.633583554743462
Max.	23	F	0.633583554743462
