Values	total	status	pValue
Min.	1	M	0.6170682642817311
1st Qu.	4	M	0.6170682642817311
Median	8	M	0.6170682642817311
Mean	10.9418604651163	M	0.6170682642817311
3rd Qu.	14	M	0.6170682642817311
Max.	76	M	0.6170682642817311
Min.	0	F	0.6170682642817311
1st Qu.	4	F	0.6170682642817311
Median	8	F	0.6170682642817311
Mean	10.0307692307692	F	0.6170682642817311
3rd Qu.	12	F	0.6170682642817311
Max.	60	F	0.6170682642817311
