Values	total	status	pValue
Min.	0	M	0.1900505722661474
1st Qu.	1	M	0.1900505722661474
Median	1	M	0.1900505722661474
Mean	17.1176470588235	M	0.1900505722661474
3rd Qu.	6	M	0.1900505722661474
Max.	255	M	0.1900505722661474
Min.	0	F	0.1900505722661474
1st Qu.	0	F	0.1900505722661474
Median	1	F	0.1900505722661474
Mean	1.28571428571429	F	0.1900505722661474
3rd Qu.	1.5	F	0.1900505722661474
Max.	5	F	0.1900505722661474
