Values	total	status	pValue
Min.	13	M	0.019485472574717423
1st Qu.	38	M	0.019485472574717423
Median	51	M	0.019485472574717423
Mean	111.058823529412	M	0.019485472574717423
3rd Qu.	89	M	0.019485472574717423
Max.	929	M	0.019485472574717423
Min.	14	F	0.019485472574717423
1st Qu.	20.5	F	0.019485472574717423
Median	26	F	0.019485472574717423
Mean	29.4285714285714	F	0.019485472574717423
3rd Qu.	35	F	0.019485472574717423
Max.	55	F	0.019485472574717423
