Values	total	status	pValue
Min.	0	M	0.5062098516608415
1st Qu.	1	M	0.5062098516608415
Median	2	M	0.5062098516608415
Mean	3.93604651162791	M	0.5062098516608415
3rd Qu.	4.25	M	0.5062098516608415
Max.	51	M	0.5062098516608415
Min.	0	F	0.5062098516608415
1st Qu.	1	F	0.5062098516608415
Median	2	F	0.5062098516608415
Mean	4.64615384615385	F	0.5062098516608415
3rd Qu.	6	F	0.5062098516608415
Max.	26	F	0.5062098516608415
