Values	total	status	pValue
Min.	9	M	0.02824786269659135
1st Qu.	41	M	0.02824786269659135
Median	52.5	M	0.02824786269659135
Mean	74.9722222222222	M	0.02824786269659135
3rd Qu.	94.25	M	0.02824786269659135
Max.	378	M	0.02824786269659135
Min.	0	F	0.02824786269659135
1st Qu.	22.5	F	0.02824786269659135
Median	36.5	F	0.02824786269659135
Mean	52.7142857142857	F	0.02824786269659135
3rd Qu.	50.5	F	0.02824786269659135
Max.	305	F	0.02824786269659135
