Values	total	status	pValue
Min.	2	M	0.02452301465423245
1st Qu.	10.75	M	0.02452301465423245
Median	23	M	0.02452301465423245
Mean	34.4166666666667	M	0.02452301465423245
3rd Qu.	49	M	0.02452301465423245
Max.	193	M	0.02452301465423245
Min.	0	F	0.02452301465423245
1st Qu.	2.5	F	0.02452301465423245
Median	12	F	0.02452301465423245
Mean	22.7857142857143	F	0.02452301465423245
3rd Qu.	20.5	F	0.02452301465423245
Max.	166	F	0.02452301465423245
