Values	total	status	pValue
Min.	0	M	0.45673444862949275
1st Qu.	2	M	0.45673444862949275
Median	3.5	M	0.45673444862949275
Mean	5.72222222222222	M	0.45673444862949275
3rd Qu.	7	M	0.45673444862949275
Max.	30	M	0.45673444862949275
Min.	0	F	0.45673444862949275
1st Qu.	1.25	F	0.45673444862949275
Median	3	F	0.45673444862949275
Mean	5.57142857142857	F	0.45673444862949275
3rd Qu.	5.75	F	0.45673444862949275
Max.	34	F	0.45673444862949275
