Values	total	status	pValue
Min.	2	M	0.8938137049394013
1st Qu.	8	M	0.8938137049394013
Median	12	M	0.8938137049394013
Mean	12.3333333333333	M	0.8938137049394013
3rd Qu.	15	M	0.8938137049394013
Max.	28	M	0.8938137049394013
Min.	0	F	0.8938137049394013
1st Qu.	7	F	0.8938137049394013
Median	13	F	0.8938137049394013
Mean	17.2	F	0.8938137049394013
3rd Qu.	16	F	0.8938137049394013
Max.	50	F	0.8938137049394013
