Values	total	status	pValue
Min.	1	M	0.3089389979042769
1st Qu.	6	M	0.3089389979042769
Median	10	M	0.3089389979042769
Mean	12.9444444444444	M	0.3089389979042769
3rd Qu.	18.25	M	0.3089389979042769
Max.	51	M	0.3089389979042769
Min.	0	F	0.3089389979042769
1st Qu.	5.5	F	0.3089389979042769
Median	8	F	0.3089389979042769
Mean	8.64285714285714	F	0.3089389979042769
3rd Qu.	11.25	F	0.3089389979042769
Max.	25	F	0.3089389979042769
