Values	total	status	pValue
Min.	0	M	0.8498078530270362
1st Qu.	4	M	0.8498078530270362
Median	6.5	M	0.8498078530270362
Mean	9.40384615384615	M	0.8498078530270362
3rd Qu.	12	M	0.8498078530270362
Max.	54	M	0.8498078530270362
Min.	2	F	0.8498078530270362
1st Qu.	3	F	0.8498078530270362
Median	6	F	0.8498078530270362
Mean	8.61538461538461	F	0.8498078530270362
3rd Qu.	10	F	0.8498078530270362
Max.	28	F	0.8498078530270362
