Values	total	status	pValue
Min.	15	M	0.028408630371915326
1st Qu.	44	M	0.028408630371915326
Median	73	M	0.028408630371915326
Mean	132.176470588235	M	0.028408630371915326
3rd Qu.	97	M	0.028408630371915326
Max.	1036	M	0.028408630371915326
Min.	16	F	0.028408630371915326
1st Qu.	23	F	0.028408630371915326
Median	33	F	0.028408630371915326
Mean	37.7142857142857	F	0.028408630371915326
3rd Qu.	40.5	F	0.028408630371915326
Max.	88	F	0.028408630371915326
