Values	total	status	pValue
Min.	0	M	0.8738634904406454
1st Qu.	2	M	0.8738634904406454
Median	5	M	0.8738634904406454
Mean	7.06172839506173	M	0.8738634904406454
3rd Qu.	8	M	0.8738634904406454
Max.	80	M	0.8738634904406454
Min.	0	F	0.8738634904406454
1st Qu.	2	F	0.8738634904406454
Median	5	F	0.8738634904406454
Mean	8.1063829787234	F	0.8738634904406454
3rd Qu.	9	F	0.8738634904406454
Max.	41	F	0.8738634904406454
