Values	total	status	pValue
Min.	0	M	0.7508979693396926
1st Qu.	1	M	0.7508979693396926
Median	2	M	0.7508979693396926
Mean	3.5679012345679	M	0.7508979693396926
3rd Qu.	6	M	0.7508979693396926
Max.	16	M	0.7508979693396926
Min.	0	F	0.7508979693396926
1st Qu.	1	F	0.7508979693396926
Median	2	F	0.7508979693396926
Mean	3.08510638297872	F	0.7508979693396926
3rd Qu.	5	F	0.7508979693396926
Max.	13	F	0.7508979693396926
