Values	total	status	pValue
Min.	3	M	0.7454344724802018
1st Qu.	4.5	M	0.7454344724802018
Median	6	M	0.7454344724802018
Mean	8.7948717948718	M	0.7454344724802018
3rd Qu.	10	M	0.7454344724802018
Max.	35	M	0.7454344724802018
Min.	3	F	0.7454344724802018
1st Qu.	6	F	0.7454344724802018
Median	7	F	0.7454344724802018
Mean	7.35714285714286	F	0.7454344724802018
3rd Qu.	9	F	0.7454344724802018
Max.	12	F	0.7454344724802018
