Values	total	status	pValue
Min.	0	M	0.44829078479071266
1st Qu.	1	M	0.44829078479071266
Median	2.5	M	0.44829078479071266
Mean	3.66304347826087	M	0.44829078479071266
3rd Qu.	5	M	0.44829078479071266
Max.	19	M	0.44829078479071266
Min.	0	F	0.44829078479071266
1st Qu.	2	F	0.44829078479071266
Median	4	F	0.44829078479071266
Mean	3.72222222222222	F	0.44829078479071266
3rd Qu.	4	F	0.44829078479071266
Max.	12	F	0.44829078479071266
