Values	total	status	pValue
Min.	1	M	0.7442180300866219
1st Qu.	3	M	0.7442180300866219
Median	4	M	0.7442180300866219
Mean	5.1025641025641	M	0.7442180300866219
3rd Qu.	6	M	0.7442180300866219
Max.	27	M	0.7442180300866219
Min.	0	F	0.7442180300866219
1st Qu.	3	F	0.7442180300866219
Median	4.5	F	0.7442180300866219
Mean	4.07142857142857	F	0.7442180300866219
3rd Qu.	5	F	0.7442180300866219
Max.	7	F	0.7442180300866219
