Values	total	status	pValue
Min.	2	M	0.3757431130923797
1st Qu.	5.25	M	0.3757431130923797
Median	7.5	M	0.3757431130923797
Mean	11.5	M	0.3757431130923797
3rd Qu.	9.75	M	0.3757431130923797
Max.	69	M	0.3757431130923797
Min.	1	F	0.3757431130923797
1st Qu.	10	F	0.3757431130923797
Median	10	F	0.3757431130923797
Mean	8.6	F	0.3757431130923797
3rd Qu.	11	F	0.3757431130923797
Max.	11	F	0.3757431130923797
