Values	total	status	pValue
Min.	19	M	0.24330459733625628
1st Qu.	25	M	0.24330459733625628
Median	27	M	0.24330459733625628
Mean	49.1666666666667	M	0.24330459733625628
3rd Qu.	41.75	M	0.24330459733625628
Max.	151	M	0.24330459733625628
Min.	11	F	0.24330459733625628
1st Qu.	14.5	F	0.24330459733625628
Median	18	F	0.24330459733625628
Mean	21.6666666666667	F	0.24330459733625628
3rd Qu.	27	F	0.24330459733625628
Max.	36	F	0.24330459733625628
