Values	total	status	pValue
Min.	0	M	0.1204184202733846
1st Qu.	1	M	0.1204184202733846
Median	4	M	0.1204184202733846
Mean	7.19753086419753	M	0.1204184202733846
3rd Qu.	7	M	0.1204184202733846
Max.	108	M	0.1204184202733846
Min.	0	F	0.1204184202733846
1st Qu.	2.5	F	0.1204184202733846
Median	6	F	0.1204184202733846
Mean	9.29787234042553	F	0.1204184202733846
3rd Qu.	10.5	F	0.1204184202733846
Max.	61	F	0.1204184202733846
