Values	total	status	pValue
Min.	11	M	0.7810200445028505
1st Qu.	23.75	M	0.7810200445028505
Median	32.5	M	0.7810200445028505
Mean	73.0714285714286	M	0.7810200445028505
3rd Qu.	43	M	0.7810200445028505
Max.	615	M	0.7810200445028505
Min.	11	F	0.7810200445028505
1st Qu.	18	F	0.7810200445028505
Median	30	F	0.7810200445028505
Mean	33	F	0.7810200445028505
3rd Qu.	43	F	0.7810200445028505
Max.	63	F	0.7810200445028505
