Values	total	status	pValue
Min.	0	M	0.17827475243485755
1st Qu.	3.25	M	0.17827475243485755
Median	8	M	0.17827475243485755
Mean	8.16666666666667	M	0.17827475243485755
3rd Qu.	11.75	M	0.17827475243485755
Max.	17	M	0.17827475243485755
Min.	1	F	0.17827475243485755
1st Qu.	5	F	0.17827475243485755
Median	6	F	0.17827475243485755
Mean	6.96	F	0.17827475243485755
3rd Qu.	7	F	0.17827475243485755
Max.	31	F	0.17827475243485755
