Values	total	status	pValue
Min.	3	M	0.19738205261149777
1st Qu.	4	M	0.19738205261149777
Median	6	M	0.19738205261149777
Mean	7.63636363636364	M	0.19738205261149777
3rd Qu.	10	M	0.19738205261149777
Max.	20	M	0.19738205261149777
Min.	1	F	0.19738205261149777
1st Qu.	1.75	F	0.19738205261149777
Median	4	F	0.19738205261149777
Mean	4.1	F	0.19738205261149777
3rd Qu.	6	F	0.19738205261149777
Max.	7	F	0.19738205261149777
