Values	total	status	pValue
Min.	0	M	0.0057576858266224626
1st Qu.	6	M	0.0057576858266224626
Median	12	M	0.0057576858266224626
Mean	18.8913043478261	M	0.0057576858266224626
3rd Qu.	23	M	0.0057576858266224626
Max.	205	M	0.0057576858266224626
Min.	5	F	0.0057576858266224626
1st Qu.	14.5	F	0.0057576858266224626
Median	21.5	F	0.0057576858266224626
Mean	32.4444444444444	F	0.0057576858266224626
3rd Qu.	39.5	F	0.0057576858266224626
Max.	116	F	0.0057576858266224626
