Values	total	status	pValue
Min.	0	M	0.5713825466047351
1st Qu.	2	M	0.5713825466047351
Median	3	M	0.5713825466047351
Mean	47.9285714285714	M	0.5713825466047351
3rd Qu.	4	M	0.5713825466047351
Max.	634	M	0.5713825466047351
Min.	1	F	0.5713825466047351
1st Qu.	3	F	0.5713825466047351
Median	3	F	0.5713825466047351
Mean	4	F	0.5713825466047351
3rd Qu.	6	F	0.5713825466047351
Max.	7	F	0.5713825466047351
