Values	total	status	pValue
Min.	0	M	0.6408387562964737
1st Qu.	0	M	0.6408387562964737
Median	1	M	0.6408387562964737
Mean	1.58024691358025	M	0.6408387562964737
3rd Qu.	2	M	0.6408387562964737
Max.	7	M	0.6408387562964737
Min.	0	F	0.6408387562964737
1st Qu.	0	F	0.6408387562964737
Median	1	F	0.6408387562964737
Mean	1.74468085106383	F	0.6408387562964737
3rd Qu.	3	F	0.6408387562964737
Max.	9	F	0.6408387562964737
