Values	total	status	pValue
Min.	0	M	0.0883676842813822
1st Qu.	1.75	M	0.0883676842813822
Median	2	M	0.0883676842813822
Mean	3.52777777777778	M	0.0883676842813822
3rd Qu.	4	M	0.0883676842813822
Max.	18	M	0.0883676842813822
Min.	2	F	0.0883676842813822
1st Qu.	2	F	0.0883676842813822
Median	5.5	F	0.0883676842813822
Mean	5.375	F	0.0883676842813822
3rd Qu.	6.5	F	0.0883676842813822
Max.	12	F	0.0883676842813822
