Values	total	status	pValue
Min.	3	M	0.04204772007489775
1st Qu.	19	M	0.04204772007489775
Median	27.5	M	0.04204772007489775
Mean	34.5434782608696	M	0.04204772007489775
3rd Qu.	43.25	M	0.04204772007489775
Max.	170	M	0.04204772007489775
Min.	13	F	0.04204772007489775
1st Qu.	27.5	F	0.04204772007489775
Median	41.5	F	0.04204772007489775
Mean	44.4444444444444	F	0.04204772007489775
3rd Qu.	61.25	F	0.04204772007489775
Max.	88	F	0.04204772007489775
