Values	total	status	pValue
Min.	0	M	0.27851702382957805
1st Qu.	2	M	0.27851702382957805
Median	2	M	0.27851702382957805
Mean	2.16666666666667	M	0.27851702382957805
3rd Qu.	2.75	M	0.27851702382957805
Max.	4	M	0.27851702382957805
Min.	1	F	0.27851702382957805
1st Qu.	1	F	0.27851702382957805
Median	1	F	0.27851702382957805
Mean	1.33333333333333	F	0.27851702382957805
3rd Qu.	1.5	F	0.27851702382957805
Max.	2	F	0.27851702382957805
