Values	total	status	pValue
Min.	9	M	0.4366607090489947
1st Qu.	10.75	M	0.4366607090489947
Median	18	M	0.4366607090489947
Mean	36.6666666666667	M	0.4366607090489947
3rd Qu.	57.5	M	0.4366607090489947
Max.	96	M	0.4366607090489947
Min.	8	F	0.4366607090489947
1st Qu.	9.5	F	0.4366607090489947
Median	11	F	0.4366607090489947
Mean	14	F	0.4366607090489947
3rd Qu.	17	F	0.4366607090489947
Max.	23	F	0.4366607090489947
