Values	total	status	pValue
Min.	0	M	0.05578718600345045
1st Qu.	7	M	0.05578718600345045
Median	12	M	0.05578718600345045
Mean	14.6630434782609	M	0.05578718600345045
3rd Qu.	18	M	0.05578718600345045
Max.	66	M	0.05578718600345045
Min.	4	F	0.05578718600345045
1st Qu.	10.5	F	0.05578718600345045
Median	18.5	F	0.05578718600345045
Mean	18.7222222222222	F	0.05578718600345045
3rd Qu.	27.25	F	0.05578718600345045
Max.	38	F	0.05578718600345045
