Values	total	status	pValue
Min.	0	M	0.5281800057045114
1st Qu.	3	M	0.5281800057045114
Median	4	M	0.5281800057045114
Mean	13.5384615384615	M	0.5281800057045114
3rd Qu.	8	M	0.5281800057045114
Max.	326	M	0.5281800057045114
Min.	0	F	0.5281800057045114
1st Qu.	3	F	0.5281800057045114
Median	5	F	0.5281800057045114
Mean	4.92592592592593	F	0.5281800057045114
3rd Qu.	7	F	0.5281800057045114
Max.	14	F	0.5281800057045114
