Values	total	status	pValue
Min.	0	M	0.3814972609792061
1st Qu.	1	M	0.3814972609792061
Median	2	M	0.3814972609792061
Mean	2.84615384615385	M	0.3814972609792061
3rd Qu.	2.5	M	0.3814972609792061
Max.	40	M	0.3814972609792061
Min.	0	F	0.3814972609792061
1st Qu.	0.5	F	0.3814972609792061
Median	1	F	0.3814972609792061
Mean	1.96296296296296	F	0.3814972609792061
3rd Qu.	3	F	0.3814972609792061
Max.	9	F	0.3814972609792061
