Values	total	status	pValue
Min.	1	M	0.20044229939628186
1st Qu.	5	M	0.20044229939628186
Median	7.5	M	0.20044229939628186
Mean	7.73611111111111	M	0.20044229939628186
3rd Qu.	10	M	0.20044229939628186
Max.	19	M	0.20044229939628186
Min.	1	F	0.20044229939628186
1st Qu.	5	F	0.20044229939628186
Median	8	F	0.20044229939628186
Mean	9.28333333333333	F	0.20044229939628186
3rd Qu.	12	F	0.20044229939628186
Max.	101	F	0.20044229939628186
