Values	total	status	pValue
Min.	0	M	0.1567323972932712
1st Qu.	1	M	0.1567323972932712
Median	3.5	M	0.1567323972932712
Mean	4.16666666666667	M	0.1567323972932712
3rd Qu.	6	M	0.1567323972932712
Max.	16	M	0.1567323972932712
Min.	0	F	0.1567323972932712
1st Qu.	0	F	0.1567323972932712
Median	1	F	0.1567323972932712
Mean	2.125	F	0.1567323972932712
3rd Qu.	3	F	0.1567323972932712
Max.	9	F	0.1567323972932712
