Values	total	status	pValue
Min.	0	M	0.0107343466314055
1st Qu.	20.25	M	0.0107343466314055
Median	37.5	M	0.0107343466314055
Mean	48.3769230769231	M	0.0107343466314055
3rd Qu.	58.5	M	0.0107343466314055
Max.	292	M	0.0107343466314055
Min.	1	F	0.0107343466314055
1st Qu.	14	F	0.0107343466314055
Median	29	F	0.0107343466314055
Mean	39.4319526627219	F	0.0107343466314055
3rd Qu.	50	F	0.0107343466314055
Max.	292	F	0.0107343466314055
