Values	total	status	pValue
Min.	3	M	0.7572668951460247
1st Qu.	15	M	0.7572668951460247
Median	25.5	M	0.7572668951460247
Mean	27.9166666666667	M	0.7572668951460247
3rd Qu.	31.25	M	0.7572668951460247
Max.	93	M	0.7572668951460247
Min.	4	F	0.7572668951460247
1st Qu.	12.5	F	0.7572668951460247
Median	19	F	0.7572668951460247
Mean	23.25	F	0.7572668951460247
3rd Qu.	31.75	F	0.7572668951460247
Max.	51	F	0.7572668951460247
