Values	total	status	pValue
Min.	0	M	0.003681400806718078
1st Qu.	8	M	0.003681400806718078
Median	15	M	0.003681400806718078
Mean	20.6846153846154	M	0.003681400806718078
3rd Qu.	27	M	0.003681400806718078
Max.	157	M	0.003681400806718078
Min.	0	F	0.003681400806718078
1st Qu.	5	F	0.003681400806718078
Median	10	F	0.003681400806718078
Mean	15.4260355029586	F	0.003681400806718078
3rd Qu.	22	F	0.003681400806718078
Max.	74	F	0.003681400806718078
