Values	total	status	pValue
Min.	9	M	0.48304077869797174
1st Qu.	16.5	M	0.48304077869797174
Median	23	M	0.48304077869797174
Mean	32.1818181818182	M	0.48304077869797174
3rd Qu.	51	M	0.48304077869797174
Max.	59	M	0.48304077869797174
Min.	12	F	0.48304077869797174
1st Qu.	14.5	F	0.48304077869797174
Median	17	F	0.48304077869797174
Mean	21.6666666666667	F	0.48304077869797174
3rd Qu.	26.5	F	0.48304077869797174
Max.	36	F	0.48304077869797174
