Values	total	status	pValue
Min.	0	M	0.5806270811346796
1st Qu.	4	M	0.5806270811346796
Median	7	M	0.5806270811346796
Mean	10.0609756097561	M	0.5806270811346796
3rd Qu.	13	M	0.5806270811346796
Max.	46	M	0.5806270811346796
Min.	0	F	0.5806270811346796
1st Qu.	3	F	0.5806270811346796
Median	7.5	F	0.5806270811346796
Mean	10.2127659574468	F	0.5806270811346796
3rd Qu.	14	F	0.5806270811346796
Max.	65	F	0.5806270811346796
