Values	total	status	pValue
Min.	1	M	0.7568224235906109
1st Qu.	5.25	M	0.7568224235906109
Median	12.5	M	0.7568224235906109
Mean	14.0833333333333	M	0.7568224235906109
3rd Qu.	19.5	M	0.7568224235906109
Max.	46	M	0.7568224235906109
Min.	1	F	0.7568224235906109
1st Qu.	1.75	F	0.7568224235906109
Median	12.5	F	0.7568224235906109
Mean	13.5	F	0.7568224235906109
3rd Qu.	19.75	F	0.7568224235906109
Max.	34	F	0.7568224235906109
