Values	total	status	pValue
Min.	0	M	0.011072934414564686
1st Qu.	4	M	0.011072934414564686
Median	8	M	0.011072934414564686
Mean	12.0461538461538	M	0.011072934414564686
3rd Qu.	15.75	M	0.011072934414564686
Max.	107	M	0.011072934414564686
Min.	0	F	0.011072934414564686
1st Qu.	3	F	0.011072934414564686
Median	6	F	0.011072934414564686
Mean	8.21301775147929	F	0.011072934414564686
3rd Qu.	12	F	0.011072934414564686
Max.	54	F	0.011072934414564686
