Values	total	status	pValue
Min.	2	M	0.6593406593406593
1st Qu.	9.5	M	0.6593406593406593
Median	31	M	0.6593406593406593
Mean	45.5454545454545	M	0.6593406593406593
3rd Qu.	69.5	M	0.6593406593406593
Max.	125	M	0.6593406593406593
Min.	4	F	0.6593406593406593
1st Qu.	8.5	F	0.6593406593406593
Median	13	F	0.6593406593406593
Mean	28.3333333333333	F	0.6593406593406593
3rd Qu.	40.5	F	0.6593406593406593
Max.	68	F	0.6593406593406593
