Values	total	status	pValue
Min.	1	M	0.44577192644456487
1st Qu.	12	M	0.44577192644456487
Median	24.5	M	0.44577192644456487
Mean	30.6341463414634	M	0.44577192644456487
3rd Qu.	35	M	0.44577192644456487
Max.	149	M	0.44577192644456487
Min.	0	F	0.44577192644456487
1st Qu.	12.25	F	0.44577192644456487
Median	18.5	F	0.44577192644456487
Mean	25.4255319148936	F	0.44577192644456487
3rd Qu.	37.5	F	0.44577192644456487
Max.	107	F	0.44577192644456487
