Values	total	status	pValue
Min.	1	M	0.05280655095084205
1st Qu.	9	M	0.05280655095084205
Median	14	M	0.05280655095084205
Mean	18.7642276422764	M	0.05280655095084205
3rd Qu.	22	M	0.05280655095084205
Max.	163	M	0.05280655095084205
Min.	0	F	0.05280655095084205
1st Qu.	11	F	0.05280655095084205
Median	18	F	0.05280655095084205
Mean	22.2083333333333	F	0.05280655095084205
3rd Qu.	33.25	F	0.05280655095084205
Max.	76	F	0.05280655095084205
