Values	total	status	pValue
Min.	2	M	0.27642824567475
1st Qu.	27	M	0.27642824567475
Median	31.5	M	0.27642824567475
Mean	33.25	M	0.27642824567475
3rd Qu.	44.75	M	0.27642824567475
Max.	64	M	0.27642824567475
Min.	0	F	0.27642824567475
1st Qu.	12.5	F	0.27642824567475
Median	25	F	0.27642824567475
Mean	20.3333333333333	F	0.27642824567475
3rd Qu.	30.5	F	0.27642824567475
Max.	36	F	0.27642824567475
