Values	total	status	pValue
Min.	1	M	0.2178059103509814
1st Qu.	7	M	0.2178059103509814
Median	9	M	0.2178059103509814
Mean	9.08333333333333	M	0.2178059103509814
3rd Qu.	12.25	M	0.2178059103509814
Max.	14	M	0.2178059103509814
Min.	0	F	0.2178059103509814
1st Qu.	2.5	F	0.2178059103509814
Median	5	F	0.2178059103509814
Mean	5.33333333333333	F	0.2178059103509814
3rd Qu.	8	F	0.2178059103509814
Max.	11	F	0.2178059103509814
