Values	total	status	pValue
Min.	1	M	0.10849318331453234
1st Qu.	3	M	0.10849318331453234
Median	4.5	M	0.10849318331453234
Mean	5.08333333333333	M	0.10849318331453234
3rd Qu.	6.5	M	0.10849318331453234
Max.	11	M	0.10849318331453234
Min.	0	F	0.10849318331453234
1st Qu.	1	F	0.10849318331453234
Median	2	F	0.10849318331453234
Mean	2	F	0.10849318331453234
3rd Qu.	3	F	0.10849318331453234
Max.	4	F	0.10849318331453234
