Values	total	status	pValue
Min.	2	M	0.29507038802083724
1st Qu.	23	M	0.29507038802083724
Median	30	M	0.29507038802083724
Mean	38.0325203252033	M	0.29507038802083724
3rd Qu.	42	M	0.29507038802083724
Max.	244	M	0.29507038802083724
Min.	5	F	0.29507038802083724
1st Qu.	25.5	F	0.29507038802083724
Median	32	F	0.29507038802083724
Mean	37.0208333333333	F	0.29507038802083724
3rd Qu.	48.5	F	0.29507038802083724
Max.	83	F	0.29507038802083724
