Values	total	status	pValue
Min.	0	M	0.19439806311453986
1st Qu.	2	M	0.19439806311453986
Median	7	M	0.19439806311453986
Mean	9.93305439330544	M	0.19439806311453986
3rd Qu.	13	M	0.19439806311453986
Max.	61	M	0.19439806311453986
Min.	0	F	0.19439806311453986
1st Qu.	2	F	0.19439806311453986
Median	6	F	0.19439806311453986
Mean	8.86231884057971	F	0.19439806311453986
3rd Qu.	12.25	F	0.19439806311453986
Max.	60	F	0.19439806311453986
