Values	total	status	pValue
Min.	0	M	0.041209743933771914
1st Qu.	9	M	0.041209743933771914
Median	14	M	0.041209743933771914
Mean	14.7857142857143	M	0.041209743933771914
3rd Qu.	18.75	M	0.041209743933771914
Max.	58	M	0.041209743933771914
Min.	0	F	0.041209743933771914
1st Qu.	7	F	0.041209743933771914
Median	11.5	F	0.041209743933771914
Mean	77.6538461538462	F	0.041209743933771914
3rd Qu.	15	F	0.041209743933771914
Max.	5152	F	0.041209743933771914
