Values	total	status	pValue
Min.	0	M	0.05165708950329367
1st Qu.	5	M	0.05165708950329367
Median	8	M	0.05165708950329367
Mean	9.5265306122449	M	0.05165708950329367
3rd Qu.	11	M	0.05165708950329367
Max.	98	M	0.05165708950329367
Min.	0	F	0.05165708950329367
1st Qu.	3.5	F	0.05165708950329367
Median	7	F	0.05165708950329367
Mean	7.53781512605042	F	0.05165708950329367
3rd Qu.	11	F	0.05165708950329367
Max.	25	F	0.05165708950329367
