Values	total	status	pValue
Min.	0	M	0.0707586227677803
1st Qu.	3	M	0.0707586227677803
Median	4	M	0.0707586227677803
Mean	4.38425925925926	M	0.0707586227677803
3rd Qu.	6	M	0.0707586227677803
Max.	13	M	0.0707586227677803
Min.	0	F	0.0707586227677803
1st Qu.	3	F	0.0707586227677803
Median	4	F	0.0707586227677803
Mean	5.875	F	0.0707586227677803
3rd Qu.	7	F	0.0707586227677803
Max.	105	F	0.0707586227677803
