Values	total	status	pValue
Min.	0	M	0.18264315370134587
1st Qu.	2	M	0.18264315370134587
Median	3	M	0.18264315370134587
Mean	4.84285714285714	M	0.18264315370134587
3rd Qu.	5	M	0.18264315370134587
Max.	59	M	0.18264315370134587
Min.	0	F	0.18264315370134587
1st Qu.	1	F	0.18264315370134587
Median	4	F	0.18264315370134587
Mean	7.03821656050955	F	0.18264315370134587
3rd Qu.	7	F	0.18264315370134587
Max.	260	F	0.18264315370134587
