Values	total	status	pValue
Min.	0	M	0.043158363603858524
1st Qu.	5	M	0.043158363603858524
Median	9	M	0.043158363603858524
Mean	14.2203947368421	M	0.043158363603858524
3rd Qu.	15	M	0.043158363603858524
Max.	492	M	0.043158363603858524
Min.	0	F	0.043158363603858524
1st Qu.	4	F	0.043158363603858524
Median	8	F	0.043158363603858524
Mean	10.4907407407407	F	0.043158363603858524
3rd Qu.	13	F	0.043158363603858524
Max.	74	F	0.043158363603858524
