Values	total	status	pValue
Min.	0	M	0.001884938804029149
1st Qu.	3	M	0.001884938804029149
Median	4	M	0.001884938804029149
Mean	5.1609756097561	M	0.001884938804029149
3rd Qu.	7	M	0.001884938804029149
Max.	16	M	0.001884938804029149
Min.	0	F	0.001884938804029149
1st Qu.	2	F	0.001884938804029149
Median	3	F	0.001884938804029149
Mean	3.82894736842105	F	0.001884938804029149
3rd Qu.	5.25	F	0.001884938804029149
Max.	12	F	0.001884938804029149
