Values	total	status	pValue
Min.	0	M	0.16265364898233858
1st Qu.	0	M	0.16265364898233858
Median	1	M	0.16265364898233858
Mean	0.806122448979592	M	0.16265364898233858
3rd Qu.	1	M	0.16265364898233858
Max.	4	M	0.16265364898233858
Min.	0	F	0.16265364898233858
1st Qu.	0	F	0.16265364898233858
Median	0	F	0.16265364898233858
Mean	6.21794871794872	F	0.16265364898233858
3rd Qu.	1	F	0.16265364898233858
Max.	442	F	0.16265364898233858
