Values	total	status	pValue
Min.	0	M	0.23817526882537696
1st Qu.	3	M	0.23817526882537696
Median	7	M	0.23817526882537696
Mean	11.0243902439024	M	0.23817526882537696
3rd Qu.	12	M	0.23817526882537696
Max.	759	M	0.23817526882537696
Min.	0	F	0.23817526882537696
1st Qu.	3.25	F	0.23817526882537696
Median	6	F	0.23817526882537696
Mean	8.52173913043478	F	0.23817526882537696
3rd Qu.	10.75	F	0.23817526882537696
Max.	52	F	0.23817526882537696
