Values	total	status	pValue
Min.	1	M	0.9849893078697448
1st Qu.	6	M	0.9849893078697448
Median	8	M	0.9849893078697448
Mean	8.91203703703704	M	0.9849893078697448
3rd Qu.	11	M	0.9849893078697448
Max.	24	M	0.9849893078697448
Min.	1	F	0.9849893078697448
1st Qu.	6	F	0.9849893078697448
Median	9	F	0.9849893078697448
Mean	9.70833333333333	F	0.9849893078697448
3rd Qu.	12	F	0.9849893078697448
Max.	100	F	0.9849893078697448
