Values	total	status	pValue
Min.	0	M	0.08308169437060485
1st Qu.	6	M	0.08308169437060485
Median	12	M	0.08308169437060485
Mean	18.5857740585774	M	0.08308169437060485
3rd Qu.	23.5	M	0.08308169437060485
Max.	102	M	0.08308169437060485
Min.	0	F	0.08308169437060485
1st Qu.	4	F	0.08308169437060485
Median	10	F	0.08308169437060485
Mean	15.5507246376812	F	0.08308169437060485
3rd Qu.	22.25	F	0.08308169437060485
Max.	98	F	0.08308169437060485
