Values	total	status	pValue
Min.	0	M	0.24168500498389897
1st Qu.	1	M	0.24168500498389897
Median	2	M	0.24168500498389897
Mean	3.94736842105263	M	0.24168500498389897
3rd Qu.	5	M	0.24168500498389897
Max.	51	M	0.24168500498389897
Min.	0	F	0.24168500498389897
1st Qu.	1	F	0.24168500498389897
Median	2	F	0.24168500498389897
Mean	4.12962962962963	F	0.24168500498389897
3rd Qu.	4.25	F	0.24168500498389897
Max.	46	F	0.24168500498389897
