Values	total	status	pValue
Min.	0	M	0.9069897161075814
1st Qu.	2	M	0.9069897161075814
Median	3	M	0.9069897161075814
Mean	6.43089430894309	M	0.9069897161075814
3rd Qu.	6	M	0.9069897161075814
Max.	634	M	0.9069897161075814
Min.	0	F	0.9069897161075814
1st Qu.	2	F	0.9069897161075814
Median	3	F	0.9069897161075814
Mean	4.71739130434783	F	0.9069897161075814
3rd Qu.	6	F	0.9069897161075814
Max.	33	F	0.9069897161075814
