Values	total	status	pValue
Min.	0	M	0.27850355676111027
1st Qu.	0	M	0.27850355676111027
Median	1	M	0.27850355676111027
Mean	1.05102040816327	M	0.27850355676111027
3rd Qu.	1	M	0.27850355676111027
Max.	7	M	0.27850355676111027
Min.	0	F	0.27850355676111027
1st Qu.	0	F	0.27850355676111027
Median	1	F	0.27850355676111027
Mean	1.66666666666667	F	0.27850355676111027
3rd Qu.	1	F	0.27850355676111027
Max.	70	F	0.27850355676111027
