Values	total	status	pValue
Min.	0	M	0.9377789376692925
1st Qu.	0	M	0.9377789376692925
Median	1	M	0.9377789376692925
Mean	0.871794871794872	M	0.9377789376692925
3rd Qu.	1	M	0.9377789376692925
Max.	7	M	0.9377789376692925
Min.	0	F	0.9377789376692925
1st Qu.	0	F	0.9377789376692925
Median	1	F	0.9377789376692925
Mean	0.777777777777778	F	0.9377789376692925
3rd Qu.	1	F	0.9377789376692925
Max.	3	F	0.9377789376692925
