Values	total	status	pValue
Min.	0	M	0.0016524127268973637
1st Qu.	4	M	0.0016524127268973637
Median	6	M	0.0016524127268973637
Mean	6.15121951219512	M	0.0016524127268973637
3rd Qu.	8	M	0.0016524127268973637
Max.	18	M	0.0016524127268973637
Min.	0	F	0.0016524127268973637
1st Qu.	3	F	0.0016524127268973637
Median	4	F	0.0016524127268973637
Mean	4.77631578947368	F	0.0016524127268973637
3rd Qu.	6	F	0.0016524127268973637
Max.	14	F	0.0016524127268973637
