Values	total	status	pValue
Min.	0	M	0.014450738427350257
1st Qu.	10.75	M	0.014450738427350257
Median	27.5	M	0.014450738427350257
Mean	41.0822368421053	M	0.014450738427350257
3rd Qu.	53.5	M	0.014450738427350257
Max.	514	M	0.014450738427350257
Min.	0	F	0.014450738427350257
1st Qu.	7	F	0.014450738427350257
Median	17.5	F	0.014450738427350257
Mean	31.6203703703704	F	0.014450738427350257
3rd Qu.	38.5	F	0.014450738427350257
Max.	201	F	0.014450738427350257
