Values	total	status	pValue
Min.	0	M	0.010148823945277663
1st Qu.	2	M	0.010148823945277663
Median	3	M	0.010148823945277663
Mean	3.61951219512195	M	0.010148823945277663
3rd Qu.	5	M	0.010148823945277663
Max.	11	M	0.010148823945277663
Min.	0	F	0.010148823945277663
1st Qu.	1	F	0.010148823945277663
Median	3	F	0.010148823945277663
Mean	3.18421052631579	F	0.010148823945277663
3rd Qu.	4	F	0.010148823945277663
Max.	26	F	0.010148823945277663
