Values	total	status	pValue
Min.	0	M	0.36895068178691415
1st Qu.	2	M	0.36895068178691415
Median	3	M	0.36895068178691415
Mean	2.88888888888889	M	0.36895068178691415
3rd Qu.	4	M	0.36895068178691415
Max.	5	M	0.36895068178691415
Min.	0	F	0.36895068178691415
1st Qu.	0.25	F	0.36895068178691415
Median	2	F	0.36895068178691415
Mean	2	F	0.36895068178691415
3rd Qu.	3.75	F	0.36895068178691415
Max.	4	F	0.36895068178691415
