Values	total	status	pValue
Min.	0	M	0.43283263389443855
1st Qu.	1	M	0.43283263389443855
Median	4	M	0.43283263389443855
Mean	3.11111111111111	M	0.43283263389443855
3rd Qu.	5	M	0.43283263389443855
Max.	6	M	0.43283263389443855
Min.	0	F	0.43283263389443855
1st Qu.	0	F	0.43283263389443855
Median	2	F	0.43283263389443855
Mean	2.125	F	0.43283263389443855
3rd Qu.	2.75	F	0.43283263389443855
Max.	6	F	0.43283263389443855
