Values	total	status	pValue
Min.	0	M	0.9521501723873973
1st Qu.	1	M	0.9521501723873973
Median	2	M	0.9521501723873973
Mean	3.55555555555556	M	0.9521501723873973
3rd Qu.	3	M	0.9521501723873973
Max.	17	M	0.9521501723873973
Min.	1	F	0.9521501723873973
1st Qu.	1.25	F	0.9521501723873973
Median	2	F	0.9521501723873973
Mean	2.33333333333333	F	0.9521501723873973
3rd Qu.	3.5	F	0.9521501723873973
Max.	4	F	0.9521501723873973
