Values	total	status	pValue
Min.	0	M	0.26697019959648366
1st Qu.	0	M	0.26697019959648366
Median	1	M	0.26697019959648366
Mean	1.11111111111111	M	0.26697019959648366
3rd Qu.	1	M	0.26697019959648366
Max.	3	M	0.26697019959648366
Min.	0	F	0.26697019959648366
1st Qu.	0	F	0.26697019959648366
Median	0	F	0.26697019959648366
Mean	0.75	F	0.26697019959648366
3rd Qu.	0.75	F	0.26697019959648366
Max.	3	F	0.26697019959648366
