Values	total	status	pValue
Min.	0	M	0.45298384944388104
1st Qu.	0	M	0.45298384944388104
Median	1	M	0.45298384944388104
Mean	1.05479452054795	M	0.45298384944388104
3rd Qu.	2	M	0.45298384944388104
Max.	7	M	0.45298384944388104
Min.	0	F	0.45298384944388104
1st Qu.	0	F	0.45298384944388104
Median	1	F	0.45298384944388104
Mean	2.01818181818182	F	0.45298384944388104
3rd Qu.	1	F	0.45298384944388104
Max.	70	F	0.45298384944388104
