Values	total	status	pValue
Min.	0	M	0.6808788757761589
1st Qu.	1	M	0.6808788757761589
Median	1	M	0.6808788757761589
Mean	1.87671232876712	M	0.6808788757761589
3rd Qu.	2	M	0.6808788757761589
Max.	18	M	0.6808788757761589
Min.	0	F	0.6808788757761589
1st Qu.	0	F	0.6808788757761589
Median	1	F	0.6808788757761589
Mean	1.96363636363636	F	0.6808788757761589
3rd Qu.	2	F	0.6808788757761589
Max.	12	F	0.6808788757761589
