Values	total	status	pValue
Min.	0	M	0.03078235245494562
1st Qu.	10	M	0.03078235245494562
Median	14	M	0.03078235245494562
Mean	15.1369863013699	M	0.03078235245494562
3rd Qu.	18	M	0.03078235245494562
Max.	58	M	0.03078235245494562
Min.	0	F	0.03078235245494562
1st Qu.	7	F	0.03078235245494562
Median	11	F	0.03078235245494562
Mean	105.145454545455	F	0.03078235245494562
3rd Qu.	15	F	0.03078235245494562
Max.	5152	F	0.03078235245494562
