Values	total	status	pValue
Min.	0	M	0.837666845810513
1st Qu.	0	M	0.837666845810513
Median	1	M	0.837666845810513
Mean	1.11111111111111	M	0.837666845810513
3rd Qu.	2	M	0.837666845810513
Max.	3	M	0.837666845810513
Min.	0	F	0.837666845810513
1st Qu.	0	F	0.837666845810513
Median	0.5	F	0.837666845810513
Mean	1.375	F	0.837666845810513
3rd Qu.	1.25	F	0.837666845810513
Max.	7	F	0.837666845810513
