Values	total	status	pValue
Min.	1	M	0.8336340033550976
1st Qu.	5.5	M	0.8336340033550976
Median	10	M	0.8336340033550976
Mean	27.6349206349206	M	0.8336340033550976
3rd Qu.	20	M	0.8336340033550976
Max.	351	M	0.8336340033550976
Min.	0	F	0.8336340033550976
1st Qu.	4.75	F	0.8336340033550976
Median	8.5	F	0.8336340033550976
Mean	54.975	F	0.8336340033550976
3rd Qu.	62.5	F	0.8336340033550976
Max.	1012	F	0.8336340033550976
