Values	total	status	pValue
Min.	0	M	0.559649005243379
1st Qu.	19	M	0.559649005243379
Median	28	M	0.559649005243379
Mean	47.2692307692308	M	0.559649005243379
3rd Qu.	39	M	0.559649005243379
Max.	694	M	0.559649005243379
Min.	3	F	0.559649005243379
1st Qu.	17	F	0.559649005243379
Median	32	F	0.559649005243379
Mean	58.2333333333333	F	0.559649005243379
3rd Qu.	44.75	F	0.559649005243379
Max.	431	F	0.559649005243379
