Values	total	status	pValue
Min.	0	M	0.10855989789336501
1st Qu.	1.75	M	0.10855989789336501
Median	2	M	0.10855989789336501
Mean	8.58333333333333	M	0.10855989789336501
3rd Qu.	12.75	M	0.10855989789336501
Max.	42	M	0.10855989789336501
Min.	2	F	0.10855989789336501
1st Qu.	3.5	F	0.10855989789336501
Median	12	F	0.10855989789336501
Mean	18.625	F	0.10855989789336501
3rd Qu.	29	F	0.10855989789336501
Max.	57	F	0.10855989789336501
