Values	total	status	pValue
Min.	0	M	0.7008746797855652
1st Qu.	2	M	0.7008746797855652
Median	4	M	0.7008746797855652
Mean	5.3936170212766	M	0.7008746797855652
3rd Qu.	6.75	M	0.7008746797855652
Max.	51	M	0.7008746797855652
Min.	0	F	0.7008746797855652
1st Qu.	2	F	0.7008746797855652
Median	4	F	0.7008746797855652
Mean	4.93220338983051	F	0.7008746797855652
3rd Qu.	6.5	F	0.7008746797855652
Max.	17	F	0.7008746797855652
