Values	total	status	pValue
Min.	0	M	0.004133304135911056
1st Qu.	3.5	M	0.004133304135911056
Median	6	M	0.004133304135911056
Mean	7.51612903225806	M	0.004133304135911056
3rd Qu.	8	M	0.004133304135911056
Max.	40	M	0.004133304135911056
Min.	0	F	0.004133304135911056
1st Qu.	0.75	F	0.004133304135911056
Median	2	F	0.004133304135911056
Mean	3.2	F	0.004133304135911056
3rd Qu.	4	F	0.004133304135911056
Max.	17	F	0.004133304135911056
