Values	total	status	pValue
Min.	0	M	0.2808357330344525
1st Qu.	3.5	M	0.2808357330344525
Median	7	M	0.2808357330344525
Mean	21.9206349206349	M	0.2808357330344525
3rd Qu.	15	M	0.2808357330344525
Max.	315	M	0.2808357330344525
Min.	0	F	0.2808357330344525
1st Qu.	4	F	0.2808357330344525
Median	6.5	F	0.2808357330344525
Mean	49.575	F	0.2808357330344525
3rd Qu.	53.25	F	0.2808357330344525
Max.	889	F	0.2808357330344525
