Values	total	status	pValue
Min.	0	M	0.6440239804495929
1st Qu.	2	M	0.6440239804495929
Median	4	M	0.6440239804495929
Mean	5.71428571428571	M	0.6440239804495929
3rd Qu.	8	M	0.6440239804495929
Max.	23	M	0.6440239804495929
Min.	0	F	0.6440239804495929
1st Qu.	2	F	0.6440239804495929
Median	5	F	0.6440239804495929
Mean	6.625	F	0.6440239804495929
3rd Qu.	8	F	0.6440239804495929
Max.	34	F	0.6440239804495929
