Values	total	status	pValue
Min.	0	M	0.9728574983016852
1st Qu.	2.5	M	0.9728574983016852
Median	4	M	0.9728574983016852
Mean	5.6031746031746	M	0.9728574983016852
3rd Qu.	8	M	0.9728574983016852
Max.	21	M	0.9728574983016852
Min.	0	F	0.9728574983016852
1st Qu.	2	F	0.9728574983016852
Median	5	F	0.9728574983016852
Mean	6.425	F	0.9728574983016852
3rd Qu.	7	F	0.9728574983016852
Max.	38	F	0.9728574983016852
