Values	total	status	pValue
Min.	0	M	0.036954408582009414
1st Qu.	4.25	M	0.036954408582009414
Median	8	M	0.036954408582009414
Mean	42.6063829787234	M	0.036954408582009414
3rd Qu.	23.75	M	0.036954408582009414
Max.	1094	M	0.036954408582009414
Min.	0	F	0.036954408582009414
1st Qu.	5.5	F	0.036954408582009414
Median	13	F	0.036954408582009414
Mean	47.1694915254237	F	0.036954408582009414
3rd Qu.	82	F	0.036954408582009414
Max.	316	F	0.036954408582009414
