Values	total	status	pValue
Min.	0	M	0.8773050195232587
1st Qu.	18	M	0.8773050195232587
Median	27.5	M	0.8773050195232587
Mean	45.7564102564103	M	0.8773050195232587
3rd Qu.	38.5	M	0.8773050195232587
Max.	670	M	0.8773050195232587
Min.	3	F	0.8773050195232587
1st Qu.	14.25	F	0.8773050195232587
Median	29.5	F	0.8773050195232587
Mean	53.3666666666667	F	0.8773050195232587
3rd Qu.	36.75	F	0.8773050195232587
Max.	447	F	0.8773050195232587
