Values	total	status	pValue
Min.	10	M	0.02581300832966645
1st Qu.	19	M	0.02581300832966645
Median	39	M	0.02581300832966645
Mean	84.6129032258064	M	0.02581300832966645
3rd Qu.	83.5	M	0.02581300832966645
Max.	492	M	0.02581300832966645
Min.	1	F	0.02581300832966645
1st Qu.	11.5	F	0.02581300832966645
Median	19.5	F	0.02581300832966645
Mean	58.55	F	0.02581300832966645
3rd Qu.	32	F	0.02581300832966645
Max.	474	F	0.02581300832966645
