Values	total	status	pValue
Min.	0	M	0.885239717490187
1st Qu.	3	M	0.885239717490187
Median	7	M	0.885239717490187
Mean	14.0897435897436	M	0.885239717490187
3rd Qu.	11.75	M	0.885239717490187
Max.	238	M	0.885239717490187
Min.	0	F	0.885239717490187
1st Qu.	4	F	0.885239717490187
Median	8	F	0.885239717490187
Mean	15.3	F	0.885239717490187
3rd Qu.	11	F	0.885239717490187
Max.	108	F	0.885239717490187
