Values	total	status	pValue
Min.	0	NS	0.5563815598120108
1st Qu.	0.5	NS	0.5563815598120108
Median	1	NS	0.5563815598120108
Mean	1.54545454545455	NS	0.5563815598120108
3rd Qu.	2	NS	0.5563815598120108
Max.	5	NS	0.5563815598120108
Min.	0	S	0.5563815598120108
1st Qu.	1	S	0.5563815598120108
Median	2	S	0.5563815598120108
Mean	1.88888888888889	S	0.5563815598120108
3rd Qu.	2	S	0.5563815598120108
Max.	5	S	0.5563815598120108
