Values	total	status	pValue
Min.	0	NS	0.112989951244838
1st Qu.	0	NS	0.112989951244838
Median	0	NS	0.112989951244838
Mean	1	NS	0.112989951244838
3rd Qu.	1.5	NS	0.112989951244838
Max.	3	NS	0.112989951244838
Min.	0	S	0.112989951244838
1st Qu.	1	S	0.112989951244838
Median	2.5	S	0.112989951244838
Mean	2.75	S	0.112989951244838
3rd Qu.	4	S	0.112989951244838
Max.	9	S	0.112989951244838
