Values	total	status	pValue
Min.	0	NS	0.44775659641908566
1st Qu.	0	NS	0.44775659641908566
Median	0	NS	0.44775659641908566
Mean	0.363636363636364	NS	0.44775659641908566
3rd Qu.	1	NS	0.44775659641908566
Max.	4	NS	0.44775659641908566
Min.	0	S	0.44775659641908566
1st Qu.	0	S	0.44775659641908566
Median	0	S	0.44775659641908566
Mean	0.545454545454545	S	0.44775659641908566
3rd Qu.	1	S	0.44775659641908566
Max.	2	S	0.44775659641908566
