Values	total	status	pValue
Min.	16	smoker	0.9717725686765935
1st Qu.	35	smoker	0.9717725686765935
Median	66	smoker	0.9717725686765935
Mean	70.0769230769231	smoker	0.9717725686765935
3rd Qu.	98	smoker	0.9717725686765935
Max.	166	smoker	0.9717725686765935
Min.	23	non-smoker	0.9717725686765935
1st Qu.	43	non-smoker	0.9717725686765935
Median	60.5	non-smoker	0.9717725686765935
Mean	105	non-smoker	0.9717725686765935
3rd Qu.	71.5	non-smoker	0.9717725686765935
Max.	458	non-smoker	0.9717725686765935
