NS	S	info
0.019086593784581416	2.7971527555802747e-5	rsquared values comparing age vs mutational burden
