NS	S	info
0.21004318411308318	0.10371375947870191	rsquared values comparing age vs mutational burden
