NS	S	info
0.04720535281840266	0.014457099621034489	rsquared values comparing age vs mutational burden
