NS	S	info
0.025513746764663597	6.0241208631397336e-5	rsquared values comparing age vs mutational burden
