Values	total	status	pValue
Min.	0	NS	0.07920419463193393
1st Qu.	0	NS	0.07920419463193393
Median	1.5	NS	0.07920419463193393
Mean	1.45	NS	0.07920419463193393
3rd Qu.	2	NS	0.07920419463193393
Max.	5	NS	0.07920419463193393
Min.	0	S	0.07920419463193393
1st Qu.	0	S	0.07920419463193393
Median	1	S	0.07920419463193393
Mean	1.10344827586207	S	0.07920419463193393
3rd Qu.	1	S	0.07920419463193393
Max.	13	S	0.07920419463193393
