Values	total	status	pValue
Min.	0	NS	0.15539977248322526
1st Qu.	0	NS	0.15539977248322526
Median	0	NS	0.15539977248322526
Mean	0.345454545454545	NS	0.15539977248322526
3rd Qu.	0.5	NS	0.15539977248322526
Max.	4	NS	0.15539977248322526
Min.	0	S	0.15539977248322526
1st Qu.	0	S	0.15539977248322526
Median	0	S	0.15539977248322526
Mean	0.636363636363636	S	0.15539977248322526
3rd Qu.	1	S	0.15539977248322526
Max.	2	S	0.15539977248322526
