Values	total	status	pValue
Min.	0	NS	0.0016567451743896913
1st Qu.	0	NS	0.0016567451743896913
Median	1	NS	0.0016567451743896913
Mean	0.839449541284404	NS	0.0016567451743896913
3rd Qu.	1	NS	0.0016567451743896913
Max.	6	NS	0.0016567451743896913
Min.	0	S	0.0016567451743896913
1st Qu.	0	S	0.0016567451743896913
Median	1	S	0.0016567451743896913
Mean	1.48771929824561	S	0.0016567451743896913
3rd Qu.	2	S	0.0016567451743896913
Max.	22	S	0.0016567451743896913
