Values	total	status	pValue
Min.	0	M	0.1794058382482708
1st Qu.	7	M	0.1794058382482708
Median	18.5	M	0.1794058382482708
Mean	27.9593023255814	M	0.1794058382482708
3rd Qu.	34	M	0.1794058382482708
Max.	218	M	0.1794058382482708
Min.	0	F	0.1794058382482708
1st Qu.	5	F	0.1794058382482708
Median	15	F	0.1794058382482708
Mean	23.6307692307692	F	0.1794058382482708
3rd Qu.	28	F	0.1794058382482708
Max.	120	F	0.1794058382482708
