Values	total	status	pValue
Min.	0	M	0.07149994759360594
1st Qu.	0	M	0.07149994759360594
Median	1	M	0.07149994759360594
Mean	1.47058823529412	M	0.07149994759360594
3rd Qu.	3	M	0.07149994759360594
Max.	4	M	0.07149994759360594
Min.	2	F	0.07149994759360594
1st Qu.	3	F	0.07149994759360594
Median	4	F	0.07149994759360594
Mean	3.33333333333333	F	0.07149994759360594
3rd Qu.	4	F	0.07149994759360594
Max.	4	F	0.07149994759360594
