Values	total	status	pValue
Min.	1	M	0.3431129599762322
1st Qu.	2	M	0.3431129599762322
Median	3	M	0.3431129599762322
Mean	2.88888888888889	M	0.3431129599762322
3rd Qu.	4	M	0.3431129599762322
Max.	6	M	0.3431129599762322
Min.	0	F	0.3431129599762322
1st Qu.	0	F	0.3431129599762322
Median	2	F	0.3431129599762322
Mean	2.6	F	0.3431129599762322
3rd Qu.	2	F	0.3431129599762322
Max.	9	F	0.3431129599762322
