Values	total	status	pValue
Min.	0	M	0.9453261097575093
1st Qu.	1	M	0.9453261097575093
Median	2	M	0.9453261097575093
Mean	1.55555555555556	M	0.9453261097575093
3rd Qu.	2	M	0.9453261097575093
Max.	3	M	0.9453261097575093
Min.	0	F	0.9453261097575093
1st Qu.	1	F	0.9453261097575093
Median	1	F	0.9453261097575093
Mean	1.8	F	0.9453261097575093
3rd Qu.	2	F	0.9453261097575093
Max.	5	F	0.9453261097575093
