Values	total	status	pValue
Min.	0	M	0.16142841644114264
1st Qu.	3	M	0.16142841644114264
Median	8	M	0.16142841644114264
Mean	38.4705882352941	M	0.16142841644114264
3rd Qu.	15	M	0.16142841644114264
Max.	509	M	0.16142841644114264
Min.	1	F	0.16142841644114264
1st Qu.	3	F	0.16142841644114264
Median	4	F	0.16142841644114264
Mean	4.85714285714286	F	0.16142841644114264
3rd Qu.	6	F	0.16142841644114264
Max.	11	F	0.16142841644114264
