Values	total	status	pValue
Min.	0	M	0.07362517279336364
1st Qu.	5.75	M	0.07362517279336364
Median	19.5	M	0.07362517279336364
Mean	26.2115384615385	M	0.07362517279336364
3rd Qu.	38.25	M	0.07362517279336364
Max.	103	M	0.07362517279336364
Min.	1	F	0.07362517279336364
1st Qu.	4	F	0.07362517279336364
Median	11	F	0.07362517279336364
Mean	10.9230769230769	F	0.07362517279336364
3rd Qu.	16	F	0.07362517279336364
Max.	27	F	0.07362517279336364
