Values	total	status	pValue
Min.	0	M	0.005882821578813079
1st Qu.	1	M	0.005882821578813079
Median	2	M	0.005882821578813079
Mean	4.11764705882353	M	0.005882821578813079
3rd Qu.	6	M	0.005882821578813079
Max.	22	M	0.005882821578813079
Min.	0	F	0.005882821578813079
1st Qu.	0	F	0.005882821578813079
Median	0	F	0.005882821578813079
Mean	0.428571428571429	F	0.005882821578813079
3rd Qu.	0.5	F	0.005882821578813079
Max.	2	F	0.005882821578813079
