Values	total	status	pValue
Min.	4	M	0.5742774274975249
1st Qu.	23.75	M	0.5742774274975249
Median	41	M	0.5742774274975249
Mean	61.9651162790698	M	0.5742774274975249
3rd Qu.	72.75	M	0.5742774274975249
Max.	617	M	0.5742774274975249
Min.	0	F	0.5742774274975249
1st Qu.	22	F	0.5742774274975249
Median	42	F	0.5742774274975249
Mean	63.9076923076923	F	0.5742774274975249
3rd Qu.	60	F	0.5742774274975249
Max.	777	F	0.5742774274975249
