Values	total	status	pValue
Min.	0	M	0.8948899931814552
1st Qu.	0	M	0.8948899931814552
Median	2	M	0.8948899931814552
Mean	2.63888888888889	M	0.8948899931814552
3rd Qu.	3	M	0.8948899931814552
Max.	16	M	0.8948899931814552
Min.	0	F	0.8948899931814552
1st Qu.	1	F	0.8948899931814552
Median	2	F	0.8948899931814552
Mean	3.21428571428571	F	0.8948899931814552
3rd Qu.	2.75	F	0.8948899931814552
Max.	22	F	0.8948899931814552
