Values	total	status	pValue
Min.	3	M	0.0333310901071825
1st Qu.	18	M	0.0333310901071825
Median	28	M	0.0333310901071825
Mean	32.1176470588235	M	0.0333310901071825
3rd Qu.	48	M	0.0333310901071825
Max.	63	M	0.0333310901071825
Min.	1	F	0.0333310901071825
1st Qu.	8	F	0.0333310901071825
Median	10	F	0.0333310901071825
Mean	16.4285714285714	F	0.0333310901071825
3rd Qu.	20	F	0.0333310901071825
Max.	48	F	0.0333310901071825
