Values	total	status	pValue
Min.	0	M	0.12097856930507324
1st Qu.	4	M	0.12097856930507324
Median	8	M	0.12097856930507324
Mean	11.1860465116279	M	0.12097856930507324
3rd Qu.	13.25	M	0.12097856930507324
Max.	79	M	0.12097856930507324
Min.	0	F	0.12097856930507324
1st Qu.	3	F	0.12097856930507324
Median	7	F	0.12097856930507324
Mean	9.53846153846154	F	0.12097856930507324
3rd Qu.	12	F	0.12097856930507324
Max.	58	F	0.12097856930507324
