Values	total	status	pValue
Min.	1	M	0.1506326909386497
1st Qu.	22.75	M	0.1506326909386497
Median	37.5	M	0.1506326909386497
Mean	62.0277777777778	M	0.1506326909386497
3rd Qu.	67.5	M	0.1506326909386497
Max.	493	M	0.1506326909386497
Min.	0	F	0.1506326909386497
1st Qu.	14	F	0.1506326909386497
Median	29.5	F	0.1506326909386497
Mean	38.2142857142857	F	0.1506326909386497
3rd Qu.	46	F	0.1506326909386497
Max.	182	F	0.1506326909386497
