Values	total	status	pValue
Min.	0	M	0.48491972974624964
1st Qu.	1	M	0.48491972974624964
Median	2	M	0.48491972974624964
Mean	2.21153846153846	M	0.48491972974624964
3rd Qu.	2.25	M	0.48491972974624964
Max.	10	M	0.48491972974624964
Min.	0	F	0.48491972974624964
1st Qu.	0	F	0.48491972974624964
Median	1	F	0.48491972974624964
Mean	2.30769230769231	F	0.48491972974624964
3rd Qu.	2	F	0.48491972974624964
Max.	10	F	0.48491972974624964
