Values	total	status	pValue
Min.	0	M	0.9083587682433366
1st Qu.	3	M	0.9083587682433366
Median	6.5	M	0.9083587682433366
Mean	10.5192307692308	M	0.9083587682433366
3rd Qu.	14.5	M	0.9083587682433366
Max.	64	M	0.9083587682433366
Min.	1	F	0.9083587682433366
1st Qu.	4	F	0.9083587682433366
Median	7	F	0.9083587682433366
Mean	10.4615384615385	F	0.9083587682433366
3rd Qu.	16	F	0.9083587682433366
Max.	30	F	0.9083587682433366
