Values	total	status	pValue
Min.	0	M	0.9338587107888182
1st Qu.	1	M	0.9338587107888182
Median	2.5	M	0.9338587107888182
Mean	4.63461538461539	M	0.9338587107888182
3rd Qu.	5	M	0.9338587107888182
Max.	37	M	0.9338587107888182
Min.	0	F	0.9338587107888182
1st Qu.	2	F	0.9338587107888182
Median	3	F	0.9338587107888182
Mean	4.38461538461539	F	0.9338587107888182
3rd Qu.	4	F	0.9338587107888182
Max.	18	F	0.9338587107888182
