Values	total	status	pValue
Min.	0	M	0.549334736897131
1st Qu.	0	M	0.549334736897131
Median	1	M	0.549334736897131
Mean	0.777777777777778	M	0.549334736897131
3rd Qu.	1	M	0.549334736897131
Max.	2	M	0.549334736897131
Min.	0	F	0.549334736897131
1st Qu.	1	F	0.549334736897131
Median	1	F	0.549334736897131
Mean	3.6	F	0.549334736897131
3rd Qu.	1	F	0.549334736897131
Max.	15	F	0.549334736897131
