Values	total	status	pValue
Min.	0	M	0.0021828735872482788
1st Qu.	3.5	M	0.0021828735872482788
Median	5	M	0.0021828735872482788
Mean	5.38461538461539	M	0.0021828735872482788
3rd Qu.	8	M	0.0021828735872482788
Max.	12	M	0.0021828735872482788
Min.	0	F	0.0021828735872482788
1st Qu.	1	F	0.0021828735872482788
Median	2	F	0.0021828735872482788
Mean	2.42857142857143	F	0.0021828735872482788
3rd Qu.	3.75	F	0.0021828735872482788
Max.	7	F	0.0021828735872482788
