Values	total	status	pValue
Min.	2	M	0.0038661590999799805
1st Qu.	19.5	M	0.0038661590999799805
Median	25	M	0.0038661590999799805
Mean	27.3589743589744	M	0.0038661590999799805
3rd Qu.	33.5	M	0.0038661590999799805
Max.	105	M	0.0038661590999799805
Min.	22	F	0.0038661590999799805
1st Qu.	30.5	F	0.0038661590999799805
Median	37	F	0.0038661590999799805
Mean	40.4285714285714	F	0.0038661590999799805
3rd Qu.	50	F	0.0038661590999799805
Max.	71	F	0.0038661590999799805
