Values	total	status	pValue
Min.	3	M	0.9878456148945441
1st Qu.	13.75	M	0.9878456148945441
Median	17.5	M	0.9878456148945441
Mean	26.8888888888889	M	0.9878456148945441
3rd Qu.	31.25	M	0.9878456148945441
Max.	152	M	0.9878456148945441
Min.	9	F	0.9878456148945441
1st Qu.	9	F	0.9878456148945441
Median	21	F	0.9878456148945441
Mean	21.875	F	0.9878456148945441
3rd Qu.	28.75	F	0.9878456148945441
Max.	45	F	0.9878456148945441
