Values	total	status	pValue
Min.	0	M	0.7590976411147252
1st Qu.	1.75	M	0.7590976411147252
Median	3	M	0.7590976411147252
Mean	7.52777777777778	M	0.7590976411147252
3rd Qu.	9	M	0.7590976411147252
Max.	50	M	0.7590976411147252
Min.	0	F	0.7590976411147252
1st Qu.	2.75	F	0.7590976411147252
Median	5	F	0.7590976411147252
Mean	4.875	F	0.7590976411147252
3rd Qu.	6.75	F	0.7590976411147252
Max.	9	F	0.7590976411147252
