Values	total	status	pValue
Min.	0	M	0.2979499139736241
1st Qu.	3.25	M	0.2979499139736241
Median	8	M	0.2979499139736241
Mean	7.21428571428571	M	0.2979499139736241
3rd Qu.	11	M	0.2979499139736241
Max.	16	M	0.2979499139736241
Min.	1	F	0.2979499139736241
1st Qu.	4	F	0.2979499139736241
Median	5	F	0.2979499139736241
Mean	6.6	F	0.2979499139736241
3rd Qu.	6	F	0.2979499139736241
Max.	34	F	0.2979499139736241
