Values	total	status	pValue
Min.	1	M	0.6705361541359461
1st Qu.	4	M	0.6705361541359461
Median	7	M	0.6705361541359461
Mean	8.97435897435897	M	0.6705361541359461
3rd Qu.	11	M	0.6705361541359461
Max.	42	M	0.6705361541359461
Min.	2	F	0.6705361541359461
1st Qu.	5.25	F	0.6705361541359461
Median	7	F	0.6705361541359461
Mean	7.92857142857143	F	0.6705361541359461
3rd Qu.	11	F	0.6705361541359461
Max.	14	F	0.6705361541359461
