Values	total	status	pValue
Min.	2	M	0.2645883245149712
1st Qu.	16.25	M	0.2645883245149712
Median	23.5	M	0.2645883245149712
Mean	25.3095238095238	M	0.2645883245149712
3rd Qu.	30.75	M	0.2645883245149712
Max.	109	M	0.2645883245149712
Min.	2	F	0.2645883245149712
1st Qu.	18	F	0.2645883245149712
Median	26	F	0.2645883245149712
Mean	83	F	0.2645883245149712
3rd Qu.	35	F	0.2645883245149712
Max.	1339	F	0.2645883245149712
