Values	total	status	pValue
Min.	0	M	0.1307970618068586
1st Qu.	2	M	0.1307970618068586
Median	2	M	0.1307970618068586
Mean	2.16666666666667	M	0.1307970618068586
3rd Qu.	2	M	0.1307970618068586
Max.	5	M	0.1307970618068586
Min.	1	F	0.1307970618068586
1st Qu.	1	F	0.1307970618068586
Median	1	F	0.1307970618068586
Mean	1	F	0.1307970618068586
3rd Qu.	1	F	0.1307970618068586
Max.	1	F	0.1307970618068586
