Values	total	status	pValue
Min.	0	M	0.07488783530926771
1st Qu.	0	M	0.07488783530926771
Median	0	M	0.07488783530926771
Mean	0.583333333333333	M	0.07488783530926771
3rd Qu.	1	M	0.07488783530926771
Max.	6	M	0.07488783530926771
Min.	0	F	0.07488783530926771
1st Qu.	0	F	0.07488783530926771
Median	1.5	F	0.07488783530926771
Mean	1.125	F	0.07488783530926771
3rd Qu.	2	F	0.07488783530926771
Max.	2	F	0.07488783530926771
