Values	total	status	pValue
Min.	1	M	0.005851149443964523
1st Qu.	16	M	0.005851149443964523
Median	23	M	0.005851149443964523
Mean	26.1282051282051	M	0.005851149443964523
3rd Qu.	31	M	0.005851149443964523
Max.	107	M	0.005851149443964523
Min.	20	F	0.005851149443964523
1st Qu.	26.25	F	0.005851149443964523
Median	30	F	0.005851149443964523
Mean	35.6428571428571	F	0.005851149443964523
3rd Qu.	43.25	F	0.005851149443964523
Max.	71	F	0.005851149443964523
