Values	total	status	pValue
Min.	0	M	0.7919289346037545
1st Qu.	4	M	0.7919289346037545
Median	6	M	0.7919289346037545
Mean	8	M	0.7919289346037545
3rd Qu.	11	M	0.7919289346037545
Max.	31	M	0.7919289346037545
Min.	4	F	0.7919289346037545
1st Qu.	5	F	0.7919289346037545
Median	7	F	0.7919289346037545
Mean	6.78571428571429	F	0.7919289346037545
3rd Qu.	8	F	0.7919289346037545
Max.	11	F	0.7919289346037545
