Values	total	status	pValue
Min.	0	M	0.93515576444659
1st Qu.	0	M	0.93515576444659
Median	1	M	0.93515576444659
Mean	1.87179487179487	M	0.93515576444659
3rd Qu.	2	M	0.93515576444659
Max.	28	M	0.93515576444659
Min.	0	F	0.93515576444659
1st Qu.	0	F	0.93515576444659
Median	1	F	0.93515576444659
Mean	1.37037037037037	F	0.93515576444659
3rd Qu.	2	F	0.93515576444659
Max.	6	F	0.93515576444659
