Values	total	status	pValue
Min.	0	M	0.037386306257273065
1st Qu.	2	M	0.037386306257273065
Median	3	M	0.037386306257273065
Mean	3.78048780487805	M	0.037386306257273065
3rd Qu.	6	M	0.037386306257273065
Max.	11	M	0.037386306257273065
Min.	0	F	0.037386306257273065
1st Qu.	1	F	0.037386306257273065
Median	3	F	0.037386306257273065
Mean	3.31578947368421	F	0.037386306257273065
3rd Qu.	5	F	0.037386306257273065
Max.	24	F	0.037386306257273065
