Values	total	status	pValue
Min.	0	M	0.006135372661116471
1st Qu.	2	M	0.006135372661116471
Median	3	M	0.006135372661116471
Mean	3.55121951219512	M	0.006135372661116471
3rd Qu.	5	M	0.006135372661116471
Max.	13	M	0.006135372661116471
Min.	0	F	0.006135372661116471
1st Qu.	1	F	0.006135372661116471
Median	2	F	0.006135372661116471
Mean	3	F	0.006135372661116471
3rd Qu.	4	F	0.006135372661116471
Max.	21	F	0.006135372661116471
