Values	total	status	pValue
Min.	0	M	0.021531797949166796
1st Qu.	2	M	0.021531797949166796
Median	3	M	0.021531797949166796
Mean	6.24590163934426	M	0.021531797949166796
3rd Qu.	6	M	0.021531797949166796
Max.	180	M	0.021531797949166796
Min.	0	F	0.021531797949166796
1st Qu.	1	F	0.021531797949166796
Median	3	F	0.021531797949166796
Mean	4.49579831932773	F	0.021531797949166796
3rd Qu.	5	F	0.021531797949166796
Max.	70	F	0.021531797949166796
