Values	total	status	pValue
Min.	0	M	0.16210013028590856
1st Qu.	2	M	0.16210013028590856
Median	4	M	0.16210013028590856
Mean	4.3483606557377	M	0.16210013028590856
3rd Qu.	6	M	0.16210013028590856
Max.	24	M	0.16210013028590856
Min.	0	F	0.16210013028590856
1st Qu.	2	F	0.16210013028590856
Median	3	F	0.16210013028590856
Mean	3.69747899159664	F	0.16210013028590856
3rd Qu.	5	F	0.16210013028590856
Max.	11	F	0.16210013028590856
