Values	total	status	pValue
Min.	1	M	0.4806142832595017
1st Qu.	2.5	M	0.4806142832595017
Median	4	M	0.4806142832595017
Mean	5.81818181818182	M	0.4806142832595017
3rd Qu.	8.5	M	0.4806142832595017
Max.	15	M	0.4806142832595017
Min.	1	F	0.4806142832595017
1st Qu.	1.5	F	0.4806142832595017
Median	2	F	0.4806142832595017
Mean	4	F	0.4806142832595017
3rd Qu.	5.5	F	0.4806142832595017
Max.	9	F	0.4806142832595017
