Values	total	status	pValue
Min.	0	M	0.11059012217246504
1st Qu.	1	M	0.11059012217246504
Median	2	M	0.11059012217246504
Mean	2.7283950617284	M	0.11059012217246504
3rd Qu.	4	M	0.11059012217246504
Max.	16	M	0.11059012217246504
Min.	0	F	0.11059012217246504
1st Qu.	0	F	0.11059012217246504
Median	1	F	0.11059012217246504
Mean	2.44565217391304	F	0.11059012217246504
3rd Qu.	3	F	0.11059012217246504
Max.	23	F	0.11059012217246504
