Values	total	status	pValue
Min.	0	M	0.7271705152209134
1st Qu.	4.75	M	0.7271705152209134
Median	10	M	0.7271705152209134
Mean	12.5833333333333	M	0.7271705152209134
3rd Qu.	16.25	M	0.7271705152209134
Max.	53	M	0.7271705152209134
Min.	0	F	0.7271705152209134
1st Qu.	1.5	F	0.7271705152209134
Median	8.5	F	0.7271705152209134
Mean	9.75	F	0.7271705152209134
3rd Qu.	13	F	0.7271705152209134
Max.	29	F	0.7271705152209134
