Values	total	status	pValue
Min.	0	M	0.19494406260517463
1st Qu.	3	M	0.19494406260517463
Median	7	M	0.19494406260517463
Mean	11.3333333333333	M	0.19494406260517463
3rd Qu.	13	M	0.19494406260517463
Max.	102	M	0.19494406260517463
Min.	0	F	0.19494406260517463
1st Qu.	1	F	0.19494406260517463
Median	5	F	0.19494406260517463
Mean	8.69565217391304	F	0.19494406260517463
3rd Qu.	12.5	F	0.19494406260517463
Max.	53	F	0.19494406260517463
