Values	total	status	pValue
Min.	0	M	0.6990290627999536
1st Qu.	3.75	M	0.6990290627999536
Median	13.5	M	0.6990290627999536
Mean	13.6666666666667	M	0.6990290627999536
3rd Qu.	19	M	0.6990290627999536
Max.	48	M	0.6990290627999536
Min.	0	F	0.6990290627999536
1st Qu.	1	F	0.6990290627999536
Median	11.5	F	0.6990290627999536
Mean	12.25	F	0.6990290627999536
3rd Qu.	17.25	F	0.6990290627999536
Max.	32	F	0.6990290627999536
