Values	total	status	pValue
Min.	0	M	0.2785442856987219
1st Qu.	3	M	0.2785442856987219
Median	6	M	0.2785442856987219
Mean	8.8641975308642	M	0.2785442856987219
3rd Qu.	11	M	0.2785442856987219
Max.	47	M	0.2785442856987219
Min.	0	F	0.2785442856987219
1st Qu.	2	F	0.2785442856987219
Median	6	F	0.2785442856987219
Mean	8.06521739130435	F	0.2785442856987219
3rd Qu.	12	F	0.2785442856987219
Max.	41	F	0.2785442856987219
