Values	total	status	pValue
Min.	0	M	0.5330635934260738
1st Qu.	2.75	M	0.5330635934260738
Median	8	M	0.5330635934260738
Mean	10.8333333333333	M	0.5330635934260738
3rd Qu.	8.75	M	0.5330635934260738
Max.	56	M	0.5330635934260738
Min.	0	F	0.5330635934260738
1st Qu.	0.75	F	0.5330635934260738
Median	6	F	0.5330635934260738
Mean	6.75	F	0.5330635934260738
3rd Qu.	10	F	0.5330635934260738
Max.	17	F	0.5330635934260738
