Values	total	status	pValue
Min.	6	M	0.48304077869797174
1st Qu.	17	M	0.48304077869797174
Median	26	M	0.48304077869797174
Mean	29.8181818181818	M	0.48304077869797174
3rd Qu.	39	M	0.48304077869797174
Max.	68	M	0.48304077869797174
Min.	4	F	0.48304077869797174
1st Qu.	11.5	F	0.48304077869797174
Median	19	F	0.48304077869797174
Mean	20	F	0.48304077869797174
3rd Qu.	28	F	0.48304077869797174
Max.	37	F	0.48304077869797174
