Values	total	status	pValue
Min.	0	M	0.2827378765707436
1st Qu.	2	M	0.2827378765707436
Median	10	M	0.2827378765707436
Mean	16.5308641975309	M	0.2827378765707436
3rd Qu.	20	M	0.2827378765707436
Max.	99	M	0.2827378765707436
Min.	0	F	0.2827378765707436
1st Qu.	2	F	0.2827378765707436
Median	8	F	0.2827378765707436
Mean	11.2608695652174	F	0.2827378765707436
3rd Qu.	17	F	0.2827378765707436
Max.	71	F	0.2827378765707436
