Values	total	status	pValue
Min.	0	M	0.2567299393707634
1st Qu.	1	M	0.2567299393707634
Median	2.5	M	0.2567299393707634
Mean	3.83333333333333	M	0.2567299393707634
3rd Qu.	4.5	M	0.2567299393707634
Max.	16	M	0.2567299393707634
Min.	0	F	0.2567299393707634
1st Qu.	0	F	0.2567299393707634
Median	1	F	0.2567299393707634
Mean	2.125	F	0.2567299393707634
3rd Qu.	3.25	F	0.2567299393707634
Max.	8	F	0.2567299393707634
