Values	total	status	pValue
Min.	1	M	0.585375924097551
1st Qu.	23.5	M	0.585375924097551
Median	52	M	0.585375924097551
Mean	67.4545454545455	M	0.585375924097551
3rd Qu.	95	M	0.585375924097551
Max.	215	M	0.585375924097551
Min.	4	F	0.585375924097551
1st Qu.	12.5	F	0.585375924097551
Median	21	F	0.585375924097551
Mean	38.3333333333333	F	0.585375924097551
3rd Qu.	55.5	F	0.585375924097551
Max.	90	F	0.585375924097551
