Values	total	status	pValue
Min.	0	M	0.2802980156035068
1st Qu.	6	M	0.2802980156035068
Median	17	M	0.2802980156035068
Mean	30.2098765432099	M	0.2802980156035068
3rd Qu.	39	M	0.2802980156035068
Max.	330	M	0.2802980156035068
Min.	0	F	0.2802980156035068
1st Qu.	2	F	0.2802980156035068
Median	12.5	F	0.2802980156035068
Mean	25.3369565217391	F	0.2802980156035068
3rd Qu.	44.75	F	0.2802980156035068
Max.	189	F	0.2802980156035068
