Values	total	status	pValue
Min.	0	M	0.777627216994287
1st Qu.	10	M	0.777627216994287
Median	14	M	0.777627216994287
Mean	16.8032786885246	M	0.777627216994287
3rd Qu.	21	M	0.777627216994287
Max.	93	M	0.777627216994287
Min.	2	F	0.777627216994287
1st Qu.	10.5	F	0.777627216994287
Median	16	F	0.777627216994287
Mean	16.0208333333333	F	0.777627216994287
3rd Qu.	23	F	0.777627216994287
Max.	34	F	0.777627216994287
