Values	total	status	pValue
Min.	0	M	0.5076278190376611
1st Qu.	4	M	0.5076278190376611
Median	7	M	0.5076278190376611
Mean	8.96428571428571	M	0.5076278190376611
3rd Qu.	12	M	0.5076278190376611
Max.	38	M	0.5076278190376611
Min.	0	F	0.5076278190376611
1st Qu.	3	F	0.5076278190376611
Median	7	F	0.5076278190376611
Mean	8.3728813559322	F	0.5076278190376611
3rd Qu.	12.5	F	0.5076278190376611
Max.	41	F	0.5076278190376611
