Values	total	status	pValue
Min.	16	M	0.8544450676295319
1st Qu.	16	M	0.8544450676295319
Median	16	M	0.8544450676295319
Mean	17.6666666666667	M	0.8544450676295319
3rd Qu.	18.5	M	0.8544450676295319
Max.	21	M	0.8544450676295319
Min.	8	F	0.8544450676295319
1st Qu.	14	F	0.8544450676295319
Median	19.5	F	0.8544450676295319
Mean	22.25	F	0.8544450676295319
3rd Qu.	27.75	F	0.8544450676295319
Max.	42	F	0.8544450676295319
