Values	total	status	pValue
Min.	0	M	0.3758582909506687
1st Qu.	2	M	0.3758582909506687
Median	3	M	0.3758582909506687
Mean	3.54591836734694	M	0.3758582909506687
3rd Qu.	5	M	0.3758582909506687
Max.	24	M	0.3758582909506687
Min.	0	F	0.3758582909506687
1st Qu.	2	F	0.3758582909506687
Median	3	F	0.3758582909506687
Mean	3	F	0.3758582909506687
3rd Qu.	4	F	0.3758582909506687
Max.	8	F	0.3758582909506687
