Values	total	status	pValue
Min.	2	M	0.2201698044595008
1st Qu.	9	M	0.2201698044595008
Median	15.5	M	0.2201698044595008
Mean	20.7377049180328	M	0.2201698044595008
3rd Qu.	26	M	0.2201698044595008
Max.	133	M	0.2201698044595008
Min.	2	F	0.2201698044595008
1st Qu.	10.75	F	0.2201698044595008
Median	20	F	0.2201698044595008
Mean	24.0208333333333	F	0.2201698044595008
3rd Qu.	34.75	F	0.2201698044595008
Max.	85	F	0.2201698044595008
