Values	total	status	pValue
Min.	3	M	0.17530217861691325
1st Qu.	22.75	M	0.17530217861691325
Median	30	M	0.17530217861691325
Mean	49.4540816326531	M	0.17530217861691325
3rd Qu.	45	M	0.17530217861691325
Max.	1253	M	0.17530217861691325
Min.	2	F	0.17530217861691325
1st Qu.	20.5	F	0.17530217861691325
Median	28	F	0.17530217861691325
Mean	34.5762711864407	F	0.17530217861691325
3rd Qu.	37.5	F	0.17530217861691325
Max.	188	F	0.17530217861691325
