Values	total	status	pValue
Min.	3	M	0.8284422107664333
1st Qu.	13.25	M	0.8284422107664333
Median	18	M	0.8284422107664333
Mean	16.75	M	0.8284422107664333
3rd Qu.	21.25	M	0.8284422107664333
Max.	24	M	0.8284422107664333
Min.	0	F	0.8284422107664333
1st Qu.	7.5	F	0.8284422107664333
Median	15	F	0.8284422107664333
Mean	13.3333333333333	F	0.8284422107664333
3rd Qu.	20	F	0.8284422107664333
Max.	25	F	0.8284422107664333
