Values	total	status	pValue
Min.	0	M	0.011760339713752765
1st Qu.	14	M	0.011760339713752765
Median	24	M	0.011760339713752765
Mean	79.8853046594982	M	0.011760339713752765
3rd Qu.	38	M	0.011760339713752765
Max.	2342	M	0.011760339713752765
Min.	0	F	0.011760339713752765
1st Qu.	17	F	0.011760339713752765
Median	28	F	0.011760339713752765
Mean	110.849673202614	F	0.011760339713752765
3rd Qu.	161	F	0.011760339713752765
Max.	781	F	0.011760339713752765
