Values	total	status	pValue
Min.	0	M	0.37954453783693337
1st Qu.	0	M	0.37954453783693337
Median	1	M	0.37954453783693337
Mean	1.72413793103448	M	0.37954453783693337
3rd Qu.	2.5	M	0.37954453783693337
Max.	7	M	0.37954453783693337
Min.	0	F	0.37954453783693337
1st Qu.	0	F	0.37954453783693337
Median	1	F	0.37954453783693337
Mean	25.1846153846154	F	0.37954453783693337
3rd Qu.	3	F	0.37954453783693337
Max.	1546	F	0.37954453783693337
