Values	total	status	pValue
Min.	0	M	0.008306091966714432
1st Qu.	8	M	0.008306091966714432
Median	24.5	M	0.008306091966714432
Mean	35.7927631578947	M	0.008306091966714432
3rd Qu.	46.25	M	0.008306091966714432
Max.	291	M	0.008306091966714432
Min.	0	F	0.008306091966714432
1st Qu.	6	F	0.008306091966714432
Median	15	F	0.008306091966714432
Mean	27.4444444444444	F	0.008306091966714432
3rd Qu.	33.25	F	0.008306091966714432
Max.	198	F	0.008306091966714432
