Values	total	status	pValue
Min.	0	M	0.237746718901859
1st Qu.	0	M	0.237746718901859
Median	1	M	0.237746718901859
Mean	1.79487179487179	M	0.237746718901859
3rd Qu.	2	M	0.237746718901859
Max.	16	M	0.237746718901859
Min.	0	F	0.237746718901859
1st Qu.	0	F	0.237746718901859
Median	1	F	0.237746718901859
Mean	1.03703703703704	F	0.237746718901859
3rd Qu.	2	F	0.237746718901859
Max.	3	F	0.237746718901859
