Values	total	status	pValue
Min.	0	M	0.023421828467409294
1st Qu.	3	M	0.023421828467409294
Median	6	M	0.023421828467409294
Mean	16.0967741935484	M	0.023421828467409294
3rd Qu.	10.5	M	0.023421828467409294
Max.	577	M	0.023421828467409294
Min.	0	F	0.023421828467409294
1st Qu.	3	F	0.023421828467409294
Median	8	F	0.023421828467409294
Mean	16.6143790849673	F	0.023421828467409294
3rd Qu.	27	F	0.023421828467409294
Max.	125	F	0.023421828467409294
