Values	total	status	pValue
Min.	0	M	0.9661196947150509
1st Qu.	7	M	0.9661196947150509
Median	12	M	0.9661196947150509
Mean	14.0358126721763	M	0.9661196947150509
3rd Qu.	19	M	0.9661196947150509
Max.	89	M	0.9661196947150509
Min.	0	F	0.9661196947150509
1st Qu.	7	F	0.9661196947150509
Median	12	F	0.9661196947150509
Mean	14.1904761904762	F	0.9661196947150509
3rd Qu.	18	F	0.9661196947150509
Max.	64	F	0.9661196947150509
