Values	total	status	pValue
Min.	0	M	0.5414623351308074
1st Qu.	1	M	0.5414623351308074
Median	3	M	0.5414623351308074
Mean	4.77777777777778	M	0.5414623351308074
3rd Qu.	6.5	M	0.5414623351308074
Max.	33	M	0.5414623351308074
Min.	0	F	0.5414623351308074
1st Qu.	1	F	0.5414623351308074
Median	3	F	0.5414623351308074
Mean	4.16993464052288	F	0.5414623351308074
3rd Qu.	6	F	0.5414623351308074
Max.	19	F	0.5414623351308074
