Values	total	status	pValue
Min.	0	M	0.5719744676379419
1st Qu.	1	M	0.5719744676379419
Median	2	M	0.5719744676379419
Mean	2.70762711864407	M	0.5719744676379419
3rd Qu.	4	M	0.5719744676379419
Max.	16	M	0.5719744676379419
Min.	0	F	0.5719744676379419
1st Qu.	1	F	0.5719744676379419
Median	2	F	0.5719744676379419
Mean	2.67279411764706	F	0.5719744676379419
3rd Qu.	3	F	0.5719744676379419
Max.	27	F	0.5719744676379419
