Values	total	status	pValue
Min.	0	M	0.5479378983868095
1st Qu.	2	M	0.5479378983868095
Median	4	M	0.5479378983868095
Mean	3.95833333333333	M	0.5479378983868095
3rd Qu.	5.25	M	0.5479378983868095
Max.	13	M	0.5479378983868095
Min.	0	F	0.5479378983868095
1st Qu.	2	F	0.5479378983868095
Median	4	F	0.5479378983868095
Mean	3.99166666666667	F	0.5479378983868095
3rd Qu.	5	F	0.5479378983868095
Max.	27	F	0.5479378983868095
