Values	total	status	pValue
Min.	0	M	0.0492769498903684
1st Qu.	4	M	0.0492769498903684
Median	8	M	0.0492769498903684
Mean	12.6743421052632	M	0.0492769498903684
3rd Qu.	14	M	0.0492769498903684
Max.	509	M	0.0492769498903684
Min.	0	F	0.0492769498903684
1st Qu.	3.75	F	0.0492769498903684
Median	7	F	0.0492769498903684
Mean	9.38888888888889	F	0.0492769498903684
3rd Qu.	12	F	0.0492769498903684
Max.	58	F	0.0492769498903684
