Values	total	status	pValue
Min.	0	M	0.008548785691329113
1st Qu.	7.5	M	0.008548785691329113
Median	11	M	0.008548785691329113
Mean	11.264367816092	M	0.008548785691329113
3rd Qu.	15	M	0.008548785691329113
Max.	37	M	0.008548785691329113
Min.	0	F	0.008548785691329113
1st Qu.	3	F	0.008548785691329113
Median	7	F	0.008548785691329113
Mean	79.6153846153846	F	0.008548785691329113
3rd Qu.	13	F	0.008548785691329113
Max.	4652	F	0.008548785691329113
