Values	total	status	pValue
Min.	0	M	0.05362408873624167
1st Qu.	2	M	0.05362408873624167
Median	6	M	0.05362408873624167
Mean	8.80084745762712	M	0.05362408873624167
3rd Qu.	12	M	0.05362408873624167
Max.	60	M	0.05362408873624167
Min.	0	F	0.05362408873624167
1st Qu.	1	F	0.05362408873624167
Median	4	F	0.05362408873624167
Mean	7.67279411764706	F	0.05362408873624167
3rd Qu.	11	F	0.05362408873624167
Max.	55	F	0.05362408873624167
