Values	total	status	pValue
Min.	0	M	0.19501030025456936
1st Qu.	0	M	0.19501030025456936
Median	0.5	M	0.19501030025456936
Mean	1	M	0.19501030025456936
3rd Qu.	1	M	0.19501030025456936
Max.	4	M	0.19501030025456936
Min.	0	F	0.19501030025456936
1st Qu.	0	F	0.19501030025456936
Median	0	F	0.19501030025456936
Mean	0.25	F	0.19501030025456936
3rd Qu.	0	F	0.19501030025456936
Max.	2	F	0.19501030025456936
