Values	total	status	pValue
Min.	0	M	0.3114090989440811
1st Qu.	1	M	0.3114090989440811
Median	1	M	0.3114090989440811
Mean	1.42857142857143	M	0.3114090989440811
3rd Qu.	2	M	0.3114090989440811
Max.	3	M	0.3114090989440811
Min.	0	F	0.3114090989440811
1st Qu.	0	F	0.3114090989440811
Median	0	F	0.3114090989440811
Mean	1.6	F	0.3114090989440811
3rd Qu.	1	F	0.3114090989440811
Max.	7	F	0.3114090989440811
