Values	total	status	pValue
Min.	1	M	0.17383114653827947
1st Qu.	1	M	0.17383114653827947
Median	1	M	0.17383114653827947
Mean	2.28571428571429	M	0.17383114653827947
3rd Qu.	3	M	0.17383114653827947
Max.	6	M	0.17383114653827947
Min.	0	F	0.17383114653827947
1st Qu.	0	F	0.17383114653827947
Median	0	F	0.17383114653827947
Mean	1.8	F	0.17383114653827947
3rd Qu.	1	F	0.17383114653827947
Max.	8	F	0.17383114653827947
