Values	total	status	pValue
Min.	0	M	0.8263175463282955
1st Qu.	0	M	0.8263175463282955
Median	1	M	0.8263175463282955
Mean	0.666666666666667	M	0.8263175463282955
3rd Qu.	1	M	0.8263175463282955
Max.	2	M	0.8263175463282955
Min.	0	F	0.8263175463282955
1st Qu.	0	F	0.8263175463282955
Median	0	F	0.8263175463282955
Mean	0.6	F	0.8263175463282955
3rd Qu.	1	F	0.8263175463282955
Max.	2	F	0.8263175463282955
