Values	total	status	pValue
Min.	0	M	0.630813342225731
1st Qu.	0	M	0.630813342225731
Median	1	M	0.630813342225731
Mean	1.53125	M	0.630813342225731
3rd Qu.	2	M	0.630813342225731
Max.	7	M	0.630813342225731
Min.	0	F	0.630813342225731
1st Qu.	0	F	0.630813342225731
Median	1	F	0.630813342225731
Mean	34.1702127659574	F	0.630813342225731
3rd Qu.	2.5	F	0.630813342225731
Max.	1546	F	0.630813342225731
