Values	total	status	pValue
Min.	0	M	0.26400302789803265
1st Qu.	1	M	0.26400302789803265
Median	1	M	0.26400302789803265
Mean	1.66666666666667	M	0.26400302789803265
3rd Qu.	2.5	M	0.26400302789803265
Max.	4	M	0.26400302789803265
Min.	0	F	0.26400302789803265
1st Qu.	0	F	0.26400302789803265
Median	1	F	0.26400302789803265
Mean	0.75	F	0.26400302789803265
3rd Qu.	1	F	0.26400302789803265
Max.	2	F	0.26400302789803265
