Values	total	status	pValue
Min.	0	M	0.1721587330982956
1st Qu.	0	M	0.1721587330982956
Median	1	M	0.1721587330982956
Mean	0.734375	M	0.1721587330982956
3rd Qu.	1	M	0.1721587330982956
Max.	4	M	0.1721587330982956
Min.	0	F	0.1721587330982956
1st Qu.	0	F	0.1721587330982956
Median	0	F	0.1721587330982956
Mean	2.42553191489362	F	0.1721587330982956
3rd Qu.	1	F	0.1721587330982956
Max.	89	F	0.1721587330982956
