Values	total	status	pValue
Min.	0	M	0.19572028263781963
1st Qu.	10.5	M	0.19572028263781963
Median	15.5	M	0.19572028263781963
Mean	12.8333333333333	M	0.19572028263781963
3rd Qu.	16.75	M	0.19572028263781963
Max.	20	M	0.19572028263781963
Min.	1	F	0.19572028263781963
1st Qu.	7.75	F	0.19572028263781963
Median	11	F	0.19572028263781963
Mean	9.375	F	0.19572028263781963
3rd Qu.	12.25	F	0.19572028263781963
Max.	14	F	0.19572028263781963
