Values	total	status	pValue
Min.	0	M	0.8934866939045346
1st Qu.	1.25	M	0.8934866939045346
Median	2	M	0.8934866939045346
Mean	1.83333333333333	M	0.8934866939045346
3rd Qu.	2.75	M	0.8934866939045346
Max.	3	M	0.8934866939045346
Min.	0	F	0.8934866939045346
1st Qu.	1	F	0.8934866939045346
Median	1	F	0.8934866939045346
Mean	1.875	F	0.8934866939045346
3rd Qu.	3	F	0.8934866939045346
Max.	5	F	0.8934866939045346
