Values	total	status	pValue
Min.	0	M	0.6750385254538752
1st Qu.	1	M	0.6750385254538752
Median	3	M	0.6750385254538752
Mean	4.82539682539683	M	0.6750385254538752
3rd Qu.	5	M	0.6750385254538752
Max.	32	M	0.6750385254538752
Min.	0	F	0.6750385254538752
1st Qu.	1	F	0.6750385254538752
Median	3	F	0.6750385254538752
Mean	7.275	F	0.6750385254538752
3rd Qu.	7	F	0.6750385254538752
Max.	114	F	0.6750385254538752
