Values	total	status	pValue
Min.	1	M	0.8704540271063982
1st Qu.	15	M	0.8704540271063982
Median	23	M	0.8704540271063982
Mean	40.3766233766234	M	0.8704540271063982
3rd Qu.	33	M	0.8704540271063982
Max.	557	M	0.8704540271063982
Min.	0	F	0.8704540271063982
1st Qu.	16	F	0.8704540271063982
Median	24	F	0.8704540271063982
Mean	47.6551724137931	F	0.8704540271063982
3rd Qu.	35	F	0.8704540271063982
Max.	409	F	0.8704540271063982
