Values	total	status	pValue
Min.	0	M	0.8758313602241383
1st Qu.	1	M	0.8758313602241383
Median	5	M	0.8758313602241383
Mean	11.1111111111111	M	0.8758313602241383
3rd Qu.	12.5	M	0.8758313602241383
Max.	122	M	0.8758313602241383
Min.	0	F	0.8758313602241383
1st Qu.	2	F	0.8758313602241383
Median	5	F	0.8758313602241383
Mean	9.1	F	0.8758313602241383
3rd Qu.	11.25	F	0.8758313602241383
Max.	46	F	0.8758313602241383
