Values	total	status	pValue
Min.	0	M	0.04876566440240215
1st Qu.	1	M	0.04876566440240215
Median	2	M	0.04876566440240215
Mean	5.24468085106383	M	0.04876566440240215
3rd Qu.	6	M	0.04876566440240215
Max.	78	M	0.04876566440240215
Min.	0	F	0.04876566440240215
1st Qu.	2	F	0.04876566440240215
Median	4	F	0.04876566440240215
Mean	5.82456140350877	F	0.04876566440240215
3rd Qu.	9	F	0.04876566440240215
Max.	28	F	0.04876566440240215
