Values	total	status	pValue
Min.	1	M	0.5346260749082874
1st Qu.	1.75	M	0.5346260749082874
Median	5	M	0.5346260749082874
Mean	7.75	M	0.5346260749082874
3rd Qu.	12	M	0.5346260749082874
Max.	29	M	0.5346260749082874
Min.	0	F	0.5346260749082874
1st Qu.	1.75	F	0.5346260749082874
Median	18.5	F	0.5346260749082874
Mean	23.875	F	0.5346260749082874
3rd Qu.	41.5	F	0.5346260749082874
Max.	65	F	0.5346260749082874
