Values	total	status	pValue
Min.	0	M	0.1644228837299033
1st Qu.	2	M	0.1644228837299033
Median	6	M	0.1644228837299033
Mean	9.68831168831169	M	0.1644228837299033
3rd Qu.	9	M	0.1644228837299033
Max.	120	M	0.1644228837299033
Min.	0	F	0.1644228837299033
1st Qu.	5	F	0.1644228837299033
Median	7	F	0.1644228837299033
Mean	9.48275862068965	F	0.1644228837299033
3rd Qu.	9	F	0.1644228837299033
Max.	48	F	0.1644228837299033
