Values	total	status	pValue
Min.	0	M	0.4443886941908691
1st Qu.	1	M	0.4443886941908691
Median	3	M	0.4443886941908691
Mean	4.41489361702128	M	0.4443886941908691
3rd Qu.	7	M	0.4443886941908691
Max.	22	M	0.4443886941908691
Min.	0	F	0.4443886941908691
1st Qu.	2	F	0.4443886941908691
Median	3	F	0.4443886941908691
Mean	4.31578947368421	F	0.4443886941908691
3rd Qu.	7	F	0.4443886941908691
Max.	13	F	0.4443886941908691
