Values	total	status	pValue
Min.	0	M	0.15052911158996063
1st Qu.	1	M	0.15052911158996063
Median	3	M	0.15052911158996063
Mean	5.25806451612903	M	0.15052911158996063
3rd Qu.	7.5	M	0.15052911158996063
Max.	45	M	0.15052911158996063
Min.	0	F	0.15052911158996063
1st Qu.	0	F	0.15052911158996063
Median	1	F	0.15052911158996063
Mean	3.15789473684211	F	0.15052911158996063
3rd Qu.	5	F	0.15052911158996063
Max.	16	F	0.15052911158996063
