Values	total	status	pValue
Min.	0	M	0.004130905463900226
1st Qu.	13.25	M	0.004130905463900226
Median	24.5	M	0.004130905463900226
Mean	119.159574468085	M	0.004130905463900226
3rd Qu.	45.75	M	0.004130905463900226
Max.	1660	M	0.004130905463900226
Min.	0	F	0.004130905463900226
1st Qu.	25	F	0.004130905463900226
Median	45	F	0.004130905463900226
Mean	148.421052631579	F	0.004130905463900226
3rd Qu.	284	F	0.004130905463900226
Max.	771	F	0.004130905463900226
