Values	total	status	pValue
Min.	0	M	0.7352195544993513
1st Qu.	2	M	0.7352195544993513
Median	4	M	0.7352195544993513
Mean	10.0909090909091	M	0.7352195544993513
3rd Qu.	8	M	0.7352195544993513
Max.	180	M	0.7352195544993513
Min.	0	F	0.7352195544993513
1st Qu.	2	F	0.7352195544993513
Median	4	F	0.7352195544993513
Mean	10.9655172413793	F	0.7352195544993513
3rd Qu.	9	F	0.7352195544993513
Max.	75	F	0.7352195544993513
