Values	total	status	pValue
Min.	0	M	0.8541439385286316
1st Qu.	2	M	0.8541439385286316
Median	3	M	0.8541439385286316
Mean	4.53968253968254	M	0.8541439385286316
3rd Qu.	7	M	0.8541439385286316
Max.	19	M	0.8541439385286316
Min.	0	F	0.8541439385286316
1st Qu.	1	F	0.8541439385286316
Median	3	F	0.8541439385286316
Mean	4.875	F	0.8541439385286316
3rd Qu.	6.25	F	0.8541439385286316
Max.	23	F	0.8541439385286316
