Values	total	status	pValue
Min.	0	AfrAmr	0.3489140961876712
1st Qu.	1	AfrAmr	0.3489140961876712
Median	1	AfrAmr	0.3489140961876712
Mean	1.33333333333333	AfrAmr	0.3489140961876712
3rd Qu.	1.75	AfrAmr	0.3489140961876712
Max.	3	AfrAmr	0.3489140961876712
Min.	0	EurAmr	0.3489140961876712
1st Qu.	0	EurAmr	0.3489140961876712
Median	1	EurAmr	0.3489140961876712
Mean	1.02654867256637	EurAmr	0.3489140961876712
3rd Qu.	2	EurAmr	0.3489140961876712
Max.	4	EurAmr	0.3489140961876712
