Values	total	status	pValue
Min.	0	AfrAmr	0.8498143757095951
1st Qu.	1	AfrAmr	0.8498143757095951
Median	2	AfrAmr	0.8498143757095951
Mean	3.08823529411765	AfrAmr	0.8498143757095951
3rd Qu.	4	AfrAmr	0.8498143757095951
Max.	16	AfrAmr	0.8498143757095951
Min.	0	EurAmr	0.8498143757095951
1st Qu.	1	EurAmr	0.8498143757095951
Median	2	EurAmr	0.8498143757095951
Mean	2.97368421052632	EurAmr	0.8498143757095951
3rd Qu.	4	EurAmr	0.8498143757095951
Max.	16	EurAmr	0.8498143757095951
