Values	total	status	pValue
Min.	0	AfrAmr	0.16330217648300266
1st Qu.	1	AfrAmr	0.16330217648300266
Median	3	AfrAmr	0.16330217648300266
Mean	2.8	AfrAmr	0.16330217648300266
3rd Qu.	3	AfrAmr	0.16330217648300266
Max.	7	AfrAmr	0.16330217648300266
Min.	0	EurAmr	0.16330217648300266
1st Qu.	2	EurAmr	0.16330217648300266
Median	5	EurAmr	0.16330217648300266
Mean	7.91304347826087	EurAmr	0.16330217648300266
3rd Qu.	12	EurAmr	0.16330217648300266
Max.	55	EurAmr	0.16330217648300266
