Values	total	status	pValue
Min.	1	AfrAmr	0.2580111360871526
1st Qu.	1	AfrAmr	0.2580111360871526
Median	1	AfrAmr	0.2580111360871526
Mean	7	AfrAmr	0.2580111360871526
3rd Qu.	7	AfrAmr	0.2580111360871526
Max.	25	AfrAmr	0.2580111360871526
Min.	0	EurAmr	0.2580111360871526
1st Qu.	2	EurAmr	0.2580111360871526
Median	6	EurAmr	0.2580111360871526
Mean	10.4782608695652	EurAmr	0.2580111360871526
3rd Qu.	13	EurAmr	0.2580111360871526
Max.	51	EurAmr	0.2580111360871526
