Values	total	status	pValue
Min.	0	NS	0.23557424208316194
1st Qu.	0	NS	0.23557424208316194
Median	1	NS	0.23557424208316194
Mean	1.54545454545455	NS	0.23557424208316194
3rd Qu.	2	NS	0.23557424208316194
Max.	6	NS	0.23557424208316194
Min.	0	S	0.23557424208316194
1st Qu.	1	S	0.23557424208316194
Median	2	S	0.23557424208316194
Mean	21.4615384615385	S	0.23557424208316194
3rd Qu.	4	S	0.23557424208316194
Max.	256	S	0.23557424208316194
