Values	total	status	pValue
Min.	0	NS	0.6482966892603101
1st Qu.	0	NS	0.6482966892603101
Median	1	NS	0.6482966892603101
Mean	1.95	NS	0.6482966892603101
3rd Qu.	2.25	NS	0.6482966892603101
Max.	10	NS	0.6482966892603101
Min.	0	S	0.6482966892603101
1st Qu.	0	S	0.6482966892603101
Median	1	S	0.6482966892603101
Mean	1.41379310344828	S	0.6482966892603101
3rd Qu.	1	S	0.6482966892603101
Max.	11	S	0.6482966892603101
