Values	total	status	pValue
Min.	4	NS	0.7579208145676541
1st Qu.	4	NS	0.7579208145676541
Median	6	NS	0.7579208145676541
Mean	8.72727272727273	NS	0.7579208145676541
3rd Qu.	11	NS	0.7579208145676541
Max.	20	NS	0.7579208145676541
Min.	0	S	0.7579208145676541
1st Qu.	4	S	0.7579208145676541
Median	8	S	0.7579208145676541
Mean	7.22222222222222	S	0.7579208145676541
3rd Qu.	9	S	0.7579208145676541
Max.	14	S	0.7579208145676541
