Values	total	status	pValue
Min.	0	NS	0.5759916154127924
1st Qu.	0	NS	0.5759916154127924
Median	1	NS	0.5759916154127924
Mean	2.375	NS	0.5759916154127924
3rd Qu.	1.25	NS	0.5759916154127924
Max.	14	NS	0.5759916154127924
Min.	0	S	0.5759916154127924
1st Qu.	0.5	S	0.5759916154127924
Median	1	S	0.5759916154127924
Mean	1.45454545454545	S	0.5759916154127924
3rd Qu.	2	S	0.5759916154127924
Max.	5	S	0.5759916154127924
