Values	total	status	pValue
Min.	3	NS	0.006201816898358496
1st Qu.	4.75	NS	0.006201816898358496
Median	15	NS	0.006201816898358496
Mean	15.5	NS	0.006201816898358496
3rd Qu.	17.25	NS	0.006201816898358496
Max.	47	NS	0.006201816898358496
Min.	0	S	0.006201816898358496
1st Qu.	0.5	S	0.006201816898358496
Median	2	S	0.006201816898358496
Mean	3.63636363636364	S	0.006201816898358496
3rd Qu.	5.5	S	0.006201816898358496
Max.	11	S	0.006201816898358496
