Values	total	status	pValue
Min.	0	NS	0.0014221341776570594
1st Qu.	0	NS	0.0014221341776570594
Median	1	NS	0.0014221341776570594
Mean	1.36666666666667	NS	0.0014221341776570594
3rd Qu.	2	NS	0.0014221341776570594
Max.	6	NS	0.0014221341776570594
Min.	0	S	0.0014221341776570594
1st Qu.	1	S	0.0014221341776570594
Median	2	S	0.0014221341776570594
Mean	2.44776119402985	S	0.0014221341776570594
3rd Qu.	4	S	0.0014221341776570594
Max.	8	S	0.0014221341776570594
