Values	total	status	pValue
Min.	0	NS	0.040736114482466924
1st Qu.	0	NS	0.040736114482466924
Median	1	NS	0.040736114482466924
Mean	2	NS	0.040736114482466924
3rd Qu.	3	NS	0.040736114482466924
Max.	10	NS	0.040736114482466924
Min.	0	S	0.040736114482466924
1st Qu.	1	S	0.040736114482466924
Median	2	S	0.040736114482466924
Mean	2.95890410958904	S	0.040736114482466924
3rd Qu.	4	S	0.040736114482466924
Max.	19	S	0.040736114482466924
