Values	total	status	pValue
Min.	0	NS	0.4023934521990549
1st Qu.	2.75	NS	0.4023934521990549
Median	5	NS	0.4023934521990549
Mean	11.5625	NS	0.4023934521990549
3rd Qu.	13.25	NS	0.4023934521990549
Max.	87	NS	0.4023934521990549
Min.	0	S	0.4023934521990549
1st Qu.	2	S	0.4023934521990549
Median	4	S	0.4023934521990549
Mean	8.71428571428571	S	0.4023934521990549
3rd Qu.	9	S	0.4023934521990549
Max.	77	S	0.4023934521990549
