Values	total	status	pValue
Min.	0	NS	0.053346583365291377
1st Qu.	1.5	NS	0.053346583365291377
Median	4	NS	0.053346583365291377
Mean	6.22857142857143	NS	0.053346583365291377
3rd Qu.	7	NS	0.053346583365291377
Max.	25	NS	0.053346583365291377
Min.	0	S	0.053346583365291377
1st Qu.	2	S	0.053346583365291377
Median	6	S	0.053346583365291377
Mean	9.61643835616438	S	0.053346583365291377
3rd Qu.	13	S	0.053346583365291377
Max.	61	S	0.053346583365291377
