Values	total	status	pValue
Min.	0	NS	0.34618084382699366
1st Qu.	2	NS	0.34618084382699366
Median	4	NS	0.34618084382699366
Mean	5.31428571428571	NS	0.34618084382699366
3rd Qu.	6	NS	0.34618084382699366
Max.	22	NS	0.34618084382699366
Min.	0	S	0.34618084382699366
1st Qu.	2	S	0.34618084382699366
Median	5	S	0.34618084382699366
Mean	6.98630136986301	S	0.34618084382699366
3rd Qu.	10	S	0.34618084382699366
Max.	41	S	0.34618084382699366
