Values	total	status	pValue
Min.	19	female	0.4741858799783032
1st Qu.	94	female	0.4741858799783032
Median	181	female	0.4741858799783032
Mean	245.584615384615	female	0.4741858799783032
3rd Qu.	281	female	0.4741858799783032
Max.	1716	female	0.4741858799783032
Min.	22	male	0.4741858799783032
1st Qu.	96	male	0.4741858799783032
Median	187	male	0.4741858799783032
Mean	258.744186046512	male	0.4741858799783032
3rd Qu.	312.25	male	0.4741858799783032
Max.	1674	male	0.4741858799783032
