Values	total	status	pValue
Min.	82	female	0.4080985763582245
1st Qu.	112.5	female	0.4080985763582245
Median	137	female	0.4080985763582245
Mean	145.857142857143	female	0.4080985763582245
3rd Qu.	185.5	female	0.4080985763582245
Max.	219	female	0.4080985763582245
Min.	37	male	0.4080985763582245
1st Qu.	95.5	male	0.4080985763582245
Median	127	male	0.4080985763582245
Mean	139.102564102564	male	0.4080985763582245
3rd Qu.	156	male	0.4080985763582245
Max.	495	male	0.4080985763582245
