Values	total	status	pValue
Min.	38	female	0.8431285277541853
1st Qu.	59.25	female	0.8431285277541853
Median	91.5	female	0.8431285277541853
Mean	92.375	female	0.8431285277541853
3rd Qu.	126.75	female	0.8431285277541853
Max.	154	female	0.8431285277541853
Min.	31	male	0.8431285277541853
1st Qu.	47.5	male	0.8431285277541853
Median	67.5	male	0.8431285277541853
Mean	106.111111111111	male	0.8431285277541853
3rd Qu.	131.25	male	0.8431285277541853
Max.	442	male	0.8431285277541853
