Values	total	status	pValue
Min.	41	female	0.3606813415350166
1st Qu.	105	female	0.3606813415350166
Median	117	female	0.3606813415350166
Mean	244.24	female	0.3606813415350166
3rd Qu.	225	female	0.3606813415350166
Max.	2553	female	0.3606813415350166
Min.	17	male	0.3606813415350166
1st Qu.	86.25	male	0.3606813415350166
Median	121.5	male	0.3606813415350166
Mean	131.5	male	0.3606813415350166
3rd Qu.	157.75	male	0.3606813415350166
Max.	477	male	0.3606813415350166
