Values	total	status	pValue
Min.	7	female	0.38875964048948836
1st Qu.	16	female	0.38875964048948836
Median	18	female	0.38875964048948836
Mean	20.962962962963	female	0.38875964048948836
3rd Qu.	26.5	female	0.38875964048948836
Max.	59	female	0.38875964048948836
Min.	6	male	0.38875964048948836
1st Qu.	16	male	0.38875964048948836
Median	20	male	0.38875964048948836
Mean	43.4871794871795	male	0.38875964048948836
3rd Qu.	31	male	0.38875964048948836
Max.	793	male	0.38875964048948836
