Values	total	status	pValue
Min.	4	female	0.03181011158371089
1st Qu.	89	female	0.03181011158371089
Median	215	female	0.03181011158371089
Mean	327.733727810651	female	0.03181011158371089
3rd Qu.	429	female	0.03181011158371089
Max.	1795	female	0.03181011158371089
Min.	3	male	0.03181011158371089
1st Qu.	140.5	male	0.03181011158371089
Median	270	male	0.03181011158371089
Mean	401.8	male	0.03181011158371089
3rd Qu.	521.5	male	0.03181011158371089
Max.	1750	male	0.03181011158371089
