Values	total	status	pValue
Min.	28	female	0.13616403344793662
1st Qu.	178	female	0.13616403344793662
Median	258.5	female	0.13616403344793662
Mean	273.520833333333	female	0.13616403344793662
3rd Qu.	384.5	female	0.13616403344793662
Max.	556	female	0.13616403344793662
Min.	7	male	0.13616403344793662
1st Qu.	157	male	0.13616403344793662
Median	212	male	0.13616403344793662
Mean	262.138211382114	male	0.13616403344793662
3rd Qu.	320	male	0.13616403344793662
Max.	1142	male	0.13616403344793662
