Values	total	status	pValue
Min.	25	female	0.5885098852879124
1st Qu.	183	female	0.5885098852879124
Median	240.5	female	0.5885098852879124
Mean	294.716666666667	female	0.5885098852879124
3rd Qu.	339.25	female	0.5885098852879124
Max.	1008	female	0.5885098852879124
Min.	77	male	0.5885098852879124
1st Qu.	179.5	male	0.5885098852879124
Median	250	male	0.5885098852879124
Mean	334.55612244898	male	0.5885098852879124
3rd Qu.	371.25	male	0.5885098852879124
Max.	3339	male	0.5885098852879124
