Values	total	status	pValue
Min.	5	female	0.0756337307723516
1st Qu.	84.25	female	0.0756337307723516
Median	116.5	female	0.0756337307723516
Mean	177	female	0.0756337307723516
3rd Qu.	198	female	0.0756337307723516
Max.	2553	female	0.0756337307723516
Min.	1	male	0.0756337307723516
1st Qu.	70	male	0.0756337307723516
Median	109	male	0.0756337307723516
Mean	158.710810810811	male	0.0756337307723516
3rd Qu.	158.5	male	0.0756337307723516
Max.	3385	male	0.0756337307723516
