Values	total	status	pValue
Min.	4	female	0.7726944980890869
1st Qu.	22	female	0.7726944980890869
Median	42	female	0.7726944980890869
Mean	40.75	female	0.7726944980890869
3rd Qu.	48.75	female	0.7726944980890869
Max.	105	female	0.7726944980890869
Min.	1	male	0.7726944980890869
1st Qu.	37	male	0.7726944980890869
Median	46	male	0.7726944980890869
Mean	42.3333333333333	male	0.7726944980890869
3rd Qu.	62	male	0.7726944980890869
Max.	70	male	0.7726944980890869
