Values	total	status	pValue
Min.	2	female	0.05612495423201935
1st Qu.	41	female	0.05612495423201935
Median	99	female	0.05612495423201935
Mean	241.6	female	0.05612495423201935
3rd Qu.	191.75	female	0.05612495423201935
Max.	1747	female	0.05612495423201935
Min.	31	male	0.05612495423201935
1st Qu.	85.5	male	0.05612495423201935
Median	205	male	0.05612495423201935
Mean	381.096774193548	male	0.05612495423201935
3rd Qu.	482.5	male	0.05612495423201935
Max.	1653	male	0.05612495423201935
