Values	total	status	pValue
Min.	3	female	0.2564772775973611
1st Qu.	39.75	female	0.2564772775973611
Median	107.5	female	0.2564772775973611
Mean	158.282608695652	female	0.2564772775973611
3rd Qu.	236.5	female	0.2564772775973611
Max.	894	female	0.2564772775973611
Min.	4	male	0.2564772775973611
1st Qu.	53	male	0.2564772775973611
Median	127	male	0.2564772775973611
Mean	199.864197530864	male	0.2564772775973611
3rd Qu.	249	male	0.2564772775973611
Max.	1539	male	0.2564772775973611
