Values	total	status	pValue
Min.	46	female	0.4357701234351337
1st Qu.	65	female	0.4357701234351337
Median	84	female	0.4357701234351337
Mean	149.333333333333	female	0.4357701234351337
3rd Qu.	201	female	0.4357701234351337
Max.	318	female	0.4357701234351337
Min.	28	male	0.4357701234351337
1st Qu.	69	male	0.4357701234351337
Median	184	male	0.4357701234351337
Mean	227.636363636364	male	0.4357701234351337
3rd Qu.	339	male	0.4357701234351337
Max.	619	male	0.4357701234351337
