Values	total	status	pValue
Min.	1	female	0.5539759246020701
1st Qu.	146.5	female	0.5539759246020701
Median	203	female	0.5539759246020701
Mean	254.9	female	0.5539759246020701
3rd Qu.	295	female	0.5539759246020701
Max.	895	female	0.5539759246020701
Min.	38	male	0.5539759246020701
1st Qu.	152.75	male	0.5539759246020701
Median	213	male	0.5539759246020701
Mean	297.081632653061	male	0.5539759246020701
3rd Qu.	340.25	male	0.5539759246020701
Max.	3258	male	0.5539759246020701
