Values	total	status	pValue
Min.	1	female	0.6993011225462631
1st Qu.	149.5	female	0.6993011225462631
Median	212	female	0.6993011225462631
Mean	254.062992125984	female	0.6993011225462631
3rd Qu.	334.5	female	0.6993011225462631
Max.	895	female	0.6993011225462631
Min.	1	male	0.6993011225462631
1st Qu.	146.5	male	0.6993011225462631
Median	207	male	0.6993011225462631
Mean	265.550964187328	male	0.6993011225462631
3rd Qu.	321	male	0.6993011225462631
Max.	3258	male	0.6993011225462631
