Values	total	status	pValue
Min.	1	female	0.012033856537444956
1st Qu.	14	female	0.012033856537444956
Median	29	female	0.012033856537444956
Mean	360.094339622641	female	0.012033856537444956
3rd Qu.	38	female	0.012033856537444956
Max.	17520	female	0.012033856537444956
Min.	2	male	0.012033856537444956
1st Qu.	29	male	0.012033856537444956
Median	37	male	0.012033856537444956
Mean	39.7391304347826	male	0.012033856537444956
3rd Qu.	47	male	0.012033856537444956
Max.	112	male	0.012033856537444956
