Values	total	status	pValue
Min.	6	female	0.0735786993678776
1st Qu.	19	female	0.0735786993678776
Median	75	female	0.0735786993678776
Mean	187.684210526316	female	0.0735786993678776
3rd Qu.	135.5	female	0.0735786993678776
Max.	1358	female	0.0735786993678776
Min.	5	male	0.0735786993678776
1st Qu.	62	male	0.0735786993678776
Median	157	male	0.0735786993678776
Mean	292.322580645161	male	0.0735786993678776
3rd Qu.	370.5	male	0.0735786993678776
Max.	1307	male	0.0735786993678776
