Values	total	status	pValue
Min.	1	female	0.8413084141649276
1st Qu.	113	female	0.8413084141649276
Median	116	female	0.8413084141649276
Mean	332.6	female	0.8413084141649276
3rd Qu.	617	female	0.8413084141649276
Max.	816	female	0.8413084141649276
Min.	71	male	0.8413084141649276
1st Qu.	116	male	0.8413084141649276
Median	168	male	0.8413084141649276
Mean	272.444444444444	male	0.8413084141649276
3rd Qu.	338	male	0.8413084141649276
Max.	919	male	0.8413084141649276
