Values	total	status	pValue
Min.	118	female	0.49110595162313214
1st Qu.	119.5	female	0.49110595162313214
Median	121	female	0.49110595162313214
Mean	157.333333333333	female	0.49110595162313214
3rd Qu.	177	female	0.49110595162313214
Max.	233	female	0.49110595162313214
Min.	54	male	0.49110595162313214
1st Qu.	123	male	0.49110595162313214
Median	137	male	0.49110595162313214
Mean	252.529411764706	male	0.49110595162313214
3rd Qu.	287	male	0.49110595162313214
Max.	837	male	0.49110595162313214
