Values	total	status	pValue
Min.	1	female	0.10054960718144118
1st Qu.	69.25	female	0.10054960718144118
Median	123	female	0.10054960718144118
Mean	182.142857142857	female	0.10054960718144118
3rd Qu.	168	female	0.10054960718144118
Max.	945	female	0.10054960718144118
Min.	5	male	0.10054960718144118
1st Qu.	99.5	male	0.10054960718144118
Median	188	male	0.10054960718144118
Mean	248.527777777778	male	0.10054960718144118
3rd Qu.	324.5	male	0.10054960718144118
Max.	1158	male	0.10054960718144118
