Values	total	status	pValue
Min.	86	female	0.17320369037889885
1st Qu.	100.5	female	0.17320369037889885
Median	127	female	0.17320369037889885
Mean	134.142857142857	female	0.17320369037889885
3rd Qu.	169.75	female	0.17320369037889885
Max.	207	female	0.17320369037889885
Min.	8	male	0.17320369037889885
1st Qu.	81.5	male	0.17320369037889885
Median	106	male	0.17320369037889885
Mean	120.333333333333	male	0.17320369037889885
3rd Qu.	135	male	0.17320369037889885
Max.	469	male	0.17320369037889885
