Values	total	status	pValue
Min.	3	female	0.01335807460644971
1st Qu.	57	female	0.01335807460644971
Median	171	female	0.01335807460644971
Mean	284.263473053892	female	0.01335807460644971
3rd Qu.	402.5	female	0.01335807460644971
Max.	1637	female	0.01335807460644971
Min.	6	male	0.01335807460644971
1st Qu.	108	male	0.01335807460644971
Median	240	male	0.01335807460644971
Mean	347.8515625	male	0.01335807460644971
3rd Qu.	478.25	male	0.01335807460644971
Max.	1480	male	0.01335807460644971
