Values	total	status	pValue
Min.	1	female	0.9560606151790613
1st Qu.	35	female	0.9560606151790613
Median	50	female	0.9560606151790613
Mean	54.2166666666667	female	0.9560606151790613
3rd Qu.	64	female	0.9560606151790613
Max.	628	female	0.9560606151790613
Min.	5	male	0.9560606151790613
1st Qu.	36	male	0.9560606151790613
Median	48	male	0.9560606151790613
Mean	50.2361111111111	male	0.9560606151790613
3rd Qu.	62	male	0.9560606151790613
Max.	141	male	0.9560606151790613
