Values	total	status	pValue
Min.	5	female	0.10606060606060606
1st Qu.	6	female	0.10606060606060606
Median	9	female	0.10606060606060606
Mean	24.8	female	0.10606060606060606
3rd Qu.	19	female	0.10606060606060606
Max.	85	female	0.10606060606060606
Min.	24	male	0.10606060606060606
1st Qu.	34	male	0.10606060606060606
Median	41	male	0.10606060606060606
Mean	43.7142857142857	male	0.10606060606060606
3rd Qu.	52.5	male	0.10606060606060606
Max.	68	male	0.10606060606060606
