Values	total	status	pValue
Min.	1	female	0.22688900555739291
1st Qu.	69	female	0.22688900555739291
Median	120	female	0.22688900555739291
Mean	201.655172413793	female	0.22688900555739291
3rd Qu.	151	female	0.22688900555739291
Max.	1526	female	0.22688900555739291
Min.	3	male	0.22688900555739291
1st Qu.	75	male	0.22688900555739291
Median	97	male	0.22688900555739291
Mean	174.636363636364	male	0.22688900555739291
3rd Qu.	128	male	0.22688900555739291
Max.	2371	male	0.22688900555739291
