Values	total	status	pValue
Min.	10	female	0.3469056836367307
1st Qu.	65.75	female	0.3469056836367307
Median	124.5	female	0.3469056836367307
Mean	466.275	female	0.3469056836367307
3rd Qu.	798.25	female	0.3469056836367307
Max.	3376	female	0.3469056836367307
Min.	8	male	0.3469056836367307
1st Qu.	64	male	0.3469056836367307
Median	107	male	0.3469056836367307
Mean	350.412698412698	male	0.3469056836367307
3rd Qu.	194	male	0.3469056836367307
Max.	7146	male	0.3469056836367307
