NS	S	info
0.10539622759514722	0.05728827959086388	rsquared values comparing age vs mutational burden
