NS	S	info
0.007656346293768684	0.17074414486908587	rsquared values comparing age vs mutational burden
