NS	S	info
0.03646285479850489	0.015373111783831718	rsquared values comparing age vs mutational burden
