Values	total	status	pValue
Min.	0	NS	0.8965987365257954
1st Qu.	7.25	NS	0.8965987365257954
Median	9.5	NS	0.8965987365257954
Mean	11.5	NS	0.8965987365257954
3rd Qu.	12.5	NS	0.8965987365257954
Max.	30	NS	0.8965987365257954
Min.	4	S	0.8965987365257954
1st Qu.	6.25	S	0.8965987365257954
Median	10	S	0.8965987365257954
Mean	14.25	S	0.8965987365257954
3rd Qu.	15.5	S	0.8965987365257954
Max.	47	S	0.8965987365257954
