Values	total	status	pValue
Min.	17	NS	0.8619853643138636
1st Qu.	24.5	NS	0.8619853643138636
Median	63	NS	0.8619853643138636
Mean	55.3636363636364	NS	0.8619853643138636
3rd Qu.	83	NS	0.8619853643138636
Max.	98	NS	0.8619853643138636
Min.	16	S	0.8619853643138636
1st Qu.	29	S	0.8619853643138636
Median	53	S	0.8619853643138636
Mean	138.230769230769	S	0.8619853643138636
3rd Qu.	76	S	0.8619853643138636
Max.	1061	S	0.8619853643138636
