Values	total	status	pValue
Min.	0	NS	0.9128279528137324
1st Qu.	0	NS	0.9128279528137324
Median	1	NS	0.9128279528137324
Mean	2.11111111111111	NS	0.9128279528137324
3rd Qu.	2.5	NS	0.9128279528137324
Max.	18	NS	0.9128279528137324
Min.	0	S	0.9128279528137324
1st Qu.	0	S	0.9128279528137324
Median	1	S	0.9128279528137324
Mean	1.78947368421053	S	0.9128279528137324
3rd Qu.	2.75	S	0.9128279528137324
Max.	7	S	0.9128279528137324
