Values	total	status	pValue
Min.	9	NS	0.7945723486232792
1st Qu.	12	NS	0.7945723486232792
Median	15	NS	0.7945723486232792
Mean	19.3333333333333	NS	0.7945723486232792
3rd Qu.	24.5	NS	0.7945723486232792
Max.	34	NS	0.7945723486232792
Min.	5	S	0.7945723486232792
1st Qu.	12	S	0.7945723486232792
Median	13.5	S	0.7945723486232792
Mean	16.1666666666667	S	0.7945723486232792
3rd Qu.	22.5	S	0.7945723486232792
Max.	28	S	0.7945723486232792
