Values	total	status	pValue
Min.	3	NS	0.04406791325958785
1st Qu.	5.5	NS	0.04406791325958785
Median	8	NS	0.04406791325958785
Mean	9.30434782608696	NS	0.04406791325958785
3rd Qu.	10.5	NS	0.04406791325958785
Max.	31	NS	0.04406791325958785
Min.	2	S	0.04406791325958785
1st Qu.	4	S	0.04406791325958785
Median	5.5	S	0.04406791325958785
Mean	6.33333333333333	S	0.04406791325958785
3rd Qu.	7.75	S	0.04406791325958785
Max.	16	S	0.04406791325958785
