Values	total	status	pValue
Min.	2	NS	0.40354704406996483
1st Qu.	3	NS	0.40354704406996483
Median	4.5	NS	0.40354704406996483
Mean	92.125	NS	0.40354704406996483
3rd Qu.	12.25	NS	0.40354704406996483
Max.	695	NS	0.40354704406996483
Min.	0	S	0.40354704406996483
1st Qu.	2	S	0.40354704406996483
Median	4	S	0.40354704406996483
Mean	4.63636363636364	S	0.40354704406996483
3rd Qu.	6	S	0.40354704406996483
Max.	13	S	0.40354704406996483
