Values	total	status	pValue
Min.	0	NS	0.2230640160127098
1st Qu.	1	NS	0.2230640160127098
Median	2	NS	0.2230640160127098
Mean	2.08571428571429	NS	0.2230640160127098
3rd Qu.	3	NS	0.2230640160127098
Max.	9	NS	0.2230640160127098
Min.	0	S	0.2230640160127098
1st Qu.	1	S	0.2230640160127098
Median	2	S	0.2230640160127098
Mean	2.96	S	0.2230640160127098
3rd Qu.	4	S	0.2230640160127098
Max.	11	S	0.2230640160127098
