Values	total	status	pValue
Min.	10	NS	0.1179908644891971
1st Qu.	19	NS	0.1179908644891971
Median	27	NS	0.1179908644891971
Mean	33.1304347826087	NS	0.1179908644891971
3rd Qu.	41.5	NS	0.1179908644891971
Max.	104	NS	0.1179908644891971
Min.	2	S	0.1179908644891971
1st Qu.	18	S	0.1179908644891971
Median	24	S	0.1179908644891971
Mean	23.0333333333333	S	0.1179908644891971
3rd Qu.	29.25	S	0.1179908644891971
Max.	49	S	0.1179908644891971
