Values	total	status	pValue
Min.	1	NS	0.09986300317974729
1st Qu.	4	NS	0.09986300317974729
Median	8	NS	0.09986300317974729
Mean	11.3478260869565	NS	0.09986300317974729
3rd Qu.	16	NS	0.09986300317974729
Max.	31	NS	0.09986300317974729
Min.	0	S	0.09986300317974729
1st Qu.	1.25	S	0.09986300317974729
Median	7	S	0.09986300317974729
Mean	7.83333333333333	S	0.09986300317974729
3rd Qu.	10.75	S	0.09986300317974729
Max.	34	S	0.09986300317974729
