Values	total	status	pValue
Min.	0	NS	0.9142586657294959
1st Qu.	0	NS	0.9142586657294959
Median	1	NS	0.9142586657294959
Mean	1.2	NS	0.9142586657294959
3rd Qu.	2	NS	0.9142586657294959
Max.	6	NS	0.9142586657294959
Min.	0	S	0.9142586657294959
1st Qu.	0	S	0.9142586657294959
Median	1	S	0.9142586657294959
Mean	2.36363636363636	S	0.9142586657294959
3rd Qu.	2	S	0.9142586657294959
Max.	16	S	0.9142586657294959
