Values	total	status	pValue
Min.	0	NS	0.10926138972271753
1st Qu.	0	NS	0.10926138972271753
Median	0	NS	0.10926138972271753
Mean	0.618181818181818	NS	0.10926138972271753
3rd Qu.	1	NS	0.10926138972271753
Max.	7	NS	0.10926138972271753
Min.	0	S	0.10926138972271753
1st Qu.	0	S	0.10926138972271753
Median	1	S	0.10926138972271753
Mean	0.909090909090909	S	0.10926138972271753
3rd Qu.	1.5	S	0.10926138972271753
Max.	2	S	0.10926138972271753
