Values	total	status	pValue
Min.	0	NS	0.5598619782123421
1st Qu.	0	NS	0.5598619782123421
Median	0	NS	0.5598619782123421
Mean	0.436363636363636	NS	0.5598619782123421
3rd Qu.	1	NS	0.5598619782123421
Max.	2	NS	0.5598619782123421
Min.	0	S	0.5598619782123421
1st Qu.	0	S	0.5598619782123421
Median	0	S	0.5598619782123421
Mean	0.636363636363636	S	0.5598619782123421
3rd Qu.	1	S	0.5598619782123421
Max.	3	S	0.5598619782123421
