Values	total	status	pValue
Min.	1	NS	0.24768269701744014
1st Qu.	1.5	NS	0.24768269701744014
Median	8	NS	0.24768269701744014
Mean	7.42857142857143	NS	0.24768269701744014
3rd Qu.	11	NS	0.24768269701744014
Max.	18	NS	0.24768269701744014
Min.	1	S	0.24768269701744014
1st Qu.	5	S	0.24768269701744014
Median	12	S	0.24768269701744014
Mean	16.2307692307692	S	0.24768269701744014
3rd Qu.	21	S	0.24768269701744014
Max.	68	S	0.24768269701744014
