Values	total	status	pValue
Min.	0	NS	0.08687639264848862
1st Qu.	1	NS	0.08687639264848862
Median	3	NS	0.08687639264848862
Mean	6.57142857142857	NS	0.08687639264848862
3rd Qu.	10.5	NS	0.08687639264848862
Max.	20	NS	0.08687639264848862
Min.	1	S	0.08687639264848862
1st Qu.	10	S	0.08687639264848862
Median	14	S	0.08687639264848862
Mean	16.6923076923077	S	0.08687639264848862
3rd Qu.	20	S	0.08687639264848862
Max.	47	S	0.08687639264848862
