Values	total	status	pValue
Min.	1	NS	0.056819650655410496
1st Qu.	2.5	NS	0.056819650655410496
Median	6	NS	0.056819650655410496
Mean	23.4285714285714	NS	0.056819650655410496
3rd Qu.	45.5	NS	0.056819650655410496
Max.	61	NS	0.056819650655410496
Min.	2	S	0.056819650655410496
1st Qu.	20	S	0.056819650655410496
Median	68	S	0.056819650655410496
Mean	63.8461538461538	S	0.056819650655410496
3rd Qu.	88	S	0.056819650655410496
Max.	182	S	0.056819650655410496
