Values	total	status	pValue
Min.	1	NS	0.34375752405940796
1st Qu.	1	NS	0.34375752405940796
Median	1	NS	0.34375752405940796
Mean	3.33333333333333	NS	0.34375752405940796
3rd Qu.	4.5	NS	0.34375752405940796
Max.	8	NS	0.34375752405940796
Min.	1	S	0.34375752405940796
1st Qu.	2	S	0.34375752405940796
Median	3	S	0.34375752405940796
Mean	5.54545454545455	S	0.34375752405940796
3rd Qu.	8	S	0.34375752405940796
Max.	16	S	0.34375752405940796
