Values	total	status	pValue
Min.	0	NS	0.04503669867287219
1st Qu.	0.5	NS	0.04503669867287219
Median	1	NS	0.04503669867287219
Mean	11.3333333333333	NS	0.04503669867287219
3rd Qu.	17	NS	0.04503669867287219
Max.	33	NS	0.04503669867287219
Min.	3	S	0.04503669867287219
1st Qu.	17.75	S	0.04503669867287219
Median	38	S	0.04503669867287219
Mean	48.34375	S	0.04503669867287219
3rd Qu.	57.75	S	0.04503669867287219
Max.	204	S	0.04503669867287219
