Values	total	status	pValue
Min.	0	NS	0.7571647651131966
1st Qu.	4	NS	0.7571647651131966
Median	7	NS	0.7571647651131966
Mean	10.0263157894737	NS	0.7571647651131966
3rd Qu.	12	NS	0.7571647651131966
Max.	36	NS	0.7571647651131966
Min.	0	S	0.7571647651131966
1st Qu.	4	S	0.7571647651131966
Median	7	S	0.7571647651131966
Mean	8.73853211009174	S	0.7571647651131966
3rd Qu.	11	S	0.7571647651131966
Max.	40	S	0.7571647651131966
