Values	total	status	pValue
Min.	1	NS	0.5815962475871582
1st Qu.	12.5	NS	0.5815962475871582
Median	19.5	NS	0.5815962475871582
Mean	26.5526315789474	NS	0.5815962475871582
3rd Qu.	26.75	NS	0.5815962475871582
Max.	155	NS	0.5815962475871582
Min.	1	S	0.5815962475871582
1st Qu.	10	S	0.5815962475871582
Median	18	S	0.5815962475871582
Mean	23.2798165137615	S	0.5815962475871582
3rd Qu.	28	S	0.5815962475871582
Max.	253	S	0.5815962475871582
