Values	total	status	pValue
Min.	5	NS	0.8483615625496733
1st Qu.	21.75	NS	0.8483615625496733
Median	29.5	NS	0.8483615625496733
Mean	38.7857142857143	NS	0.8483615625496733
3rd Qu.	46	NS	0.8483615625496733
Max.	168	NS	0.8483615625496733
Min.	2	S	0.8483615625496733
1st Qu.	21	S	0.8483615625496733
Median	33	S	0.8483615625496733
Mean	37.7394366197183	S	0.8483615625496733
3rd Qu.	45.75	S	0.8483615625496733
Max.	238	S	0.8483615625496733
