Values	total	status	pValue
Min.	2	NS	0.18810629213289526
1st Qu.	9.5	NS	0.18810629213289526
Median	12.5	NS	0.18810629213289526
Mean	11.5	NS	0.18810629213289526
3rd Qu.	14.5	NS	0.18810629213289526
Max.	19	NS	0.18810629213289526
Min.	2	S	0.18810629213289526
1st Qu.	13	S	0.18810629213289526
Median	19	S	0.18810629213289526
Mean	17.5454545454545	S	0.18810629213289526
3rd Qu.	22.5	S	0.18810629213289526
Max.	28	S	0.18810629213289526
