Values	total	status	pValue
Min.	2	NS	0.7092120188736004
1st Qu.	3.75	NS	0.7092120188736004
Median	6	NS	0.7092120188736004
Mean	6.82142857142857	NS	0.7092120188736004
3rd Qu.	8.25	NS	0.7092120188736004
Max.	19	NS	0.7092120188736004
Min.	0	S	0.7092120188736004
1st Qu.	3	S	0.7092120188736004
Median	6	S	0.7092120188736004
Mean	6.79577464788732	S	0.7092120188736004
3rd Qu.	9.75	S	0.7092120188736004
Max.	25	S	0.7092120188736004
