Values	total	status	pValue
Min.	0	NS	0.4450087187467361
1st Qu.	2	NS	0.4450087187467361
Median	3	NS	0.4450087187467361
Mean	3.2	NS	0.4450087187467361
3rd Qu.	4	NS	0.4450087187467361
Max.	9	NS	0.4450087187467361
Min.	2	S	0.4450087187467361
1st Qu.	2	S	0.4450087187467361
Median	2	S	0.4450087187467361
Mean	2	S	0.4450087187467361
3rd Qu.	2	S	0.4450087187467361
Max.	2	S	0.4450087187467361
