Values	total	status	pValue
Min.	0	S	1.7060764819136462e-5
1st Qu.	3	S	1.7060764819136462e-5
Median	6	S	1.7060764819136462e-5
Mean	9.3698296836983	S	1.7060764819136462e-5
3rd Qu.	10.5	S	1.7060764819136462e-5
Max.	176	S	1.7060764819136462e-5
Min.	NA	NS	1.7060764819136462e-5
1st Qu.	NA	NS	1.7060764819136462e-5
Median	NA	NS	1.7060764819136462e-5
Mean	NaN	NS	1.7060764819136462e-5
3rd Qu.	NA	NS	1.7060764819136462e-5
Max.	NA	NS	1.7060764819136462e-5
