Values	total	status	pValue
Min.	0	NS	0.03133230086977855
1st Qu.	1	NS	0.03133230086977855
Median	2	NS	0.03133230086977855
Mean	2.36585365853659	NS	0.03133230086977855
3rd Qu.	3	NS	0.03133230086977855
Max.	13	NS	0.03133230086977855
Min.	0	S	0.03133230086977855
1st Qu.	1	S	0.03133230086977855
Median	2.5	S	0.03133230086977855
Mean	2.93421052631579	S	0.03133230086977855
3rd Qu.	4	S	0.03133230086977855
Max.	13	S	0.03133230086977855
