Values	total	status	pValue
Min.	0	S	5.212991875786386e-4
1st Qu.	2	S	5.212991875786386e-4
Median	3	S	5.212991875786386e-4
Mean	5.96107055961071	S	5.212991875786386e-4
3rd Qu.	6	S	5.212991875786386e-4
Max.	134	S	5.212991875786386e-4
Min.	NA	NS	5.212991875786386e-4
1st Qu.	NA	NS	5.212991875786386e-4
Median	NA	NS	5.212991875786386e-4
Mean	NaN	NS	5.212991875786386e-4
3rd Qu.	NA	NS	5.212991875786386e-4
Max.	NA	NS	5.212991875786386e-4
