Values	total	status	pValue
Min.	0	NS	0.041276638389243635
1st Qu.	1	NS	0.041276638389243635
Median	2	NS	0.041276638389243635
Mean	3.20212765957447	NS	0.041276638389243635
3rd Qu.	4	NS	0.041276638389243635
Max.	41	NS	0.041276638389243635
Min.	0	S	0.041276638389243635
1st Qu.	1	S	0.041276638389243635
Median	2	S	0.041276638389243635
Mean	3.84304932735426	S	0.041276638389243635
3rd Qu.	4	S	0.041276638389243635
Max.	28	S	0.041276638389243635
