Values	total	status	pValue
Min.	0	NS	0.9617715948740342
1st Qu.	24	NS	0.9617715948740342
Median	40	NS	0.9617715948740342
Mean	65.1595744680851	NS	0.9617715948740342
3rd Qu.	80	NS	0.9617715948740342
Max.	390	NS	0.9617715948740342
Min.	0	S	0.9617715948740342
1st Qu.	24.5	S	0.9617715948740342
Median	44	S	0.9617715948740342
Mean	67.7757847533632	S	0.9617715948740342
3rd Qu.	72.5	S	0.9617715948740342
Max.	1061	S	0.9617715948740342
