Values	total	status	pValue
Min.	0	NS	0.6462945925811523
1st Qu.	0	NS	0.6462945925811523
Median	1	NS	0.6462945925811523
Mean	1.40350877192982	NS	0.6462945925811523
3rd Qu.	2	NS	0.6462945925811523
Max.	10	NS	0.6462945925811523
Min.	0	S	0.6462945925811523
1st Qu.	0	S	0.6462945925811523
Median	1	S	0.6462945925811523
Mean	1.33962264150943	S	0.6462945925811523
3rd Qu.	2	S	0.6462945925811523
Max.	11	S	0.6462945925811523
