Values	total	status	pValue
Min.	0	NS	0.29405719148342574
1st Qu.	0	NS	0.29405719148342574
Median	0.5	NS	0.29405719148342574
Mean	0.5	NS	0.29405719148342574
3rd Qu.	1	NS	0.29405719148342574
Max.	1	NS	0.29405719148342574
Min.	0	S	0.29405719148342574
1st Qu.	0	S	0.29405719148342574
Median	0	S	0.29405719148342574
Mean	0.2	S	0.29405719148342574
3rd Qu.	0	S	0.29405719148342574
Max.	1	S	0.29405719148342574
