Values	total	status	pValue
Min.	0	NS	0.02805822636523281
1st Qu.	0	NS	0.02805822636523281
Median	1	NS	0.02805822636523281
Mean	0.854545454545454	NS	0.02805822636523281
3rd Qu.	1	NS	0.02805822636523281
Max.	5	NS	0.02805822636523281
Min.	0	S	0.02805822636523281
1st Qu.	1	S	0.02805822636523281
Median	1	S	0.02805822636523281
Mean	3.90909090909091	S	0.02805822636523281
3rd Qu.	3	S	0.02805822636523281
Max.	27	S	0.02805822636523281
