Values	total	status	pValue
Min.	0	NS	0.252687717918757
1st Qu.	4	NS	0.252687717918757
Median	8	NS	0.252687717918757
Mean	10.531914893617	NS	0.252687717918757
3rd Qu.	13	NS	0.252687717918757
Max.	57	NS	0.252687717918757
Min.	0	S	0.252687717918757
1st Qu.	5	S	0.252687717918757
Median	9	S	0.252687717918757
Mean	13.4932735426009	S	0.252687717918757
3rd Qu.	13.5	S	0.252687717918757
Max.	507	S	0.252687717918757
