Values	total	status	pValue
Min.	0	S	0.04222247653709004
1st Qu.	0	S	0.04222247653709004
Median	2	S	0.04222247653709004
Mean	2.37469586374696	S	0.04222247653709004
3rd Qu.	3	S	0.04222247653709004
Max.	22	S	0.04222247653709004
Min.	NA	NS	0.04222247653709004
1st Qu.	NA	NS	0.04222247653709004
Median	NA	NS	0.04222247653709004
Mean	NaN	NS	0.04222247653709004
3rd Qu.	NA	NS	0.04222247653709004
Max.	NA	NS	0.04222247653709004
