Values	total	status	pValue
Min.	0	NS	0.6925340024256157
1st Qu.	1	NS	0.6925340024256157
Median	2	NS	0.6925340024256157
Mean	2.31578947368421	NS	0.6925340024256157
3rd Qu.	3	NS	0.6925340024256157
Max.	10	NS	0.6925340024256157
Min.	0	S	0.6925340024256157
1st Qu.	1	S	0.6925340024256157
Median	2	S	0.6925340024256157
Mean	35.1698113207547	S	0.6925340024256157
3rd Qu.	3	S	0.6925340024256157
Max.	1751	S	0.6925340024256157
