Values	total	status	pValue
Min.	0	NS	0.7099259672123517
1st Qu.	15	NS	0.7099259672123517
Median	23	NS	0.7099259672123517
Mean	32.197247706422	NS	0.7099259672123517
3rd Qu.	34.75	NS	0.7099259672123517
Max.	578	NS	0.7099259672123517
Min.	0	S	0.7099259672123517
1st Qu.	15	S	0.7099259672123517
Median	23	S	0.7099259672123517
Mean	34.6550522648084	S	0.7099259672123517
3rd Qu.	35.5	S	0.7099259672123517
Max.	979	S	0.7099259672123517
