Values	total	status	pValue
Min.	0	NS	0.4220345006358505
1st Qu.	8	NS	0.4220345006358505
Median	19	NS	0.4220345006358505
Mean	30.3936170212766	NS	0.4220345006358505
3rd Qu.	33	NS	0.4220345006358505
Max.	258	NS	0.4220345006358505
Min.	0	S	0.4220345006358505
1st Qu.	7	S	0.4220345006358505
Median	17	S	0.4220345006358505
Mean	25.2286995515695	S	0.4220345006358505
3rd Qu.	32	S	0.4220345006358505
Max.	162	S	0.4220345006358505
