Values	total	status	pValue
Min.	0	NS	0.2517180554818075
1st Qu.	9	NS	0.2517180554818075
Median	16	NS	0.2517180554818075
Mean	17.7972972972973	NS	0.2517180554818075
3rd Qu.	23.5	NS	0.2517180554818075
Max.	140	NS	0.2517180554818075
Min.	0	S	0.2517180554818075
1st Qu.	11	S	0.2517180554818075
Median	17	S	0.2517180554818075
Mean	18.1658653846154	S	0.2517180554818075
3rd Qu.	24	S	0.2517180554818075
Max.	96	S	0.2517180554818075
