Values	total	status	pValue
Min.	0	NS	0.2898387176075082
1st Qu.	0	NS	0.2898387176075082
Median	0	NS	0.2898387176075082
Mean	0.4	NS	0.2898387176075082
3rd Qu.	1	NS	0.2898387176075082
Max.	1	NS	0.2898387176075082
Min.	1	S	0.2898387176075082
1st Qu.	1	S	0.2898387176075082
Median	1	S	0.2898387176075082
Mean	1	S	0.2898387176075082
3rd Qu.	1	S	0.2898387176075082
Max.	1	S	0.2898387176075082
