Values	total	status	pValue
Min.	0	S	0.7810031593152272
1st Qu.	19	S	0.7810031593152272
Median	32	S	0.7810031593152272
Mean	52.1970802919708	S	0.7810031593152272
3rd Qu.	57.5	S	0.7810031593152272
Max.	951	S	0.7810031593152272
Min.	NA	NS	0.7810031593152272
1st Qu.	NA	NS	0.7810031593152272
Median	NA	NS	0.7810031593152272
Mean	NaN	NS	0.7810031593152272
3rd Qu.	NA	NS	0.7810031593152272
Max.	NA	NS	0.7810031593152272
