Values	total	status	pValue
Min.	0	NS	0.8104282644547102
1st Qu.	3	NS	0.8104282644547102
Median	5	NS	0.8104282644547102
Mean	4	NS	0.8104282644547102
3rd Qu.	6	NS	0.8104282644547102
Max.	7	NS	0.8104282644547102
Min.	0	S	0.8104282644547102
1st Qu.	1.5	S	0.8104282644547102
Median	3	S	0.8104282644547102
Mean	6.46666666666667	S	0.8104282644547102
3rd Qu.	6	S	0.8104282644547102
Max.	44	S	0.8104282644547102
