Values	total	status	pValue
Min.	0	NS	0.5640035127257925
1st Qu.	4	NS	0.5640035127257925
Median	7	NS	0.5640035127257925
Mean	9.66489361702128	NS	0.5640035127257925
3rd Qu.	13	NS	0.5640035127257925
Max.	57	NS	0.5640035127257925
Min.	0	S	0.5640035127257925
1st Qu.	4	S	0.5640035127257925
Median	8	S	0.5640035127257925
Mean	11.8116591928251	S	0.5640035127257925
3rd Qu.	12	S	0.5640035127257925
Max.	486	S	0.5640035127257925
