Values	total	status	pValue
Min.	0	NS	0.3864762307712327
1st Qu.	0	NS	0.3864762307712327
Median	1	NS	0.3864762307712327
Mean	1.15	NS	0.3864762307712327
3rd Qu.	2	NS	0.3864762307712327
Max.	4	NS	0.3864762307712327
Min.	2	S	0.3864762307712327
1st Qu.	2	S	0.3864762307712327
Median	2	S	0.3864762307712327
Mean	2	S	0.3864762307712327
3rd Qu.	2	S	0.3864762307712327
Max.	2	S	0.3864762307712327
