Values	total	status	pValue
Min.	0	NS	0.7490577208274118
1st Qu.	0	NS	0.7490577208274118
Median	0	NS	0.7490577208274118
Mean	1.11111111111111	NS	0.7490577208274118
3rd Qu.	2	NS	0.7490577208274118
Max.	4	NS	0.7490577208274118
Min.	0	S	0.7490577208274118
1st Qu.	0	S	0.7490577208274118
Median	1	S	0.7490577208274118
Mean	2.33333333333333	S	0.7490577208274118
3rd Qu.	2.5	S	0.7490577208274118
Max.	20	S	0.7490577208274118
