Values	total	status	pValue
Min.	0	NS	0.07239147787034178
1st Qu.	0	NS	0.07239147787034178
Median	1	NS	0.07239147787034178
Mean	2.01063829787234	NS	0.07239147787034178
3rd Qu.	2	NS	0.07239147787034178
Max.	22	NS	0.07239147787034178
Min.	0	S	0.07239147787034178
1st Qu.	0	S	0.07239147787034178
Median	1	S	0.07239147787034178
Mean	3.41255605381166	S	0.07239147787034178
3rd Qu.	3	S	0.07239147787034178
Max.	263	S	0.07239147787034178
