Values	total	status	pValue
Min.	0	NS	0.0033275334911580033
1st Qu.	1	NS	0.0033275334911580033
Median	3	NS	0.0033275334911580033
Mean	3.57560975609756	NS	0.0033275334911580033
3rd Qu.	5	NS	0.0033275334911580033
Max.	10	NS	0.0033275334911580033
Min.	0	S	0.0033275334911580033
1st Qu.	2	S	0.0033275334911580033
Median	4	S	0.0033275334911580033
Mean	4.94736842105263	S	0.0033275334911580033
3rd Qu.	7	S	0.0033275334911580033
Max.	18	S	0.0033275334911580033
