Values	total	status	pValue
Min.	0	NS	0.22494021679983442
1st Qu.	1	NS	0.22494021679983442
Median	1	NS	0.22494021679983442
Mean	1.66666666666667	NS	0.22494021679983442
3rd Qu.	2.25	NS	0.22494021679983442
Max.	5	NS	0.22494021679983442
Min.	0	S	0.22494021679983442
1st Qu.	0	S	0.22494021679983442
Median	0	S	0.22494021679983442
Mean	0.8	S	0.22494021679983442
3rd Qu.	2	S	0.22494021679983442
Max.	2	S	0.22494021679983442
