Values	total	status	pValue
Min.	0	NS	0.20920193329739262
1st Qu.	2	NS	0.20920193329739262
Median	2	NS	0.20920193329739262
Mean	3.49090909090909	NS	0.20920193329739262
3rd Qu.	4.5	NS	0.20920193329739262
Max.	11	NS	0.20920193329739262
Min.	0	S	0.20920193329739262
1st Qu.	2	S	0.20920193329739262
Median	5	S	0.20920193329739262
Mean	31.8181818181818	S	0.20920193329739262
3rd Qu.	7	S	0.20920193329739262
Max.	305	S	0.20920193329739262
