Values	total	status	pValue
Min.	0	NS	0.7147009961736825
1st Qu.	6	NS	0.7147009961736825
Median	11	NS	0.7147009961736825
Mean	11.144578313253	NS	0.7147009961736825
3rd Qu.	15	NS	0.7147009961736825
Max.	31	NS	0.7147009961736825
Min.	0	S	0.7147009961736825
1st Qu.	5	S	0.7147009961736825
Median	10	S	0.7147009961736825
Mean	146.948717948718	S	0.7147009961736825
3rd Qu.	15.5	S	0.7147009961736825
Max.	5341	S	0.7147009961736825
