Values	total	status	pValue
Min.	0	NS	0.9396730007649502
1st Qu.	0	NS	0.9396730007649502
Median	0	NS	0.9396730007649502
Mean	0.625	NS	0.9396730007649502
3rd Qu.	1	NS	0.9396730007649502
Max.	3	NS	0.9396730007649502
Min.	0	S	0.9396730007649502
1st Qu.	0	S	0.9396730007649502
Median	0	S	0.9396730007649502
Mean	0.5	S	0.9396730007649502
3rd Qu.	0.75	S	0.9396730007649502
Max.	2	S	0.9396730007649502
