Values	total	status	pValue
Min.	1	NS	0.1187335046926187
1st Qu.	2	NS	0.1187335046926187
Median	3	NS	0.1187335046926187
Mean	4.66666666666667	NS	0.1187335046926187
3rd Qu.	6.5	NS	0.1187335046926187
Max.	10	NS	0.1187335046926187
Min.	0	S	0.1187335046926187
1st Qu.	1	S	0.1187335046926187
Median	1	S	0.1187335046926187
Mean	1.18181818181818	S	0.1187335046926187
3rd Qu.	2	S	0.1187335046926187
Max.	2	S	0.1187335046926187
