Values	total	status	pValue
Min.	0	NS	0.30938848301033656
1st Qu.	1	NS	0.30938848301033656
Median	2	NS	0.30938848301033656
Mean	2.35714285714286	NS	0.30938848301033656
3rd Qu.	3	NS	0.30938848301033656
Max.	9	NS	0.30938848301033656
Min.	0	S	0.30938848301033656
1st Qu.	1	S	0.30938848301033656
Median	2	S	0.30938848301033656
Mean	2.98591549295775	S	0.30938848301033656
3rd Qu.	4	S	0.30938848301033656
Max.	15	S	0.30938848301033656
