Values	total	status	pValue
Min.	0	NS	0.31851979783654505
1st Qu.	0	NS	0.31851979783654505
Median	1	NS	0.31851979783654505
Mean	0.888888888888889	NS	0.31851979783654505
3rd Qu.	2	NS	0.31851979783654505
Max.	2	NS	0.31851979783654505
Min.	0	S	0.31851979783654505
1st Qu.	1	S	0.31851979783654505
Median	1	S	0.31851979783654505
Mean	3.13333333333333	S	0.31851979783654505
3rd Qu.	2	S	0.31851979783654505
Max.	30	S	0.31851979783654505
