Values	total	status	pValue
Min.	0	NS	0.15608926885398
1st Qu.	1	NS	0.15608926885398
Median	3	NS	0.15608926885398
Mean	3.02702702702703	NS	0.15608926885398
3rd Qu.	4	NS	0.15608926885398
Max.	25	NS	0.15608926885398
Min.	0	S	0.15608926885398
1st Qu.	1.75	S	0.15608926885398
Median	3	S	0.15608926885398
Mean	3.37259615384615	S	0.15608926885398
3rd Qu.	5	S	0.15608926885398
Max.	23	S	0.15608926885398
