Values	total	status	pValue
Min.	0	NS	0.6327758150326779
1st Qu.	0	NS	0.6327758150326779
Median	0	NS	0.6327758150326779
Mean	0.650602409638554	NS	0.6327758150326779
3rd Qu.	1	NS	0.6327758150326779
Max.	4	NS	0.6327758150326779
Min.	0	S	0.6327758150326779
1st Qu.	0	S	0.6327758150326779
Median	0	S	0.6327758150326779
Mean	12.5897435897436	S	0.6327758150326779
3rd Qu.	1	S	0.6327758150326779
Max.	467	S	0.6327758150326779
