NS	S	info
0.0014983033815524351	0.005314333634254368	rsquared values comparing age vs mutational burden
