NS	S	info
0.0490913093808609	0.012391694773424002	rsquared values comparing age vs mutational burden
