NS	S	info
0.0068107302777229446	0.02003018539866441	rsquared values comparing age vs mutational burden
