NS	S	info
0.24591514811137966	0.05890275998952851	rsquared values comparing age vs mutational burden
