NS	S	info
0.18549903701331985	0.16851976568641397	rsquared values comparing age vs mutational burden
