NS	S	info
0.024648937861203292	0.021979433908653617	rsquared values comparing age vs mutational burden
