NS	S	info
4.3440666715729705e-4	0.004761515850642501	rsquared values comparing age vs mutational burden
