NS	S	info
0.23145336264396585	0.10590390372039475	rsquared values comparing age vs mutational burden
