NS	S	info
0.04699557789303141	0.015663721192928772	rsquared values comparing age vs mutational burden
