NS	S	info
5.823222693978698e-7	0.0033883597098664877	rsquared values comparing age vs mutational burden
