NS	S	info
0.032947128554623326	0.004857690489503228	rsquared values comparing age vs mutational burden
