NS	S	info
0.04925342882237689	0.04758502121565877	rsquared values comparing age vs mutational burden
