NS	S	info
0.005656460516589062	0.2347900549032196	rsquared values comparing age vs mutational burden
