NS	S	info
0.17762959362553485	0.16183542010476493	rsquared values comparing age vs mutational burden
