NS	S	info
3.524811465378218e-4	0.0011387668093446085	rsquared values comparing age vs mutational burden
