NS	S	info
0.013407507444373053	0.01636295580246856	rsquared values comparing age vs mutational burden
