NS	S	info
0.031166879735047975	0.0034900925900855258	rsquared values comparing age vs mutational burden
