Values	total	status	pValue
Min.	0	NS	0.34452192832424067
1st Qu.	19	NS	0.34452192832424067
Median	32.5	NS	0.34452192832424067
Mean	45.0089285714286	NS	0.34452192832424067
3rd Qu.	55	NS	0.34452192832424067
Max.	207	NS	0.34452192832424067
Min.	0	S	0.34452192832424067
1st Qu.	20	S	0.34452192832424067
Median	37	S	0.34452192832424067
Mean	51.768	S	0.34452192832424067
3rd Qu.	57	S	0.34452192832424067
Max.	543	S	0.34452192832424067
