Values	total	status	pValue
Min.	0	NS	0.4985845351168983
1st Qu.	7	NS	0.4985845351168983
Median	18.5	NS	0.4985845351168983
Mean	35.2946428571429	NS	0.4985845351168983
3rd Qu.	39.5	NS	0.4985845351168983
Max.	291	NS	0.4985845351168983
Min.	0	S	0.4985845351168983
1st Qu.	8	S	0.4985845351168983
Median	24	S	0.4985845351168983
Mean	33.248	S	0.4985845351168983
3rd Qu.	44	S	0.4985845351168983
Max.	217	S	0.4985845351168983
