Values	total	status	pValue
Min.	0	NS	0.9931840022191699
1st Qu.	7.75	NS	0.9931840022191699
Median	15.5	NS	0.9931840022191699
Mean	28.3660714285714	NS	0.9931840022191699
3rd Qu.	31.5	NS	0.9931840022191699
Max.	218	NS	0.9931840022191699
Min.	0	S	0.9931840022191699
1st Qu.	6	S	0.9931840022191699
Median	18	S	0.9931840022191699
Mean	25.344	S	0.9931840022191699
3rd Qu.	31	S	0.9931840022191699
Max.	145	S	0.9931840022191699
