Values	total	status	pValue
Min.	2	NS	0.46631038423969146
1st Qu.	3.5	NS	0.46631038423969146
Median	8	NS	0.46631038423969146
Mean	7.36363636363636	NS	0.46631038423969146
3rd Qu.	10.5	NS	0.46631038423969146
Max.	12	NS	0.46631038423969146
Min.	0	S	0.46631038423969146
1st Qu.	8	S	0.46631038423969146
Median	9	S	0.46631038423969146
Mean	44.6923076923077	S	0.46631038423969146
3rd Qu.	11	S	0.46631038423969146
Max.	477	S	0.46631038423969146
