Values	total	status	pValue
Min.	0	NS	0.6601869191677858
1st Qu.	0	NS	0.6601869191677858
Median	0.5	NS	0.6601869191677858
Mean	1.125	NS	0.6601869191677858
3rd Qu.	1.25	NS	0.6601869191677858
Max.	5	NS	0.6601869191677858
Min.	0	S	0.6601869191677858
1st Qu.	0	S	0.6601869191677858
Median	0	S	0.6601869191677858
Mean	0.615384615384615	S	0.6601869191677858
3rd Qu.	1	S	0.6601869191677858
Max.	3	S	0.6601869191677858
