Values	total	status	pValue
Min.	14	NS	0.051328894958576655
1st Qu.	22	NS	0.051328894958576655
Median	27	NS	0.051328894958576655
Mean	35.3478260869565	NS	0.051328894958576655
3rd Qu.	45	NS	0.051328894958576655
Max.	107	NS	0.051328894958576655
Min.	1	S	0.051328894958576655
1st Qu.	18.25	S	0.051328894958576655
Median	23	S	0.051328894958576655
Mean	23.5	S	0.051328894958576655
3rd Qu.	29.75	S	0.051328894958576655
Max.	52	S	0.051328894958576655
