Values	total	status	pValue
Min.	0	NS	0.722528414765757
1st Qu.	3	NS	0.722528414765757
Median	3	NS	0.722528414765757
Mean	4.65217391304348	NS	0.722528414765757
3rd Qu.	4	NS	0.722528414765757
Max.	25	NS	0.722528414765757
Min.	0	S	0.722528414765757
1st Qu.	2.25	S	0.722528414765757
Median	4	S	0.722528414765757
Mean	4.16666666666667	S	0.722528414765757
3rd Qu.	6	S	0.722528414765757
Max.	9	S	0.722528414765757
