Values	total	status	pValue
Min.	2	NS	0.07442176276471327
1st Qu.	5	NS	0.07442176276471327
Median	9	NS	0.07442176276471327
Mean	11.304347826087	NS	0.07442176276471327
3rd Qu.	13	NS	0.07442176276471327
Max.	42	NS	0.07442176276471327
Min.	1	S	0.07442176276471327
1st Qu.	4	S	0.07442176276471327
Median	7	S	0.07442176276471327
Mean	6.7	S	0.07442176276471327
3rd Qu.	8.75	S	0.07442176276471327
Max.	14	S	0.07442176276471327
