Values	total	status	pValue
Min.	0	NS	0.7935836514418576
1st Qu.	1	NS	0.7935836514418576
Median	2	NS	0.7935836514418576
Mean	2.0625	NS	0.7935836514418576
3rd Qu.	3	NS	0.7935836514418576
Max.	5	NS	0.7935836514418576
Min.	0	S	0.7935836514418576
1st Qu.	1	S	0.7935836514418576
Median	2	S	0.7935836514418576
Mean	3.11428571428571	S	0.7935836514418576
3rd Qu.	4	S	0.7935836514418576
Max.	27	S	0.7935836514418576
