Values	total	status	pValue
Min.	1	NS	0.035770082232490806
1st Qu.	2	NS	0.035770082232490806
Median	3	NS	0.035770082232490806
Mean	2.33333333333333	NS	0.035770082232490806
3rd Qu.	3	NS	0.035770082232490806
Max.	3	NS	0.035770082232490806
Min.	4	S	0.035770082232490806
1st Qu.	6	S	0.035770082232490806
Median	8	S	0.035770082232490806
Mean	8.8	S	0.035770082232490806
3rd Qu.	12	S	0.035770082232490806
Max.	14	S	0.035770082232490806
