Values	total	status	pValue
Min.	6	NS	0.7535413869373956
1st Qu.	18	NS	0.7535413869373956
Median	26.5	NS	0.7535413869373956
Mean	32.28125	NS	0.7535413869373956
3rd Qu.	36.75	NS	0.7535413869373956
Max.	130	NS	0.7535413869373956
Min.	6	S	0.7535413869373956
1st Qu.	17	S	0.7535413869373956
Median	28	S	0.7535413869373956
Mean	56.5714285714286	S	0.7535413869373956
3rd Qu.	41	S	0.7535413869373956
Max.	948	S	0.7535413869373956
