Values	total	status	pValue
Min.	0	NS	0.0036055437919794943
1st Qu.	1	NS	0.0036055437919794943
Median	2	NS	0.0036055437919794943
Mean	2.19047619047619	NS	0.0036055437919794943
3rd Qu.	3	NS	0.0036055437919794943
Max.	10	NS	0.0036055437919794943
Min.	1	S	0.0036055437919794943
1st Qu.	2	S	0.0036055437919794943
Median	3	S	0.0036055437919794943
Mean	4.78260869565217	S	0.0036055437919794943
3rd Qu.	6.5	S	0.0036055437919794943
Max.	16	S	0.0036055437919794943
