Values	total	status	pValue
Min.	20	NS	0.14285714285714285
1st Qu.	21.5	NS	0.14285714285714285
Median	23	NS	0.14285714285714285
Mean	31.6666666666667	NS	0.14285714285714285
3rd Qu.	37.5	NS	0.14285714285714285
Max.	52	NS	0.14285714285714285
Min.	25	S	0.14285714285714285
1st Qu.	32	S	0.14285714285714285
Median	60	S	0.14285714285714285
Mean	54.6	S	0.14285714285714285
3rd Qu.	76	S	0.14285714285714285
Max.	80	S	0.14285714285714285
