Values	total	status	pValue
Min.	0	NS	0.47632457451407056
1st Qu.	0	NS	0.47632457451407056
Median	0	NS	0.47632457451407056
Mean	0.745454545454545	NS	0.47632457451407056
3rd Qu.	1	NS	0.47632457451407056
Max.	7	NS	0.47632457451407056
Min.	0	S	0.47632457451407056
1st Qu.	0	S	0.47632457451407056
Median	1	S	0.47632457451407056
Mean	0.818181818181818	S	0.47632457451407056
3rd Qu.	1.5	S	0.47632457451407056
Max.	2	S	0.47632457451407056
