Values	total	status	pValue
Min.	0	NS	0.09833414529875052
1st Qu.	1	NS	0.09833414529875052
Median	2	NS	0.09833414529875052
Mean	2.37073170731707	NS	0.09833414529875052
3rd Qu.	3	NS	0.09833414529875052
Max.	14	NS	0.09833414529875052
Min.	0	S	0.09833414529875052
1st Qu.	1	S	0.09833414529875052
Median	2	S	0.09833414529875052
Mean	2.86842105263158	S	0.09833414529875052
3rd Qu.	4	S	0.09833414529875052
Max.	13	S	0.09833414529875052
