Values	total	status	pValue
Min.	4	NS	0.5329660664433897
1st Qu.	7	NS	0.5329660664433897
Median	10	NS	0.5329660664433897
Mean	27.3333333333333	NS	0.5329660664433897
3rd Qu.	39	NS	0.5329660664433897
Max.	68	NS	0.5329660664433897
Min.	6	S	0.5329660664433897
1st Qu.	19	S	0.5329660664433897
Median	26	S	0.5329660664433897
Mean	27.8181818181818	S	0.5329660664433897
3rd Qu.	36.5	S	0.5329660664433897
Max.	50	S	0.5329660664433897
