Values	total	status	pValue
Min.	0	NS	0.4560439560439561
1st Qu.	1	NS	0.4560439560439561
Median	2	NS	0.4560439560439561
Mean	40.3333333333333	NS	0.4560439560439561
3rd Qu.	60.5	NS	0.4560439560439561
Max.	119	NS	0.4560439560439561
Min.	5	S	0.4560439560439561
1st Qu.	15	S	0.4560439560439561
Median	27	S	0.4560439560439561
Mean	37.5454545454545	S	0.4560439560439561
3rd Qu.	57.5	S	0.4560439560439561
Max.	103	S	0.4560439560439561
