Values	total	status	pValue
Min.	0	NS	0.001754363182751169
1st Qu.	0.5	NS	0.001754363182751169
Median	2	NS	0.001754363182751169
Mean	4.09523809523809	NS	0.001754363182751169
3rd Qu.	5	NS	0.001754363182751169
Max.	23	NS	0.001754363182751169
Min.	0	S	0.001754363182751169
1st Qu.	2	S	0.001754363182751169
Median	4	S	0.001754363182751169
Mean	5.56363636363636	S	0.001754363182751169
3rd Qu.	7	S	0.001754363182751169
Max.	27	S	0.001754363182751169
