Values	total	status	pValue
Min.	1	NS	0.8149347674196337
1st Qu.	3	NS	0.8149347674196337
Median	5	NS	0.8149347674196337
Mean	9.33333333333333	NS	0.8149347674196337
3rd Qu.	13.5	NS	0.8149347674196337
Max.	22	NS	0.8149347674196337
Min.	3	S	0.8149347674196337
1st Qu.	4.5	S	0.8149347674196337
Median	10	S	0.8149347674196337
Mean	9.45454545454546	S	0.8149347674196337
3rd Qu.	13.5	S	0.8149347674196337
Max.	18	S	0.8149347674196337
