Values	total	status	pValue
Min.	2	NS	0.056819650655410496
1st Qu.	3	NS	0.056819650655410496
Median	7	NS	0.056819650655410496
Mean	24.4285714285714	NS	0.056819650655410496
3rd Qu.	46	NS	0.056819650655410496
Max.	64	NS	0.056819650655410496
Min.	1	S	0.056819650655410496
1st Qu.	19	S	0.056819650655410496
Median	65	S	0.056819650655410496
Mean	64.8461538461538	S	0.056819650655410496
3rd Qu.	82	S	0.056819650655410496
Max.	178	S	0.056819650655410496
