Values	total	status	pValue
Min.	0	NS	0.01727182918492087
1st Qu.	0	NS	0.01727182918492087
Median	2	NS	0.01727182918492087
Mean	12.2857142857143	NS	0.01727182918492087
3rd Qu.	24	NS	0.01727182918492087
Max.	36	NS	0.01727182918492087
Min.	1	S	0.01727182918492087
1st Qu.	15	S	0.01727182918492087
Median	40	S	0.01727182918492087
Mean	42.6153846153846	S	0.01727182918492087
3rd Qu.	62	S	0.01727182918492087
Max.	110	S	0.01727182918492087
