Values	total	status	pValue
Min.	2	NS	0.6274423054531522
1st Qu.	19	NS	0.6274423054531522
Median	33.5	NS	0.6274423054531522
Mean	40.8947368421053	NS	0.6274423054531522
3rd Qu.	45	NS	0.6274423054531522
Max.	177	NS	0.6274423054531522
Min.	3	S	0.6274423054531522
1st Qu.	22	S	0.6274423054531522
Median	29	S	0.6274423054531522
Mean	46.9078341013825	S	0.6274423054531522
3rd Qu.	43	S	0.6274423054531522
Max.	1253	S	0.6274423054531522
