Values	total	status	pValue
Min.	5	NS	0.9179899546360161
1st Qu.	18	NS	0.9179899546360161
Median	29.5	NS	0.9179899546360161
Mean	33.1071428571429	NS	0.9179899546360161
3rd Qu.	38	NS	0.9179899546360161
Max.	121	NS	0.9179899546360161
Min.	3	S	0.9179899546360161
1st Qu.	18.25	S	0.9179899546360161
Median	28.5	S	0.9179899546360161
Mean	33.3732394366197	S	0.9179899546360161
3rd Qu.	40	S	0.9179899546360161
Max.	220	S	0.9179899546360161
