Values	total	status	pValue
Min.	0	NS	0.09787247926410834
1st Qu.	0	NS	0.09787247926410834
Median	0	NS	0.09787247926410834
Mean	5.33333333333333	NS	0.09787247926410834
3rd Qu.	8	NS	0.09787247926410834
Max.	16	NS	0.09787247926410834
Min.	0	S	0.09787247926410834
1st Qu.	9.5	S	0.09787247926410834
Median	16	S	0.09787247926410834
Mean	14.96875	S	0.09787247926410834
3rd Qu.	21.25	S	0.09787247926410834
Max.	33	S	0.09787247926410834
