Values	total	status	pValue
Min.	0	NS	0.054918320855905756
1st Qu.	0.5	NS	0.054918320855905756
Median	1	NS	0.054918320855905756
Mean	3.66666666666667	NS	0.054918320855905756
3rd Qu.	5.5	NS	0.054918320855905756
Max.	10	NS	0.054918320855905756
Min.	0	S	0.054918320855905756
1st Qu.	8.75	S	0.054918320855905756
Median	12	S	0.054918320855905756
Mean	13.5625	S	0.054918320855905756
3rd Qu.	18.5	S	0.054918320855905756
Max.	36	S	0.054918320855905756
