Values	total	status	pValue
Min.	0	NS	0.5202330450368786
1st Qu.	8.25	NS	0.5202330450368786
Median	16.5	NS	0.5202330450368786
Mean	19.7631578947368	NS	0.5202330450368786
3rd Qu.	26.75	NS	0.5202330450368786
Max.	118	NS	0.5202330450368786
Min.	2	S	0.5202330450368786
1st Qu.	12	S	0.5202330450368786
Median	17	S	0.5202330450368786
Mean	18.7834101382488	S	0.5202330450368786
3rd Qu.	24	S	0.5202330450368786
Max.	60	S	0.5202330450368786
