Values	total	status	pValue
Min.	0	NS	0.001152318585254367
1st Qu.	1	NS	0.001152318585254367
Median	2	NS	0.001152318585254367
Mean	4.78191489361702	NS	0.001152318585254367
3rd Qu.	5	NS	0.001152318585254367
Max.	37	NS	0.001152318585254367
Min.	0	S	0.001152318585254367
1st Qu.	2	S	0.001152318585254367
Median	4	S	0.001152318585254367
Mean	6.31696428571429	S	0.001152318585254367
3rd Qu.	7	S	0.001152318585254367
Max.	125	S	0.001152318585254367
