Values	total	status	pValue
Min.	0	NS	0.35799612587106455
1st Qu.	4.25	NS	0.35799612587106455
Median	9	NS	0.35799612587106455
Mean	10.2027027027027	NS	0.35799612587106455
3rd Qu.	13	NS	0.35799612587106455
Max.	103	NS	0.35799612587106455
Min.	0	S	0.35799612587106455
1st Qu.	6	S	0.35799612587106455
Median	9	S	0.35799612587106455
Mean	10.1397590361446	S	0.35799612587106455
3rd Qu.	13	S	0.35799612587106455
Max.	69	S	0.35799612587106455
