Values	total	status	pValue
Min.	0	NS	0.0025969715932174595
1st Qu.	4	NS	0.0025969715932174595
Median	7	NS	0.0025969715932174595
Mean	7.54146341463415	NS	0.0025969715932174595
3rd Qu.	10	NS	0.0025969715932174595
Max.	41	NS	0.0025969715932174595
Min.	1	S	0.0025969715932174595
1st Qu.	6	S	0.0025969715932174595
Median	8.5	S	0.0025969715932174595
Mean	9.18421052631579	S	0.0025969715932174595
3rd Qu.	12	S	0.0025969715932174595
Max.	20	S	0.0025969715932174595
