Values	total	status	pValue
Min.	0	NS	0.6556341694831362
1st Qu.	14	NS	0.6556341694831362
Median	23	NS	0.6556341694831362
Mean	32.8721461187215	NS	0.6556341694831362
3rd Qu.	35.5	NS	0.6556341694831362
Max.	587	NS	0.6556341694831362
Min.	0	S	0.6556341694831362
1st Qu.	15.5	S	0.6556341694831362
Median	24	S	0.6556341694831362
Mean	35.390243902439	S	0.6556341694831362
3rd Qu.	38	S	0.6556341694831362
Max.	948	S	0.6556341694831362
