Values	total	status	pValue
Min.	0	NS	0.36587418549939477
1st Qu.	10	NS	0.36587418549939477
Median	13	NS	0.36587418549939477
Mean	15.1379310344828	NS	0.36587418549939477
3rd Qu.	18	NS	0.36587418549939477
Max.	50	NS	0.36587418549939477
Min.	0	S	0.36587418549939477
1st Qu.	10	S	0.36587418549939477
Median	15	S	0.36587418549939477
Mean	17.1394230769231	S	0.36587418549939477
3rd Qu.	22	S	0.36587418549939477
Max.	93	S	0.36587418549939477
