Values	total	status	pValue
Min.	0	NS	0.39914503837317244
1st Qu.	2	NS	0.39914503837317244
Median	3.5	NS	0.39914503837317244
Mean	3.7	NS	0.39914503837317244
3rd Qu.	4	NS	0.39914503837317244
Max.	9	NS	0.39914503837317244
Min.	2	S	0.39914503837317244
1st Qu.	2	S	0.39914503837317244
Median	2	S	0.39914503837317244
Mean	2	S	0.39914503837317244
3rd Qu.	2	S	0.39914503837317244
Max.	2	S	0.39914503837317244
