Values	total	status	pValue
Min.	0	NS	0.005823829846198639
1st Qu.	0	NS	0.005823829846198639
Median	1	NS	0.005823829846198639
Mean	2.39269406392694	NS	0.005823829846198639
3rd Qu.	3	NS	0.005823829846198639
Max.	70	NS	0.005823829846198639
Min.	0	S	0.005823829846198639
1st Qu.	1	S	0.005823829846198639
Median	2	S	0.005823829846198639
Mean	3.4006968641115	S	0.005823829846198639
3rd Qu.	4	S	0.005823829846198639
Max.	48	S	0.005823829846198639
