Values	total	status	pValue
Min.	0	NS	0.12138851092967412
1st Qu.	1	NS	0.12138851092967412
Median	2	NS	0.12138851092967412
Mean	2.23015873015873	NS	0.12138851092967412
3rd Qu.	3	NS	0.12138851092967412
Max.	12	NS	0.12138851092967412
Min.	0	S	0.12138851092967412
1st Qu.	1	S	0.12138851092967412
Median	2	S	0.12138851092967412
Mean	2.7906976744186	S	0.12138851092967412
3rd Qu.	4.5	S	0.12138851092967412
Max.	8	S	0.12138851092967412
