Values	total	status	pValue
Min.	0	NS	0.16446841694163897
1st Qu.	0	NS	0.16446841694163897
Median	1	NS	0.16446841694163897
Mean	1.14705882352941	NS	0.16446841694163897
3rd Qu.	2	NS	0.16446841694163897
Max.	4	NS	0.16446841694163897
Min.	0	S	0.16446841694163897
1st Qu.	0	S	0.16446841694163897
Median	0	S	0.16446841694163897
Mean	15.5	S	0.16446841694163897
3rd Qu.	1.75	S	0.16446841694163897
Max.	729	S	0.16446841694163897
