Values	total	status	pValue
Min.	0	NS	0.011766190393077972
1st Qu.	2.25	NS	0.011766190393077972
Median	5	NS	0.011766190393077972
Mean	5.23015873015873	NS	0.011766190393077972
3rd Qu.	7	NS	0.011766190393077972
Max.	15	NS	0.011766190393077972
Min.	0	S	0.011766190393077972
1st Qu.	3	S	0.011766190393077972
Median	8	S	0.011766190393077972
Mean	7.25581395348837	S	0.011766190393077972
3rd Qu.	10	S	0.011766190393077972
Max.	18	S	0.011766190393077972
