Values	total	status	pValue
Min.	0	NS	0.3764058788305577
1st Qu.	0	NS	0.3764058788305577
Median	0	NS	0.3764058788305577
Mean	0.416666666666667	NS	0.3764058788305577
3rd Qu.	1	NS	0.3764058788305577
Max.	1	NS	0.3764058788305577
Min.	0	S	0.3764058788305577
1st Qu.	0	S	0.3764058788305577
Median	1	S	0.3764058788305577
Mean	1.25	S	0.3764058788305577
3rd Qu.	2.25	S	0.3764058788305577
Max.	3	S	0.3764058788305577
