Values	total	status	pValue
Min.	0	NS	0.04240513515265249
1st Qu.	1	NS	0.04240513515265249
Median	3	NS	0.04240513515265249
Mean	3.19047619047619	NS	0.04240513515265249
3rd Qu.	5	NS	0.04240513515265249
Max.	13	NS	0.04240513515265249
Min.	0	S	0.04240513515265249
1st Qu.	3	S	0.04240513515265249
Median	3	S	0.04240513515265249
Mean	3.7906976744186	S	0.04240513515265249
3rd Qu.	5	S	0.04240513515265249
Max.	9	S	0.04240513515265249
