Values	total	status	pValue
Min.	2	NS	0.8452271472550265
1st Qu.	21	NS	0.8452271472550265
Median	30	NS	0.8452271472550265
Mean	37.0689655172414	NS	0.8452271472550265
3rd Qu.	39	NS	0.8452271472550265
Max.	177	NS	0.8452271472550265
Min.	0	S	0.8452271472550265
1st Qu.	19.75	S	0.8452271472550265
Median	28	S	0.8452271472550265
Mean	43.9855769230769	S	0.8452271472550265
3rd Qu.	41	S	0.8452271472550265
Max.	1253	S	0.8452271472550265
