Values	total	status	pValue
Min.	0	NS	0.1660962337237543
1st Qu.	5	NS	0.1660962337237543
Median	8	NS	0.1660962337237543
Mean	11.3103448275862	NS	0.1660962337237543
3rd Qu.	13	NS	0.1660962337237543
Max.	54	NS	0.1660962337237543
Min.	0	S	0.1660962337237543
1st Qu.	6	S	0.1660962337237543
Median	11	S	0.1660962337237543
Mean	13.5721153846154	S	0.1660962337237543
3rd Qu.	17	S	0.1660962337237543
Max.	89	S	0.1660962337237543
