Values	total	status	pValue
Min.	0	NS	0.663701651595394
1st Qu.	0	NS	0.663701651595394
Median	0	NS	0.663701651595394
Mean	0.5	NS	0.663701651595394
3rd Qu.	1	NS	0.663701651595394
Max.	2	NS	0.663701651595394
Min.	0	S	0.663701651595394
1st Qu.	0	S	0.663701651595394
Median	0.5	S	0.663701651595394
Mean	1	S	0.663701651595394
3rd Qu.	1	S	0.663701651595394
Max.	4	S	0.663701651595394
