Values	total	status	pValue
Min.	0	NS	0.28958086069943917
1st Qu.	0	NS	0.28958086069943917
Median	1	NS	0.28958086069943917
Mean	1.02666666666667	NS	0.28958086069943917
3rd Qu.	2	NS	0.28958086069943917
Max.	4	NS	0.28958086069943917
Min.	0	S	0.28958086069943917
1st Qu.	0	S	0.28958086069943917
Median	0	S	0.28958086069943917
Mean	21.0833333333333	S	0.28958086069943917
3rd Qu.	1.25	S	0.28958086069943917
Max.	729	S	0.28958086069943917
