Values	total	status	pValue
Min.	3	NS	0.5711072720421346
1st Qu.	5	NS	0.5711072720421346
Median	8	NS	0.5711072720421346
Mean	10.6666666666667	NS	0.5711072720421346
3rd Qu.	17	NS	0.5711072720421346
Max.	21	NS	0.5711072720421346
Min.	1	S	0.5711072720421346
1st Qu.	3.5	S	0.5711072720421346
Median	7	S	0.5711072720421346
Mean	8.66666666666667	S	0.5711072720421346
3rd Qu.	13.5	S	0.5711072720421346
Max.	19	S	0.5711072720421346
