Values	total	status	pValue
Min.	0	NS	0.26400302789803265
1st Qu.	0	NS	0.26400302789803265
Median	1	NS	0.26400302789803265
Mean	0.75	NS	0.26400302789803265
3rd Qu.	1	NS	0.26400302789803265
Max.	2	NS	0.26400302789803265
Min.	0	S	0.26400302789803265
1st Qu.	1	S	0.26400302789803265
Median	1	S	0.26400302789803265
Mean	1.66666666666667	S	0.26400302789803265
3rd Qu.	2.5	S	0.26400302789803265
Max.	4	S	0.26400302789803265
