Values	total	status	pValue
Min.	0	NS	0.4876134408437369
1st Qu.	0	NS	0.4876134408437369
Median	0	NS	0.4876134408437369
Mean	0.64	NS	0.4876134408437369
3rd Qu.	1	NS	0.4876134408437369
Max.	4	NS	0.4876134408437369
Min.	0	S	0.4876134408437369
1st Qu.	0	S	0.4876134408437369
Median	0	S	0.4876134408437369
Mean	3.13888888888889	S	0.4876134408437369
3rd Qu.	1	S	0.4876134408437369
Max.	89	S	0.4876134408437369
