Values	total	status	pValue
Min.	0	NS	0.9814283562454383
1st Qu.	0	NS	0.9814283562454383
Median	1	NS	0.9814283562454383
Mean	1.38666666666667	NS	0.9814283562454383
3rd Qu.	2	NS	0.9814283562454383
Max.	14	NS	0.9814283562454383
Min.	0	S	0.9814283562454383
1st Qu.	0	S	0.9814283562454383
Median	1	S	0.9814283562454383
Mean	1.77777777777778	S	0.9814283562454383
3rd Qu.	2	S	0.9814283562454383
Max.	13	S	0.9814283562454383
