Values	total	status	pValue
Min.	0	NS	0.05832854376499993
1st Qu.	0	NS	0.05832854376499993
Median	0	NS	0.05832854376499993
Mean	0.653333333333333	NS	0.05832854376499993
3rd Qu.	1	NS	0.05832854376499993
Max.	3	NS	0.05832854376499993
Min.	0	S	0.05832854376499993
1st Qu.	0	S	0.05832854376499993
Median	0	S	0.05832854376499993
Mean	2.25	S	0.05832854376499993
3rd Qu.	1	S	0.05832854376499993
Max.	69	S	0.05832854376499993
