Values	total	status	pValue
Min.	0	NS	0.35840544764025417
1st Qu.	0.25	NS	0.35840544764025417
Median	2	NS	0.35840544764025417
Mean	2	NS	0.35840544764025417
3rd Qu.	3.75	NS	0.35840544764025417
Max.	4	NS	0.35840544764025417
Min.	0	S	0.35840544764025417
1st Qu.	0	S	0.35840544764025417
Median	0.5	S	0.35840544764025417
Mean	1	S	0.35840544764025417
3rd Qu.	1.75	S	0.35840544764025417
Max.	3	S	0.35840544764025417
