Values	total	status	pValue
Min.	0	AfrAmr	0.5972785015190262
1st Qu.	0.75	AfrAmr	0.5972785015190262
Median	1.5	AfrAmr	0.5972785015190262
Mean	4	AfrAmr	0.5972785015190262
3rd Qu.	4.75	AfrAmr	0.5972785015190262
Max.	13	AfrAmr	0.5972785015190262
Min.	0	EurAmr	0.5972785015190262
1st Qu.	0	EurAmr	0.5972785015190262
Median	1	EurAmr	0.5972785015190262
Mean	1.37777777777778	EurAmr	0.5972785015190262
3rd Qu.	2	EurAmr	0.5972785015190262
Max.	5	EurAmr	0.5972785015190262
