Values	total	status	pValue
Min.	0	AfrAmr	0.41365896260863205
1st Qu.	1	AfrAmr	0.41365896260863205
Median	2	AfrAmr	0.41365896260863205
Mean	2.5593220338983	AfrAmr	0.41365896260863205
3rd Qu.	4	AfrAmr	0.41365896260863205
Max.	10	AfrAmr	0.41365896260863205
Min.	0	EurAmr	0.41365896260863205
1st Qu.	1	EurAmr	0.41365896260863205
Median	2	EurAmr	0.41365896260863205
Mean	2.14070351758794	EurAmr	0.41365896260863205
3rd Qu.	3	EurAmr	0.41365896260863205
Max.	9	EurAmr	0.41365896260863205
