Values	total	status	pValue
Min.	0	AfrAmr	0.4774404105993324
1st Qu.	0.5	AfrAmr	0.4774404105993324
Median	2	AfrAmr	0.4774404105993324
Mean	2.21739130434783	AfrAmr	0.4774404105993324
3rd Qu.	2.5	AfrAmr	0.4774404105993324
Max.	13	AfrAmr	0.4774404105993324
Min.	0	EurAmr	0.4774404105993324
1st Qu.	0	EurAmr	0.4774404105993324
Median	1	EurAmr	0.4774404105993324
Mean	2.60429447852761	EurAmr	0.4774404105993324
3rd Qu.	3	EurAmr	0.4774404105993324
Max.	234	EurAmr	0.4774404105993324
