Values	total	status	pValue
Min.	0	AfrAmr	0.9080210848783287
1st Qu.	0	AfrAmr	0.9080210848783287
Median	1	AfrAmr	0.9080210848783287
Mean	1.94230769230769	AfrAmr	0.9080210848783287
3rd Qu.	3	AfrAmr	0.9080210848783287
Max.	8	AfrAmr	0.9080210848783287
Min.	0	EurAmr	0.9080210848783287
1st Qu.	1	EurAmr	0.9080210848783287
Median	1	EurAmr	0.9080210848783287
Mean	1.75735294117647	EurAmr	0.9080210848783287
3rd Qu.	3	EurAmr	0.9080210848783287
Max.	9	EurAmr	0.9080210848783287
