Values	total	status	pValue
Min.	2	AfrAmr	0.03406919514414396
1st Qu.	3	AfrAmr	0.03406919514414396
Median	4	AfrAmr	0.03406919514414396
Mean	4	AfrAmr	0.03406919514414396
3rd Qu.	5	AfrAmr	0.03406919514414396
Max.	6	AfrAmr	0.03406919514414396
Min.	0	EurAmr	0.03406919514414396
1st Qu.	0	EurAmr	0.03406919514414396
Median	0.5	EurAmr	0.03406919514414396
Mean	0.666666666666667	EurAmr	0.03406919514414396
3rd Qu.	1	EurAmr	0.03406919514414396
Max.	2	EurAmr	0.03406919514414396
