Values	total	status	pValue
Min.	0	AfrAmr	0.30127080385275107
1st Qu.	1	AfrAmr	0.30127080385275107
Median	2	AfrAmr	0.30127080385275107
Mean	2.28571428571429	AfrAmr	0.30127080385275107
3rd Qu.	3	AfrAmr	0.30127080385275107
Max.	6	AfrAmr	0.30127080385275107
Min.	0	EurAmr	0.30127080385275107
1st Qu.	1	EurAmr	0.30127080385275107
Median	3	EurAmr	0.30127080385275107
Mean	3.44628099173554	EurAmr	0.30127080385275107
3rd Qu.	5	EurAmr	0.30127080385275107
Max.	21	EurAmr	0.30127080385275107
