Values	total	status	pValue
Min.	0	AfrAmr	0.20551368302248618
1st Qu.	1	AfrAmr	0.20551368302248618
Median	3	AfrAmr	0.20551368302248618
Mean	2.96551724137931	AfrAmr	0.20551368302248618
3rd Qu.	4	AfrAmr	0.20551368302248618
Max.	8	AfrAmr	0.20551368302248618
Min.	0	EurAmr	0.20551368302248618
1st Qu.	2	EurAmr	0.20551368302248618
Median	3	EurAmr	0.20551368302248618
Mean	3.76162790697674	EurAmr	0.20551368302248618
3rd Qu.	5	EurAmr	0.20551368302248618
Max.	22	EurAmr	0.20551368302248618
