Values	total	status	pValue
Min.	0	AfrAmr	0.13324306715580678
1st Qu.	1	AfrAmr	0.13324306715580678
Median	2	AfrAmr	0.13324306715580678
Mean	3.4	AfrAmr	0.13324306715580678
3rd Qu.	6	AfrAmr	0.13324306715580678
Max.	8	AfrAmr	0.13324306715580678
Min.	0	EurAmr	0.13324306715580678
1st Qu.	3	EurAmr	0.13324306715580678
Median	6	EurAmr	0.13324306715580678
Mean	9.07142857142857	EurAmr	0.13324306715580678
3rd Qu.	11.75	EurAmr	0.13324306715580678
Max.	72	EurAmr	0.13324306715580678
