NS	S	info
0.03887595582283123	0.004133072900057528	rsquared values comparing age vs mutational burden
