NS	S	info
0.006408482515481265	0.24827481630947884	rsquared values comparing age vs mutational burden
