NS	S	info
0.14917386731005855	0.15088083084263446	rsquared values comparing age vs mutational burden
