NS	S	info
1.9704824755732852e-4	0.0018511511339053264	rsquared values comparing age vs mutational burden
