NS	S	info
0.03085966978029253	0.0036033479953027966	rsquared values comparing age vs mutational burden
