NS	S	info
0.004856455104526912	0.019943603356663238	rsquared values comparing age vs mutational burden
