NS	S	info
0.21979139865924918	0.06222617654620327	rsquared values comparing age vs mutational burden
