NS	S	info
0.014783005475895838	0.22531791089108716	rsquared values comparing age vs mutational burden
