NS	S	info
0.08467916525811442	0.001202053843255852	rsquared values comparing age vs mutational burden
