NS	S	info
0.025705451179650823	0.023130777946521207	rsquared values comparing age vs mutational burden
