Values	total	status	pValue
Min.	0	M	0.8288159741064283
1st Qu.	1	M	0.8288159741064283
Median	1	M	0.8288159741064283
Mean	1.76470588235294	M	0.8288159741064283
3rd Qu.	3	M	0.8288159741064283
Max.	5	M	0.8288159741064283
Min.	0	F	0.8288159741064283
1st Qu.	1.5	F	0.8288159741064283
Median	3	F	0.8288159741064283
Mean	2	F	0.8288159741064283
3rd Qu.	3	F	0.8288159741064283
Max.	3	F	0.8288159741064283
