Values	total	status	pValue
Min.	0	M	0.6440147569208978
1st Qu.	0	M	0.6440147569208978
Median	1	M	0.6440147569208978
Mean	1.86538461538462	M	0.6440147569208978
3rd Qu.	3	M	0.6440147569208978
Max.	13	M	0.6440147569208978
Min.	0	F	0.6440147569208978
1st Qu.	0	F	0.6440147569208978
Median	1	F	0.6440147569208978
Mean	1.30769230769231	F	0.6440147569208978
3rd Qu.	2	F	0.6440147569208978
Max.	6	F	0.6440147569208978
