Values	total	status	pValue
Min.	0	M	0.8247569617269861
1st Qu.	1	M	0.8247569617269861
Median	3	M	0.8247569617269861
Mean	3.41597796143251	M	0.8247569617269861
3rd Qu.	5	M	0.8247569617269861
Max.	25	M	0.8247569617269861
Min.	0	F	0.8247569617269861
1st Qu.	2	F	0.8247569617269861
Median	3	F	0.8247569617269861
Mean	3.04724409448819	F	0.8247569617269861
3rd Qu.	4	F	0.8247569617269861
Max.	9	F	0.8247569617269861
