Values	total	status	pValue
Min.	0	M	0.033198576448297254
1st Qu.	1	M	0.033198576448297254
Median	2	M	0.033198576448297254
Mean	2.29756097560976	M	0.033198576448297254
3rd Qu.	4	M	0.033198576448297254
Max.	9	M	0.033198576448297254
Min.	0	F	0.033198576448297254
1st Qu.	0	F	0.033198576448297254
Median	1	F	0.033198576448297254
Mean	1.78947368421053	F	0.033198576448297254
3rd Qu.	2	F	0.033198576448297254
Max.	10	F	0.033198576448297254
