Values	total	status	pValue
Min.	0	M	0.2775135184922867
1st Qu.	0	M	0.2775135184922867
Median	0	M	0.2775135184922867
Mean	0.782608695652174	M	0.2775135184922867
3rd Qu.	1	M	0.2775135184922867
Max.	4	M	0.2775135184922867
Min.	0	F	0.2775135184922867
1st Qu.	0	F	0.2775135184922867
Median	0	F	0.2775135184922867
Mean	9.26415094339623	F	0.2775135184922867
3rd Qu.	1	F	0.2775135184922867
Max.	467	F	0.2775135184922867
