Values	total	status	pValue
Min.	0	M	0.6129415208464852
1st Qu.	3	M	0.6129415208464852
Median	3	M	0.6129415208464852
Mean	8.66666666666667	M	0.6129415208464852
3rd Qu.	7.75	M	0.6129415208464852
Max.	44	M	0.6129415208464852
Min.	0	F	0.6129415208464852
1st Qu.	1.75	F	0.6129415208464852
Median	7	F	0.6129415208464852
Mean	11.25	F	0.6129415208464852
3rd Qu.	21.75	F	0.6129415208464852
Max.	28	F	0.6129415208464852
