Values	total	status	pValue
Min.	17	smoker	0.5073624611541512
1st Qu.	17	smoker	0.5073624611541512
Median	17	smoker	0.5073624611541512
Mean	17	smoker	0.5073624611541512
3rd Qu.	17	smoker	0.5073624611541512
Max.	17	smoker	0.5073624611541512
Min.	5	non-smoker	0.5073624611541512
1st Qu.	8	non-smoker	0.5073624611541512
Median	13.5	non-smoker	0.5073624611541512
Mean	14.5	non-smoker	0.5073624611541512
3rd Qu.	17.5	non-smoker	0.5073624611541512
Max.	31	non-smoker	0.5073624611541512
