Values	total	status	pValue
Min.	1	smoker	0.3966029662442924
1st Qu.	11	smoker	0.3966029662442924
Median	33	smoker	0.3966029662442924
Mean	446.416666666667	smoker	0.3966029662442924
3rd Qu.	37.25	smoker	0.3966029662442924
Max.	15070	smoker	0.3966029662442924
Min.	1	non-smoker	0.3966029662442924
1st Qu.	21	non-smoker	0.3966029662442924
Median	34	non-smoker	0.3966029662442924
Mean	33.76	non-smoker	0.3966029662442924
3rd Qu.	43	non-smoker	0.3966029662442924
Max.	88	non-smoker	0.3966029662442924
