Values	total	status	pValue
Min.	30	female	0.8094047335533402
1st Qu.	49	female	0.8094047335533402
Median	71.5	female	0.8094047335533402
Mean	116.8	female	0.8094047335533402
3rd Qu.	101.75	female	0.8094047335533402
Max.	416	female	0.8094047335533402
Min.	39	male	0.8094047335533402
1st Qu.	58.5	male	0.8094047335533402
Median	70	male	0.8094047335533402
Mean	109.818181818182	male	0.8094047335533402
3rd Qu.	113.5	male	0.8094047335533402
Max.	421	male	0.8094047335533402
