Values	total	status	pValue
Min.	3	female	0.5517400738053608
1st Qu.	20	female	0.5517400738053608
Median	32	female	0.5517400738053608
Mean	37.4661016949153	female	0.5517400738053608
3rd Qu.	43.75	female	0.5517400738053608
Max.	484	female	0.5517400738053608
Min.	1	male	0.5517400738053608
1st Qu.	21	male	0.5517400738053608
Median	30	male	0.5517400738053608
Mean	33.6837209302326	male	0.5517400738053608
3rd Qu.	41.5	male	0.5517400738053608
Max.	126	male	0.5517400738053608
