Values	total	status	pValue
Min.	1	female	0.4942939690605955
1st Qu.	4.25	female	0.4942939690605955
Median	17.5	female	0.4942939690605955
Mean	147.206896551724	female	0.4942939690605955
3rd Qu.	31.5	female	0.4942939690605955
Max.	7405	female	0.4942939690605955
Min.	1	male	0.4942939690605955
1st Qu.	6.5	male	0.4942939690605955
Median	20	male	0.4942939690605955
Mean	21.7349397590361	male	0.4942939690605955
3rd Qu.	33	male	0.4942939690605955
Max.	61	male	0.4942939690605955
