Values	total	status	pValue
Min.	1	female	0.10440702912571122
1st Qu.	34.25	female	0.10440702912571122
Median	90	female	0.10440702912571122
Mean	262.146666666667	female	0.10440702912571122
3rd Qu.	343.75	female	0.10440702912571122
Max.	2259	female	0.10440702912571122
Min.	1	male	0.10440702912571122
1st Qu.	37	male	0.10440702912571122
Median	71	male	0.10440702912571122
Mean	226.029090909091	male	0.10440702912571122
3rd Qu.	144	male	0.10440702912571122
Max.	5978	male	0.10440702912571122
