Values	total	status	pValue
Min.	1	female	0.8054903557004279
1st Qu.	5	female	0.8054903557004279
Median	17	female	0.8054903557004279
Mean	199	female	0.8054903557004279
3rd Qu.	29	female	0.8054903557004279
Max.	7405	female	0.8054903557004279
Min.	1	male	0.8054903557004279
1st Qu.	5.25	male	0.8054903557004279
Median	18.5	male	0.8054903557004279
Mean	19.5483870967742	male	0.8054903557004279
3rd Qu.	29.75	male	0.8054903557004279
Max.	55	male	0.8054903557004279
