Values	total	status	pValue
Min.	1	female	0.35917860750251435
1st Qu.	33.25	female	0.35917860750251435
Median	89.5	female	0.35917860750251435
Mean	267.275	female	0.35917860750251435
3rd Qu.	396.75	female	0.35917860750251435
Max.	1427	female	0.35917860750251435
Min.	2	male	0.35917860750251435
1st Qu.	35.5	male	0.35917860750251435
Median	73	male	0.35917860750251435
Mean	262.380952380952	male	0.35917860750251435
3rd Qu.	127	male	0.35917860750251435
Max.	5978	male	0.35917860750251435
