Values	total	status	pValue
Min.	5	AfrAmr	0.582892841849381
1st Qu.	7	AfrAmr	0.582892841849381
Median	9	AfrAmr	0.582892841849381
Mean	9.4	AfrAmr	0.582892841849381
3rd Qu.	11	AfrAmr	0.582892841849381
Max.	15	AfrAmr	0.582892841849381
Min.	0	EurAmr	0.582892841849381
1st Qu.	4	EurAmr	0.582892841849381
Median	7	EurAmr	0.582892841849381
Mean	10.9090909090909	EurAmr	0.582892841849381
3rd Qu.	14.5	EurAmr	0.582892841849381
Max.	64	EurAmr	0.582892841849381
