Values	total	status	pValue
Min.	2	AfrAmr	0.043319414130210024
1st Qu.	3	AfrAmr	0.043319414130210024
Median	4	AfrAmr	0.043319414130210024
Mean	6.8	AfrAmr	0.043319414130210024
3rd Qu.	5	AfrAmr	0.043319414130210024
Max.	20	AfrAmr	0.043319414130210024
Min.	0	EurAmr	0.043319414130210024
1st Qu.	7	EurAmr	0.043319414130210024
Median	22	EurAmr	0.043319414130210024
Mean	27.4	EurAmr	0.043319414130210024
3rd Qu.	36	EurAmr	0.043319414130210024
Max.	103	EurAmr	0.043319414130210024
