Values	total	status	pValue
Min.	3	AfrAmr	0.455969683803723
1st Qu.	6	AfrAmr	0.455969683803723
Median	9	AfrAmr	0.455969683803723
Mean	12.5555555555556	AfrAmr	0.455969683803723
3rd Qu.	20	AfrAmr	0.455969683803723
Max.	27	AfrAmr	0.455969683803723
Min.	0	EurAmr	0.455969683803723
1st Qu.	4	EurAmr	0.455969683803723
Median	9	EurAmr	0.455969683803723
Mean	11.52	EurAmr	0.455969683803723
3rd Qu.	14	EurAmr	0.455969683803723
Max.	80	EurAmr	0.455969683803723
