Values	total	status	pValue
Min.	0	AfrAmr	0.7807535400961727
1st Qu.	0	AfrAmr	0.7807535400961727
Median	1	AfrAmr	0.7807535400961727
Mean	2.88888888888889	AfrAmr	0.7807535400961727
3rd Qu.	4	AfrAmr	0.7807535400961727
Max.	12	AfrAmr	0.7807535400961727
Min.	0	EurAmr	0.7807535400961727
1st Qu.	0	EurAmr	0.7807535400961727
Median	2	EurAmr	0.7807535400961727
Mean	2.38857142857143	EurAmr	0.7807535400961727
3rd Qu.	3	EurAmr	0.7807535400961727
Max.	22	EurAmr	0.7807535400961727
