Values	total	status	pValue
Min.	0	AfrAmr	0.37001802192434513
1st Qu.	0.25	AfrAmr	0.37001802192434513
Median	1	AfrAmr	0.37001802192434513
Mean	1.4	AfrAmr	0.37001802192434513
3rd Qu.	2	AfrAmr	0.37001802192434513
Max.	4	AfrAmr	0.37001802192434513
Min.	0	EurAmr	0.37001802192434513
1st Qu.	1	EurAmr	0.37001802192434513
Median	1.5	EurAmr	0.37001802192434513
Mean	1.9	EurAmr	0.37001802192434513
3rd Qu.	3	EurAmr	0.37001802192434513
Max.	5	EurAmr	0.37001802192434513
