Values	total	status	pValue
Min.	7	AfrAmr	0.19295429576907744
1st Qu.	8.5	AfrAmr	0.19295429576907744
Median	10	AfrAmr	0.19295429576907744
Mean	10.6666666666667	AfrAmr	0.19295429576907744
3rd Qu.	12.5	AfrAmr	0.19295429576907744
Max.	15	AfrAmr	0.19295429576907744
Min.	0	EurAmr	0.19295429576907744
1st Qu.	3	EurAmr	0.19295429576907744
Median	5	EurAmr	0.19295429576907744
Mean	5.5	EurAmr	0.19295429576907744
3rd Qu.	7.75	EurAmr	0.19295429576907744
Max.	12	EurAmr	0.19295429576907744
