Values	total	status	pValue
Min.	0	AfrAmr	0.8841115591625562
1st Qu.	1	AfrAmr	0.8841115591625562
Median	2	AfrAmr	0.8841115591625562
Mean	2.52631578947368	AfrAmr	0.8841115591625562
3rd Qu.	3	AfrAmr	0.8841115591625562
Max.	8	AfrAmr	0.8841115591625562
Min.	0	EurAmr	0.8841115591625562
1st Qu.	1	EurAmr	0.8841115591625562
Median	2	EurAmr	0.8841115591625562
Mean	2.78823529411765	EurAmr	0.8841115591625562
3rd Qu.	4	EurAmr	0.8841115591625562
Max.	11	EurAmr	0.8841115591625562
