Values	total	status	pValue
Min.	3	AfrAmr	0.9255455929861373
1st Qu.	3.5	AfrAmr	0.9255455929861373
Median	4	AfrAmr	0.9255455929861373
Mean	5.33333333333333	AfrAmr	0.9255455929861373
3rd Qu.	6.5	AfrAmr	0.9255455929861373
Max.	9	AfrAmr	0.9255455929861373
Min.	0	EurAmr	0.9255455929861373
1st Qu.	1	EurAmr	0.9255455929861373
Median	5	EurAmr	0.9255455929861373
Mean	10.6829268292683	EurAmr	0.9255455929861373
3rd Qu.	13	EurAmr	0.9255455929861373
Max.	75	EurAmr	0.9255455929861373
