Values	total	status	pValue
Min.	2	AfrAmr	0.03188259901448738
1st Qu.	7	AfrAmr	0.03188259901448738
Median	10	AfrAmr	0.03188259901448738
Mean	10.6666666666667	AfrAmr	0.03188259901448738
3rd Qu.	13	AfrAmr	0.03188259901448738
Max.	22	AfrAmr	0.03188259901448738
Min.	0	EurAmr	0.03188259901448738
1st Qu.	2	EurAmr	0.03188259901448738
Median	4	EurAmr	0.03188259901448738
Mean	5.40178571428571	EurAmr	0.03188259901448738
3rd Qu.	8	EurAmr	0.03188259901448738
Max.	28	EurAmr	0.03188259901448738
