Values	total	status	pValue
Min.	2	AfrAmr	0.22047629737023336
1st Qu.	4	AfrAmr	0.22047629737023336
Median	7	AfrAmr	0.22047629737023336
Mean	6	AfrAmr	0.22047629737023336
3rd Qu.	7	AfrAmr	0.22047629737023336
Max.	10	AfrAmr	0.22047629737023336
Min.	0	EurAmr	0.22047629737023336
1st Qu.	2	EurAmr	0.22047629737023336
Median	3	EurAmr	0.22047629737023336
Mean	4.60714285714286	EurAmr	0.22047629737023336
3rd Qu.	7	EurAmr	0.22047629737023336
Max.	20	EurAmr	0.22047629737023336
