Values	total	status	pValue
Min.	1	AfrAmr	0.7958296052397154
1st Qu.	1.75	AfrAmr	0.7958296052397154
Median	4.5	AfrAmr	0.7958296052397154
Mean	5	AfrAmr	0.7958296052397154
3rd Qu.	6.5	AfrAmr	0.7958296052397154
Max.	12	AfrAmr	0.7958296052397154
Min.	0	EurAmr	0.7958296052397154
1st Qu.	1	EurAmr	0.7958296052397154
Median	4	EurAmr	0.7958296052397154
Mean	6.99107142857143	EurAmr	0.7958296052397154
3rd Qu.	7	EurAmr	0.7958296052397154
Max.	108	EurAmr	0.7958296052397154
