Values	total	status	pValue
Min.	2	AfrAmr	0.5838744275858128
1st Qu.	3.25	AfrAmr	0.5838744275858128
Median	5	AfrAmr	0.5838744275858128
Mean	4.83333333333333	AfrAmr	0.5838744275858128
3rd Qu.	6.75	AfrAmr	0.5838744275858128
Max.	7	AfrAmr	0.5838744275858128
Min.	0	EurAmr	0.5838744275858128
1st Qu.	2	EurAmr	0.5838744275858128
Median	4	EurAmr	0.5838744275858128
Mean	5.05357142857143	EurAmr	0.5838744275858128
3rd Qu.	7	EurAmr	0.5838744275858128
Max.	21	EurAmr	0.5838744275858128
