Values	total	status	pValue
Min.	2	AfrAmr	0.757820199212016
1st Qu.	2.5	AfrAmr	0.757820199212016
Median	3	AfrAmr	0.757820199212016
Mean	3	AfrAmr	0.757820199212016
3rd Qu.	3.5	AfrAmr	0.757820199212016
Max.	4	AfrAmr	0.757820199212016
Min.	0	EurAmr	0.757820199212016
1st Qu.	1	EurAmr	0.757820199212016
Median	3	EurAmr	0.757820199212016
Mean	3.39024390243902	EurAmr	0.757820199212016
3rd Qu.	5	EurAmr	0.757820199212016
Max.	16	EurAmr	0.757820199212016
