Values	total	status	pValue
Min.	1	AfrAmr	0.04885637808893887
1st Qu.	4.5	AfrAmr	0.04885637808893887
Median	12	AfrAmr	0.04885637808893887
Mean	16.5263157894737	AfrAmr	0.04885637808893887
3rd Qu.	21	AfrAmr	0.04885637808893887
Max.	82	AfrAmr	0.04885637808893887
Min.	0	EurAmr	0.04885637808893887
1st Qu.	7	EurAmr	0.04885637808893887
Median	17	EurAmr	0.04885637808893887
Mean	35.3882352941176	EurAmr	0.04885637808893887
3rd Qu.	56	EurAmr	0.04885637808893887
Max.	195	EurAmr	0.04885637808893887
