Values	total	status	pValue
Min.	0	AfrAmr	0.06263770125628579
1st Qu.	1	AfrAmr	0.06263770125628579
Median	2	AfrAmr	0.06263770125628579
Mean	2	AfrAmr	0.06263770125628579
3rd Qu.	2.5	AfrAmr	0.06263770125628579
Max.	6	AfrAmr	0.06263770125628579
Min.	0	EurAmr	0.06263770125628579
1st Qu.	1	EurAmr	0.06263770125628579
Median	2	EurAmr	0.06263770125628579
Mean	3.77647058823529	EurAmr	0.06263770125628579
3rd Qu.	5	EurAmr	0.06263770125628579
Max.	21	EurAmr	0.06263770125628579
