Values	total	status	pValue
Min.	1	AfrAmr	0.9615264275043829
1st Qu.	1	AfrAmr	0.9615264275043829
Median	1	AfrAmr	0.9615264275043829
Mean	1	AfrAmr	0.9615264275043829
3rd Qu.	1	AfrAmr	0.9615264275043829
Max.	1	AfrAmr	0.9615264275043829
Min.	0	EurAmr	0.9615264275043829
1st Qu.	0	EurAmr	0.9615264275043829
Median	1	EurAmr	0.9615264275043829
Mean	1.70731707317073	EurAmr	0.9615264275043829
3rd Qu.	3	EurAmr	0.9615264275043829
Max.	8	EurAmr	0.9615264275043829
