Values	total	status	pValue
Min.	1	AfrAmr	0.4421335118724981
1st Qu.	1	AfrAmr	0.4421335118724981
Median	1.5	AfrAmr	0.4421335118724981
Mean	2.75	AfrAmr	0.4421335118724981
3rd Qu.	3.25	AfrAmr	0.4421335118724981
Max.	7	AfrAmr	0.4421335118724981
Min.	0	EurAmr	0.4421335118724981
1st Qu.	0	EurAmr	0.4421335118724981
Median	1	EurAmr	0.4421335118724981
Mean	1.93333333333333	EurAmr	0.4421335118724981
3rd Qu.	2.25	EurAmr	0.4421335118724981
Max.	21	EurAmr	0.4421335118724981
