Values	total	status	pValue
Min.	0	AfrAmr	0.9690605941870374
1st Qu.	0	AfrAmr	0.9690605941870374
Median	2	AfrAmr	0.9690605941870374
Mean	2.32692307692308	AfrAmr	0.9690605941870374
3rd Qu.	3	AfrAmr	0.9690605941870374
Max.	14	AfrAmr	0.9690605941870374
Min.	0	EurAmr	0.9690605941870374
1st Qu.	1	EurAmr	0.9690605941870374
Median	2	EurAmr	0.9690605941870374
Mean	2.09926470588235	EurAmr	0.9690605941870374
3rd Qu.	3	EurAmr	0.9690605941870374
Max.	10	EurAmr	0.9690605941870374
