Values	total	status	pValue
Min.	0	AfrAmr	0.6479850670804144
1st Qu.	3	AfrAmr	0.6479850670804144
Median	6	AfrAmr	0.6479850670804144
Mean	8.09615384615385	AfrAmr	0.6479850670804144
3rd Qu.	9	AfrAmr	0.6479850670804144
Max.	91	AfrAmr	0.6479850670804144
Min.	0	EurAmr	0.6479850670804144
1st Qu.	4	EurAmr	0.6479850670804144
Median	6.5	EurAmr	0.6479850670804144
Mean	6.76470588235294	EurAmr	0.6479850670804144
3rd Qu.	9	EurAmr	0.6479850670804144
Max.	20	EurAmr	0.6479850670804144
