Values	total	status	pValue
Min.	0	AfrAmr	0.5085046096470228
1st Qu.	1	AfrAmr	0.5085046096470228
Median	2	AfrAmr	0.5085046096470228
Mean	2.63461538461538	AfrAmr	0.5085046096470228
3rd Qu.	3.25	AfrAmr	0.5085046096470228
Max.	15	AfrAmr	0.5085046096470228
Min.	0	EurAmr	0.5085046096470228
1st Qu.	1	EurAmr	0.5085046096470228
Median	2	EurAmr	0.5085046096470228
Mean	2.54779411764706	EurAmr	0.5085046096470228
3rd Qu.	4	EurAmr	0.5085046096470228
Max.	14	EurAmr	0.5085046096470228
