Values	total	status	pValue
Min.	0	AfrAmr	0.48044077138104435
1st Qu.	1	AfrAmr	0.48044077138104435
Median	3	AfrAmr	0.48044077138104435
Mean	3.4406779661017	AfrAmr	0.48044077138104435
3rd Qu.	5.5	AfrAmr	0.48044077138104435
Max.	10	AfrAmr	0.48044077138104435
Min.	0	EurAmr	0.48044077138104435
1st Qu.	2	EurAmr	0.48044077138104435
Median	3	EurAmr	0.48044077138104435
Mean	3.66834170854271	EurAmr	0.48044077138104435
3rd Qu.	5	EurAmr	0.48044077138104435
Max.	10	EurAmr	0.48044077138104435
