Values	total	status	pValue
Min.	4	AfrAmr	0.19466721966371944
1st Qu.	7	AfrAmr	0.19466721966371944
Median	10	AfrAmr	0.19466721966371944
Mean	12	AfrAmr	0.19466721966371944
3rd Qu.	12.25	AfrAmr	0.19466721966371944
Max.	36	AfrAmr	0.19466721966371944
Min.	0	EurAmr	0.19466721966371944
1st Qu.	4	EurAmr	0.19466721966371944
Median	8	EurAmr	0.19466721966371944
Mean	10.1179775280899	EurAmr	0.19466721966371944
3rd Qu.	12	EurAmr	0.19466721966371944
Max.	136	EurAmr	0.19466721966371944
