Values	total	status	pValue
Min.	0	AfrAmr	0.995121168886852
1st Qu.	1.25	AfrAmr	0.995121168886852
Median	2	AfrAmr	0.995121168886852
Mean	3.08823529411765	AfrAmr	0.995121168886852
3rd Qu.	3	AfrAmr	0.995121168886852
Max.	14	AfrAmr	0.995121168886852
Min.	0	EurAmr	0.995121168886852
1st Qu.	1	EurAmr	0.995121168886852
Median	2	EurAmr	0.995121168886852
Mean	3.14410480349345	EurAmr	0.995121168886852
3rd Qu.	4	EurAmr	0.995121168886852
Max.	18	EurAmr	0.995121168886852
