Values	total	status	pValue
Min.	0	AfrAmr	0.1257400644155274
1st Qu.	2	AfrAmr	0.1257400644155274
Median	7.5	AfrAmr	0.1257400644155274
Mean	10.8571428571429	AfrAmr	0.1257400644155274
3rd Qu.	12.5	AfrAmr	0.1257400644155274
Max.	58	AfrAmr	0.1257400644155274
Min.	0	EurAmr	0.1257400644155274
1st Qu.	1	EurAmr	0.1257400644155274
Median	3	EurAmr	0.1257400644155274
Mean	5.65891472868217	EurAmr	0.1257400644155274
3rd Qu.	8	EurAmr	0.1257400644155274
Max.	38	EurAmr	0.1257400644155274
