Values	total	status	pValue
Min.	0	AfrAmr	0.3954839671354767
1st Qu.	9.25	AfrAmr	0.3954839671354767
Median	17	AfrAmr	0.3954839671354767
Mean	24.7941176470588	AfrAmr	0.3954839671354767
3rd Qu.	35.5	AfrAmr	0.3954839671354767
Max.	110	AfrAmr	0.3954839671354767
Min.	0	EurAmr	0.3954839671354767
1st Qu.	5	EurAmr	0.3954839671354767
Median	15	EurAmr	0.3954839671354767
Mean	21.6986899563319	EurAmr	0.3954839671354767
3rd Qu.	29	EurAmr	0.3954839671354767
Max.	122	EurAmr	0.3954839671354767
