Values	total	status	pValue
Min.	0	AfrAmr	0.3491963623975841
1st Qu.	4.5	AfrAmr	0.3491963623975841
Median	8.5	AfrAmr	0.3491963623975841
Mean	12.2857142857143	AfrAmr	0.3491963623975841
3rd Qu.	14	AfrAmr	0.3491963623975841
Max.	48	AfrAmr	0.3491963623975841
Min.	0	EurAmr	0.3491963623975841
1st Qu.	3	EurAmr	0.3491963623975841
Median	6	EurAmr	0.3491963623975841
Mean	8.55813953488372	EurAmr	0.3491963623975841
3rd Qu.	12	EurAmr	0.3491963623975841
Max.	42	EurAmr	0.3491963623975841
