Values	total	status	pValue
Min.	1	AfrAmr	0.04359251445775485
1st Qu.	7	AfrAmr	0.04359251445775485
Median	22	AfrAmr	0.04359251445775485
Mean	22.3529411764706	AfrAmr	0.04359251445775485
3rd Qu.	33.25	AfrAmr	0.04359251445775485
Max.	67	AfrAmr	0.04359251445775485
Min.	0	EurAmr	0.04359251445775485
1st Qu.	3	EurAmr	0.04359251445775485
Median	10	EurAmr	0.04359251445775485
Mean	17.6113537117904	EurAmr	0.04359251445775485
3rd Qu.	25	EurAmr	0.04359251445775485
Max.	125	EurAmr	0.04359251445775485
