Values	total	status	pValue
Min.	19	AfrAmr	0.3283697341941605
1st Qu.	24	AfrAmr	0.3283697341941605
Median	57	AfrAmr	0.3283697341941605
Mean	56.7142857142857	AfrAmr	0.3283697341941605
3rd Qu.	86	AfrAmr	0.3283697341941605
Max.	101	AfrAmr	0.3283697341941605
Min.	4	EurAmr	0.3283697341941605
1st Qu.	21	EurAmr	0.3283697341941605
Median	35	EurAmr	0.3283697341941605
Mean	43.6083333333333	EurAmr	0.3283697341941605
3rd Qu.	64	EurAmr	0.3283697341941605
Max.	147	EurAmr	0.3283697341941605
