Values	total	status	pValue
Min.	7	AfrAmr	0.4280262905238264
1st Qu.	18	AfrAmr	0.4280262905238264
Median	28	AfrAmr	0.4280262905238264
Mean	34.5714285714286	AfrAmr	0.4280262905238264
3rd Qu.	55	AfrAmr	0.4280262905238264
Max.	61	AfrAmr	0.4280262905238264
Min.	0	EurAmr	0.4280262905238264
1st Qu.	13.75	EurAmr	0.4280262905238264
Median	25	EurAmr	0.4280262905238264
Mean	29.3416666666667	EurAmr	0.4280262905238264
3rd Qu.	40	EurAmr	0.4280262905238264
Max.	133	EurAmr	0.4280262905238264
