Values	total	status	pValue
Min.	1	AfrAmr	0.6982619339087628
1st Qu.	5.5	AfrAmr	0.6982619339087628
Median	12	AfrAmr	0.6982619339087628
Mean	14.6315789473684	AfrAmr	0.6982619339087628
3rd Qu.	23.5	AfrAmr	0.6982619339087628
Max.	38	AfrAmr	0.6982619339087628
Min.	0	EurAmr	0.6982619339087628
1st Qu.	8	EurAmr	0.6982619339087628
Median	12	EurAmr	0.6982619339087628
Mean	16.3502824858757	EurAmr	0.6982619339087628
3rd Qu.	21	EurAmr	0.6982619339087628
Max.	91	EurAmr	0.6982619339087628
