Values	total	status	pValue
Min.	4	AfrAmr	0.6610647836834751
1st Qu.	14.5	AfrAmr	0.6610647836834751
Median	49	AfrAmr	0.6610647836834751
Mean	51.6315789473684	AfrAmr	0.6610647836834751
3rd Qu.	68	AfrAmr	0.6610647836834751
Max.	153	AfrAmr	0.6610647836834751
Min.	0	EurAmr	0.6610647836834751
1st Qu.	25	EurAmr	0.6610647836834751
Median	40	EurAmr	0.6610647836834751
Mean	57.2372881355932	EurAmr	0.6610647836834751
3rd Qu.	69	EurAmr	0.6610647836834751
Max.	435	EurAmr	0.6610647836834751
