Values	total	status	pValue
Min.	0	AfrAmr	0.2846981266211303
1st Qu.	2	AfrAmr	0.2846981266211303
Median	4	AfrAmr	0.2846981266211303
Mean	4.21052631578947	AfrAmr	0.2846981266211303
3rd Qu.	5.5	AfrAmr	0.2846981266211303
Max.	11	AfrAmr	0.2846981266211303
Min.	0	EurAmr	0.2846981266211303
1st Qu.	3	EurAmr	0.2846981266211303
Median	5	EurAmr	0.2846981266211303
Mean	5.26553672316384	EurAmr	0.2846981266211303
3rd Qu.	7	EurAmr	0.2846981266211303
Max.	26	EurAmr	0.2846981266211303
