Values	total	status	pValue
Min.	0	AfrAmr	0.47254587591057506
1st Qu.	1.5	AfrAmr	0.47254587591057506
Median	4	AfrAmr	0.47254587591057506
Mean	3.14285714285714	AfrAmr	0.47254587591057506
3rd Qu.	4.5	AfrAmr	0.47254587591057506
Max.	6	AfrAmr	0.47254587591057506
Min.	0	EurAmr	0.47254587591057506
1st Qu.	2	EurAmr	0.47254587591057506
Median	4	EurAmr	0.47254587591057506
Mean	4.31666666666667	EurAmr	0.47254587591057506
3rd Qu.	6	EurAmr	0.47254587591057506
Max.	17	EurAmr	0.47254587591057506
