Values	total	status	pValue
Min.	13	AfrAmr	0.7592081965944116
1st Qu.	21.5	AfrAmr	0.7592081965944116
Median	32	AfrAmr	0.7592081965944116
Mean	32.2631578947368	AfrAmr	0.7592081965944116
3rd Qu.	38	AfrAmr	0.7592081965944116
Max.	61	AfrAmr	0.7592081965944116
Min.	0	EurAmr	0.7592081965944116
1st Qu.	22	EurAmr	0.7592081965944116
Median	30	EurAmr	0.7592081965944116
Mean	51.8305084745763	EurAmr	0.7592081965944116
3rd Qu.	44	EurAmr	0.7592081965944116
Max.	1223	EurAmr	0.7592081965944116
