Values	total	status	pValue
Min.	0	AfrAmr	0.3179303556088027
1st Qu.	0	AfrAmr	0.3179303556088027
Median	0	AfrAmr	0.3179303556088027
Mean	0.5	AfrAmr	0.3179303556088027
3rd Qu.	0.75	AfrAmr	0.3179303556088027
Max.	2	AfrAmr	0.3179303556088027
Min.	0	EurAmr	0.3179303556088027
1st Qu.	0	EurAmr	0.3179303556088027
Median	1	EurAmr	0.3179303556088027
Mean	1.61379310344828	EurAmr	0.3179303556088027
3rd Qu.	1	EurAmr	0.3179303556088027
Max.	101	EurAmr	0.3179303556088027
