Values	total	status	pValue
Min.	4	AfrAmr	0.9426289474123701
1st Qu.	12	AfrAmr	0.9426289474123701
Median	19	AfrAmr	0.9426289474123701
Mean	20.4827586206897	AfrAmr	0.9426289474123701
3rd Qu.	25	AfrAmr	0.9426289474123701
Max.	56	AfrAmr	0.9426289474123701
Min.	0	EurAmr	0.9426289474123701
1st Qu.	10	EurAmr	0.9426289474123701
Median	19	EurAmr	0.9426289474123701
Mean	23.8192419825073	EurAmr	0.9426289474123701
3rd Qu.	29	EurAmr	0.9426289474123701
Max.	156	EurAmr	0.9426289474123701
