Values	total	status	pValue
Min.	7	AfrAmr	0.3911347023334585
1st Qu.	11	AfrAmr	0.3911347023334585
Median	17	AfrAmr	0.3911347023334585
Mean	82.3846153846154	AfrAmr	0.3911347023334585
3rd Qu.	25	AfrAmr	0.3911347023334585
Max.	475	AfrAmr	0.3911347023334585
Min.	0	EurAmr	0.3911347023334585
1st Qu.	12.5	EurAmr	0.3911347023334585
Median	23	EurAmr	0.3911347023334585
Mean	79.6531365313653	EurAmr	0.3911347023334585
3rd Qu.	41	EurAmr	0.3911347023334585
Max.	2277	EurAmr	0.3911347023334585
