Values	total	status	pValue
Min.	0	AfrAmr	0.9775598938793435
1st Qu.	1	AfrAmr	0.9775598938793435
Median	3	AfrAmr	0.9775598938793435
Mean	3.75	AfrAmr	0.9775598938793435
3rd Qu.	6	AfrAmr	0.9775598938793435
Max.	9	AfrAmr	0.9775598938793435
Min.	0	EurAmr	0.9775598938793435
1st Qu.	2	EurAmr	0.9775598938793435
Median	3	EurAmr	0.9775598938793435
Mean	3.90449438202247	EurAmr	0.9775598938793435
3rd Qu.	5	EurAmr	0.9775598938793435
Max.	27	EurAmr	0.9775598938793435
