Values	total	status	pValue
Min.	0	AfrAmr	0.9647846648972068
1st Qu.	0.75	AfrAmr	0.9647846648972068
Median	1.5	AfrAmr	0.9647846648972068
Mean	1.5	AfrAmr	0.9647846648972068
3rd Qu.	2.25	AfrAmr	0.9647846648972068
Max.	3	AfrAmr	0.9647846648972068
Min.	0	EurAmr	0.9647846648972068
1st Qu.	0	EurAmr	0.9647846648972068
Median	1	EurAmr	0.9647846648972068
Mean	1.72413793103448	EurAmr	0.9647846648972068
3rd Qu.	2	EurAmr	0.9647846648972068
Max.	10	EurAmr	0.9647846648972068
