Values	total	status	pValue
Min.	0	AfrAmr	0.22019509959095224
1st Qu.	10	AfrAmr	0.22019509959095224
Median	27	AfrAmr	0.22019509959095224
Mean	33.4901960784314	AfrAmr	0.22019509959095224
3rd Qu.	48	AfrAmr	0.22019509959095224
Max.	143	AfrAmr	0.22019509959095224
Min.	0	EurAmr	0.22019509959095224
1st Qu.	10	EurAmr	0.22019509959095224
Median	21	EurAmr	0.22019509959095224
Mean	30.212987012987	EurAmr	0.22019509959095224
3rd Qu.	38	EurAmr	0.22019509959095224
Max.	222	EurAmr	0.22019509959095224
