Values	total	status	pValue
Min.	0	AfrAmr	0.1338119253030238
1st Qu.	1	AfrAmr	0.1338119253030238
Median	2	AfrAmr	0.1338119253030238
Mean	2.65217391304348	AfrAmr	0.1338119253030238
3rd Qu.	4.5	AfrAmr	0.1338119253030238
Max.	8	AfrAmr	0.1338119253030238
Min.	0	EurAmr	0.1338119253030238
1st Qu.	0	EurAmr	0.1338119253030238
Median	1	EurAmr	0.1338119253030238
Mean	3.00920245398773	EurAmr	0.1338119253030238
3rd Qu.	3	EurAmr	0.1338119253030238
Max.	263	EurAmr	0.1338119253030238
