Values	total	status	pValue
Min.	6	AfrAmr	0.9554434699016875
1st Qu.	9.75	AfrAmr	0.9554434699016875
Median	12.5	AfrAmr	0.9554434699016875
Mean	13.375	AfrAmr	0.9554434699016875
3rd Qu.	15.25	AfrAmr	0.9554434699016875
Max.	26	AfrAmr	0.9554434699016875
Min.	0	EurAmr	0.9554434699016875
1st Qu.	9	EurAmr	0.9554434699016875
Median	12	EurAmr	0.9554434699016875
Mean	15.8370786516854	EurAmr	0.9554434699016875
3rd Qu.	17	EurAmr	0.9554434699016875
Max.	301	EurAmr	0.9554434699016875
