Values	total	status	pValue
Min.	0	AfrAmr	0.253400223396407
1st Qu.	1.25	AfrAmr	0.253400223396407
Median	2	AfrAmr	0.253400223396407
Mean	1.83333333333333	AfrAmr	0.253400223396407
3rd Qu.	2	AfrAmr	0.253400223396407
Max.	4	AfrAmr	0.253400223396407
Min.	0	EurAmr	0.253400223396407
1st Qu.	0	EurAmr	0.253400223396407
Median	1	EurAmr	0.253400223396407
Mean	7.18620689655172	EurAmr	0.253400223396407
3rd Qu.	2	EurAmr	0.253400223396407
Max.	855	EurAmr	0.253400223396407
