Values	total	status	pValue
Min.	0	AfrAmr	0.8427438971514769
1st Qu.	3	AfrAmr	0.8427438971514769
Median	7	AfrAmr	0.8427438971514769
Mean	8.5531914893617	AfrAmr	0.8427438971514769
3rd Qu.	10.5	AfrAmr	0.8427438971514769
Max.	43	AfrAmr	0.8427438971514769
Min.	0	EurAmr	0.8427438971514769
1st Qu.	3	EurAmr	0.8427438971514769
Median	7	EurAmr	0.8427438971514769
Mean	10.9884259259259	EurAmr	0.8427438971514769
3rd Qu.	13	EurAmr	0.8427438971514769
Max.	122	EurAmr	0.8427438971514769
