Values	total	status	pValue
Min.	3	AfrAmr	0.1361486656866545
1st Qu.	7	AfrAmr	0.1361486656866545
Median	9	AfrAmr	0.1361486656866545
Mean	12.0434782608696	AfrAmr	0.1361486656866545
3rd Qu.	17.5	AfrAmr	0.1361486656866545
Max.	27	AfrAmr	0.1361486656866545
Min.	0	EurAmr	0.1361486656866545
1st Qu.	4	EurAmr	0.1361486656866545
Median	8.5	EurAmr	0.1361486656866545
Mean	12.638036809816	EurAmr	0.1361486656866545
3rd Qu.	14	EurAmr	0.1361486656866545
Max.	507	EurAmr	0.1361486656866545
