Values	total	status	pValue
Min.	0	AfrAmr	0.03303047813564964
1st Qu.	3	AfrAmr	0.03303047813564964
Median	6	AfrAmr	0.03303047813564964
Mean	8.62745098039216	AfrAmr	0.03303047813564964
3rd Qu.	12.5	AfrAmr	0.03303047813564964
Max.	31	AfrAmr	0.03303047813564964
Min.	0	EurAmr	0.03303047813564964
1st Qu.	2	EurAmr	0.03303047813564964
Median	4	EurAmr	0.03303047813564964
Mean	7.05714285714286	EurAmr	0.03303047813564964
3rd Qu.	9	EurAmr	0.03303047813564964
Max.	87	EurAmr	0.03303047813564964
