Values	total	status	pValue
Min.	0	AfrAmr	0.14189424385071783
1st Qu.	7.5	AfrAmr	0.14189424385071783
Median	17	AfrAmr	0.14189424385071783
Mean	22.843137254902	AfrAmr	0.14189424385071783
3rd Qu.	30	AfrAmr	0.14189424385071783
Max.	110	AfrAmr	0.14189424385071783
Min.	0	EurAmr	0.14189424385071783
1st Qu.	4	EurAmr	0.14189424385071783
Median	11	EurAmr	0.14189424385071783
Mean	18.4649350649351	EurAmr	0.14189424385071783
3rd Qu.	25	EurAmr	0.14189424385071783
Max.	122	EurAmr	0.14189424385071783
