Values	total	status	pValue
Min.	0	AfrAmr	0.13482886883153195
1st Qu.	1	AfrAmr	0.13482886883153195
Median	2	AfrAmr	0.13482886883153195
Mean	2.72881355932203	AfrAmr	0.13482886883153195
3rd Qu.	4	AfrAmr	0.13482886883153195
Max.	13	AfrAmr	0.13482886883153195
Min.	0	EurAmr	0.13482886883153195
1st Qu.	1	EurAmr	0.13482886883153195
Median	3	EurAmr	0.13482886883153195
Mean	3.18592964824121	EurAmr	0.13482886883153195
3rd Qu.	5	EurAmr	0.13482886883153195
Max.	13	EurAmr	0.13482886883153195
