Values	total	status	pValue
Min.	0	AfrAmr	0.14085519593034299
1st Qu.	0	AfrAmr	0.14085519593034299
Median	0.5	AfrAmr	0.14085519593034299
Mean	1.16666666666667	AfrAmr	0.14085519593034299
3rd Qu.	1.75	AfrAmr	0.14085519593034299
Max.	4	AfrAmr	0.14085519593034299
Min.	0	EurAmr	0.14085519593034299
1st Qu.	1	EurAmr	0.14085519593034299
Median	2	EurAmr	0.14085519593034299
Mean	14.2206896551724	EurAmr	0.14085519593034299
3rd Qu.	3	EurAmr	0.14085519593034299
Max.	1751	EurAmr	0.14085519593034299
