Values	total	status	pValue
Min.	0	AfrAmr	0.9763225074896092
1st Qu.	0.25	AfrAmr	0.9763225074896092
Median	1	AfrAmr	0.9763225074896092
Mean	2.33333333333333	AfrAmr	0.9763225074896092
3rd Qu.	1.75	AfrAmr	0.9763225074896092
Max.	10	AfrAmr	0.9763225074896092
Min.	0	EurAmr	0.9763225074896092
1st Qu.	0	EurAmr	0.9763225074896092
Median	1	EurAmr	0.9763225074896092
Mean	1.71724137931034	EurAmr	0.9763225074896092
3rd Qu.	2	EurAmr	0.9763225074896092
Max.	20	EurAmr	0.9763225074896092
