Values	total	status	pValue
Min.	0	AfrAmr	0.5911335190163955
1st Qu.	2	AfrAmr	0.5911335190163955
Median	4	AfrAmr	0.5911335190163955
Mean	17.6923076923077	AfrAmr	0.5911335190163955
3rd Qu.	6	AfrAmr	0.5911335190163955
Max.	99	AfrAmr	0.5911335190163955
Min.	0	EurAmr	0.5911335190163955
1st Qu.	2	EurAmr	0.5911335190163955
Median	5	EurAmr	0.5911335190163955
Mean	22.9335793357934	EurAmr	0.5911335190163955
3rd Qu.	16	EurAmr	0.5911335190163955
Max.	509	EurAmr	0.5911335190163955
