Values	total	status	pValue
Min.	0	AfrAmr	0.47338041856737706
1st Qu.	1	AfrAmr	0.47338041856737706
Median	1	AfrAmr	0.47338041856737706
Mean	1.4	AfrAmr	0.47338041856737706
3rd Qu.	2	AfrAmr	0.47338041856737706
Max.	3	AfrAmr	0.47338041856737706
Min.	0	EurAmr	0.47338041856737706
1st Qu.	0	EurAmr	0.47338041856737706
Median	1	EurAmr	0.47338041856737706
Mean	1.29245283018868	EurAmr	0.47338041856737706
3rd Qu.	2	EurAmr	0.47338041856737706
Max.	11	EurAmr	0.47338041856737706
