Values	total	status	pValue
Min.	7	AfrAmr	0.5180990403217944
1st Qu.	9	AfrAmr	0.5180990403217944
Median	17	AfrAmr	0.5180990403217944
Mean	95.8	AfrAmr	0.5180990403217944
3rd Qu.	25	AfrAmr	0.5180990403217944
Max.	421	AfrAmr	0.5180990403217944
Min.	1	EurAmr	0.5180990403217944
1st Qu.	13	EurAmr	0.5180990403217944
Median	27	EurAmr	0.5180990403217944
Mean	110.347826086957	EurAmr	0.5180990403217944
3rd Qu.	139	EurAmr	0.5180990403217944
Max.	1017	EurAmr	0.5180990403217944
