Values	total	status	pValue
Min.	14	AfrAmr	0.7433807341543613
1st Qu.	17.75	AfrAmr	0.7433807341543613
Median	20.5	AfrAmr	0.7433807341543613
Mean	21	AfrAmr	0.7433807341543613
3rd Qu.	23.75	AfrAmr	0.7433807341543613
Max.	29	AfrAmr	0.7433807341543613
Min.	0	EurAmr	0.7433807341543613
1st Qu.	11	EurAmr	0.7433807341543613
Median	26	EurAmr	0.7433807341543613
Mean	113.478260869565	EurAmr	0.7433807341543613
3rd Qu.	49	EurAmr	0.7433807341543613
Max.	2277	EurAmr	0.7433807341543613
