Values	total	status	pValue
Min.	0	AfrAmr	0.22933902598152925
1st Qu.	1	AfrAmr	0.22933902598152925
Median	1	AfrAmr	0.22933902598152925
Mean	2.4	AfrAmr	0.22933902598152925
3rd Qu.	3	AfrAmr	0.22933902598152925
Max.	7	AfrAmr	0.22933902598152925
Min.	0	EurAmr	0.22933902598152925
1st Qu.	1	EurAmr	0.22933902598152925
Median	4	EurAmr	0.22933902598152925
Mean	4.73913043478261	EurAmr	0.22933902598152925
3rd Qu.	7	EurAmr	0.22933902598152925
Max.	22	EurAmr	0.22933902598152925
