Values	total	status	pValue
Min.	3	AfrAmr	0.6877356292625182
1st Qu.	18.75	AfrAmr	0.6877356292625182
Median	29	AfrAmr	0.6877356292625182
Mean	29.25	AfrAmr	0.6877356292625182
3rd Qu.	39.5	AfrAmr	0.6877356292625182
Max.	56	AfrAmr	0.6877356292625182
Min.	0	EurAmr	0.6877356292625182
1st Qu.	17	EurAmr	0.6877356292625182
Median	32	EurAmr	0.6877356292625182
Mean	51.2888888888889	EurAmr	0.6877356292625182
3rd Qu.	56	EurAmr	0.6877356292625182
Max.	325	EurAmr	0.6877356292625182
