Values	total	status	pValue
Min.	4	AfrAmr	0.5822998045777994
1st Qu.	4.75	AfrAmr	0.5822998045777994
Median	7	AfrAmr	0.5822998045777994
Mean	10.25	AfrAmr	0.5822998045777994
3rd Qu.	12.5	AfrAmr	0.5822998045777994
Max.	23	AfrAmr	0.5822998045777994
Min.	0	EurAmr	0.5822998045777994
1st Qu.	4	EurAmr	0.5822998045777994
Median	6	EurAmr	0.5822998045777994
Mean	8.46666666666667	EurAmr	0.5822998045777994
3rd Qu.	9	EurAmr	0.5822998045777994
Max.	47	EurAmr	0.5822998045777994
