Values	total	status	pValue
Min.	4	AfrAmr	0.4947951844365426
1st Qu.	6	AfrAmr	0.4947951844365426
Median	6	AfrAmr	0.4947951844365426
Mean	7.8	AfrAmr	0.4947951844365426
3rd Qu.	8	AfrAmr	0.4947951844365426
Max.	15	AfrAmr	0.4947951844365426
Min.	0	EurAmr	0.4947951844365426
1st Qu.	2	EurAmr	0.4947951844365426
Median	5	EurAmr	0.4947951844365426
Mean	8.35185185185185	EurAmr	0.4947951844365426
3rd Qu.	10	EurAmr	0.4947951844365426
Max.	49	EurAmr	0.4947951844365426
