Values	total	status	pValue
Min.	0	AfrAmr	0.3828817654514361
1st Qu.	1	AfrAmr	0.3828817654514361
Median	2	AfrAmr	0.3828817654514361
Mean	3.44444444444444	AfrAmr	0.3828817654514361
3rd Qu.	3	AfrAmr	0.3828817654514361
Max.	11	AfrAmr	0.3828817654514361
Min.	0	EurAmr	0.3828817654514361
1st Qu.	1	EurAmr	0.3828817654514361
Median	2	EurAmr	0.3828817654514361
Mean	2.84393063583815	EurAmr	0.3828817654514361
3rd Qu.	3	EurAmr	0.3828817654514361
Max.	25	EurAmr	0.3828817654514361
