Values	total	status	pValue
Min.	1	AfrAmr	0.9295182425273144
1st Qu.	2	AfrAmr	0.9295182425273144
Median	2	AfrAmr	0.9295182425273144
Mean	3.88888888888889	AfrAmr	0.9295182425273144
3rd Qu.	4	AfrAmr	0.9295182425273144
Max.	13	AfrAmr	0.9295182425273144
Min.	0	EurAmr	0.9295182425273144
1st Qu.	1	EurAmr	0.9295182425273144
Median	3	EurAmr	0.9295182425273144
Mean	5.42196531791908	EurAmr	0.9295182425273144
3rd Qu.	5	EurAmr	0.9295182425273144
Max.	43	EurAmr	0.9295182425273144
