Values	total	status	pValue
Min.	2	AfrAmr	0.05132900544915762
1st Qu.	2	AfrAmr	0.05132900544915762
Median	3	AfrAmr	0.05132900544915762
Mean	6	AfrAmr	0.05132900544915762
3rd Qu.	4	AfrAmr	0.05132900544915762
Max.	19	AfrAmr	0.05132900544915762
Min.	0	EurAmr	0.05132900544915762
1st Qu.	4	EurAmr	0.05132900544915762
Median	12.5	EurAmr	0.05132900544915762
Mean	21.2222222222222	EurAmr	0.05132900544915762
3rd Qu.	30	EurAmr	0.05132900544915762
Max.	95	EurAmr	0.05132900544915762
