Values	total	status	pValue
Min.	2	AfrAmr	0.9123149372127086
1st Qu.	2	AfrAmr	0.9123149372127086
Median	4.5	AfrAmr	0.9123149372127086
Mean	8.5	AfrAmr	0.9123149372127086
3rd Qu.	11	AfrAmr	0.9123149372127086
Max.	23	AfrAmr	0.9123149372127086
Min.	0	EurAmr	0.9123149372127086
1st Qu.	2	EurAmr	0.9123149372127086
Median	5	EurAmr	0.9123149372127086
Mean	7.86666666666667	EurAmr	0.9123149372127086
3rd Qu.	8	EurAmr	0.9123149372127086
Max.	39	EurAmr	0.9123149372127086
