Values	total	status	pValue
Min.	0	AfrAmr	0.051152950932069834
1st Qu.	1	AfrAmr	0.051152950932069834
Median	2	AfrAmr	0.051152950932069834
Mean	2.55555555555556	AfrAmr	0.051152950932069834
3rd Qu.	4	AfrAmr	0.051152950932069834
Max.	5	AfrAmr	0.051152950932069834
Min.	0	EurAmr	0.051152950932069834
1st Qu.	0	EurAmr	0.051152950932069834
Median	1	EurAmr	0.051152950932069834
Mean	1.87861271676301	EurAmr	0.051152950932069834
3rd Qu.	2	EurAmr	0.051152950932069834
Max.	21	EurAmr	0.051152950932069834
