Values	total	status	pValue
Min.	1	AfrAmr	0.5532850856367837
1st Qu.	1.75	AfrAmr	0.5532850856367837
Median	2.5	AfrAmr	0.5532850856367837
Mean	8.75	AfrAmr	0.5532850856367837
3rd Qu.	9.5	AfrAmr	0.5532850856367837
Max.	29	AfrAmr	0.5532850856367837
Min.	0	EurAmr	0.5532850856367837
1st Qu.	1	EurAmr	0.5532850856367837
Median	2	EurAmr	0.5532850856367837
Mean	3.66666666666667	EurAmr	0.5532850856367837
3rd Qu.	5	EurAmr	0.5532850856367837
Max.	23	EurAmr	0.5532850856367837
