Values	total	status	pValue
Min.	1	AfrAmr	0.7351023996522221
1st Qu.	1	AfrAmr	0.7351023996522221
Median	1	AfrAmr	0.7351023996522221
Mean	1	AfrAmr	0.7351023996522221
3rd Qu.	1	AfrAmr	0.7351023996522221
Max.	1	AfrAmr	0.7351023996522221
Min.	0	EurAmr	0.7351023996522221
1st Qu.	0	EurAmr	0.7351023996522221
Median	1	EurAmr	0.7351023996522221
Mean	1.7962962962963	EurAmr	0.7351023996522221
3rd Qu.	2	EurAmr	0.7351023996522221
Max.	10	EurAmr	0.7351023996522221
