Values	total	status	pValue
Min.	0	AfrAmr	0.8901569800244551
1st Qu.	0	AfrAmr	0.8901569800244551
Median	0	AfrAmr	0.8901569800244551
Mean	0.333333333333333	AfrAmr	0.8901569800244551
3rd Qu.	0.5	AfrAmr	0.8901569800244551
Max.	1	AfrAmr	0.8901569800244551
Min.	0	EurAmr	0.8901569800244551
1st Qu.	0	EurAmr	0.8901569800244551
Median	0	EurAmr	0.8901569800244551
Mean	0.463414634146341	EurAmr	0.8901569800244551
3rd Qu.	1	EurAmr	0.8901569800244551
Max.	4	EurAmr	0.8901569800244551
