Values	total	status	pValue
Min.	0	AfrAmr	0.9703609151569648
1st Qu.	0.25	AfrAmr	0.9703609151569648
Median	1.5	AfrAmr	0.9703609151569648
Mean	1.8	AfrAmr	0.9703609151569648
3rd Qu.	3	AfrAmr	0.9703609151569648
Max.	4	AfrAmr	0.9703609151569648
Min.	0	EurAmr	0.9703609151569648
1st Qu.	0	EurAmr	0.9703609151569648
Median	2	EurAmr	0.9703609151569648
Mean	1.95	EurAmr	0.9703609151569648
3rd Qu.	3	EurAmr	0.9703609151569648
Max.	7	EurAmr	0.9703609151569648
