Values	total	status	pValue
Min.	0	AfrAmr	0.06938102057185902
1st Qu.	2.5	AfrAmr	0.06938102057185902
Median	5	AfrAmr	0.06938102057185902
Mean	7.47368421052632	AfrAmr	0.06938102057185902
3rd Qu.	10.5	AfrAmr	0.06938102057185902
Max.	23	AfrAmr	0.06938102057185902
Min.	0	EurAmr	0.06938102057185902
1st Qu.	4	EurAmr	0.06938102057185902
Median	9	EurAmr	0.06938102057185902
Mean	12.3975903614458	EurAmr	0.06938102057185902
3rd Qu.	17	EurAmr	0.06938102057185902
Max.	96	EurAmr	0.06938102057185902
