Values	total	status	pValue
Min.	1	AfrAmr	0.6495807441581529
1st Qu.	1.5	AfrAmr	0.6495807441581529
Median	2	AfrAmr	0.6495807441581529
Mean	3.33333333333333	AfrAmr	0.6495807441581529
3rd Qu.	4.5	AfrAmr	0.6495807441581529
Max.	7	AfrAmr	0.6495807441581529
Min.	0	EurAmr	0.6495807441581529
1st Qu.	1	EurAmr	0.6495807441581529
Median	2	EurAmr	0.6495807441581529
Mean	2.53658536585366	EurAmr	0.6495807441581529
3rd Qu.	3	EurAmr	0.6495807441581529
Max.	13	EurAmr	0.6495807441581529
