Values	total	status	pValue
Min.	0	AfrAmr	0.03862184330715092
1st Qu.	10	AfrAmr	0.03862184330715092
Median	18	AfrAmr	0.03862184330715092
Mean	18.4736842105263	AfrAmr	0.03862184330715092
3rd Qu.	22	AfrAmr	0.03862184330715092
Max.	49	AfrAmr	0.03862184330715092
Min.	2	EurAmr	0.03862184330715092
1st Qu.	15	EurAmr	0.03862184330715092
Median	24	EurAmr	0.03862184330715092
Mean	30.4939759036145	EurAmr	0.03862184330715092
3rd Qu.	39.5	EurAmr	0.03862184330715092
Max.	179	EurAmr	0.03862184330715092
