Values	total	status	pValue
Min.	2	AfrAmr	0.6326027840099517
1st Qu.	2.25	AfrAmr	0.6326027840099517
Median	3	AfrAmr	0.6326027840099517
Mean	3	AfrAmr	0.6326027840099517
3rd Qu.	3	AfrAmr	0.6326027840099517
Max.	5	AfrAmr	0.6326027840099517
Min.	0	EurAmr	0.6326027840099517
1st Qu.	1	EurAmr	0.6326027840099517
Median	2	EurAmr	0.6326027840099517
Mean	3.45132743362832	EurAmr	0.6326027840099517
3rd Qu.	5	EurAmr	0.6326027840099517
Max.	16	EurAmr	0.6326027840099517
