Values	total	status	pValue
Min.	1	AfrAmr	0.5186055068611741
1st Qu.	1	AfrAmr	0.5186055068611741
Median	1	AfrAmr	0.5186055068611741
Mean	1	AfrAmr	0.5186055068611741
3rd Qu.	1	AfrAmr	0.5186055068611741
Max.	1	AfrAmr	0.5186055068611741
Min.	0	EurAmr	0.5186055068611741
1st Qu.	0	EurAmr	0.5186055068611741
Median	1	EurAmr	0.5186055068611741
Mean	1.24390243902439	EurAmr	0.5186055068611741
3rd Qu.	1	EurAmr	0.5186055068611741
Max.	8	EurAmr	0.5186055068611741
