Values	total	status	pValue
Min.	1	AfrAmr	0.77610618609116655
1st Qu.	1.5	AfrAmr	0.77610618609116655
Median	2	AfrAmr	0.77610618609116655
Mean	2.33333333333333	AfrAmr	0.77610618609116655
3rd Qu.	3	AfrAmr	0.77610618609116655
Max.	4	AfrAmr	0.77610618609116655
Min.	0	EurAmr	0.77610618609116655
1st Qu.	1	EurAmr	0.77610618609116655
Median	2	EurAmr	0.77610618609116655
Mean	2.53658536585366	EurAmr	0.77610618609116655
3rd Qu.	4	EurAmr	0.77610618609116655
Max.	15	EurAmr	0.77610618609116655
