Values	total	status	pValue
Min.	1	AfrAmr	0.2662030474553107
1st Qu.	3	AfrAmr	0.2662030474553107
Median	3.5	AfrAmr	0.2662030474553107
Mean	3.66666666666667	AfrAmr	0.2662030474553107
3rd Qu.	4.75	AfrAmr	0.2662030474553107
Max.	6	AfrAmr	0.2662030474553107
Min.	0	EurAmr	0.2662030474553107
1st Qu.	1	EurAmr	0.2662030474553107
Median	2	EurAmr	0.2662030474553107
Mean	3.29203539823009	EurAmr	0.2662030474553107
3rd Qu.	4	EurAmr	0.2662030474553107
Max.	17	EurAmr	0.2662030474553107
