Values	total	status	pValue
Min.	0	AfrAmr	0.6938213865963567
1st Qu.	0	AfrAmr	0.6938213865963567
Median	1	AfrAmr	0.6938213865963567
Mean	1.2	AfrAmr	0.6938213865963567
3rd Qu.	1	AfrAmr	0.6938213865963567
Max.	5	AfrAmr	0.6938213865963567
Min.	0	EurAmr	0.6938213865963567
1st Qu.	0	EurAmr	0.6938213865963567
Median	1	EurAmr	0.6938213865963567
Mean	1.275	EurAmr	0.6938213865963567
3rd Qu.	2	EurAmr	0.6938213865963567
Max.	5	EurAmr	0.6938213865963567
