Values	total	status	pValue
Min.	1	AfrAmr	0.3187486043987231
1st Qu.	6	AfrAmr	0.3187486043987231
Median	9	AfrAmr	0.3187486043987231
Mean	8.9	AfrAmr	0.3187486043987231
3rd Qu.	12.5	AfrAmr	0.3187486043987231
Max.	15	AfrAmr	0.3187486043987231
Min.	0	EurAmr	0.3187486043987231
1st Qu.	3	EurAmr	0.3187486043987231
Median	6.5	EurAmr	0.3187486043987231
Mean	7.6	EurAmr	0.3187486043987231
3rd Qu.	11	EurAmr	0.3187486043987231
Max.	32	EurAmr	0.3187486043987231
