Values	total	status	pValue
Min.	5	AfrAmr	0.6529199658260263
1st Qu.	7	AfrAmr	0.6529199658260263
Median	10.5	AfrAmr	0.6529199658260263
Mean	10.6666666666667	AfrAmr	0.6529199658260263
3rd Qu.	13.25	AfrAmr	0.6529199658260263
Max.	18	AfrAmr	0.6529199658260263
Min.	0	EurAmr	0.6529199658260263
1st Qu.	5	EurAmr	0.6529199658260263
Median	12	EurAmr	0.6529199658260263
Mean	14.2300884955752	EurAmr	0.6529199658260263
3rd Qu.	19	EurAmr	0.6529199658260263
Max.	121	EurAmr	0.6529199658260263
