Values	total	status	pValue
Min.	3	AfrAmr	0.030210959589579398
1st Qu.	5.5	AfrAmr	0.030210959589579398
Median	8	AfrAmr	0.030210959589579398
Mean	7.66666666666667	AfrAmr	0.030210959589579398
3rd Qu.	10	AfrAmr	0.030210959589579398
Max.	12	AfrAmr	0.030210959589579398
Min.	1	EurAmr	0.030210959589579398
1st Qu.	2	EurAmr	0.030210959589579398
Median	2	EurAmr	0.030210959589579398
Mean	2	EurAmr	0.030210959589579398
3rd Qu.	2	EurAmr	0.030210959589579398
Max.	3	EurAmr	0.030210959589579398
