Values	total	status	pValue
Min.	19	AfrAmr	0.03867469449187483
1st Qu.	25	AfrAmr	0.03867469449187483
Median	29.5	AfrAmr	0.03867469449187483
Mean	30.25	AfrAmr	0.03867469449187483
3rd Qu.	34.75	AfrAmr	0.03867469449187483
Max.	43	AfrAmr	0.03867469449187483
Min.	0	EurAmr	0.03867469449187483
1st Qu.	10.75	EurAmr	0.03867469449187483
Median	16	EurAmr	0.03867469449187483
Mean	40.2333333333333	EurAmr	0.03867469449187483
3rd Qu.	24.25	EurAmr	0.03867469449187483
Max.	1319	EurAmr	0.03867469449187483
