Values	total	status	pValue
Min.	0	AfrAmr	0.09242790233591247
1st Qu.	1	AfrAmr	0.09242790233591247
Median	1	AfrAmr	0.09242790233591247
Mean	1.33333333333333	AfrAmr	0.09242790233591247
3rd Qu.	1.75	AfrAmr	0.09242790233591247
Max.	3	AfrAmr	0.09242790233591247
Min.	0	EurAmr	0.09242790233591247
1st Qu.	0	EurAmr	0.09242790233591247
Median	0	EurAmr	0.09242790233591247
Mean	0.743362831858407	EurAmr	0.09242790233591247
3rd Qu.	1	EurAmr	0.09242790233591247
Max.	4	EurAmr	0.09242790233591247
