Values	total	status	pValue
Min.	0	AfrAmr	0.0496188092359822
1st Qu.	0	AfrAmr	0.0496188092359822
Median	1	AfrAmr	0.0496188092359822
Mean	1.42105263157895	AfrAmr	0.0496188092359822
3rd Qu.	2.5	AfrAmr	0.0496188092359822
Max.	4	AfrAmr	0.0496188092359822
Min.	0	EurAmr	0.0496188092359822
1st Qu.	1	EurAmr	0.0496188092359822
Median	2	EurAmr	0.0496188092359822
Mean	2.98795180722892	EurAmr	0.0496188092359822
3rd Qu.	4	EurAmr	0.0496188092359822
Max.	19	EurAmr	0.0496188092359822
