Values	total	status	pValue
Min.	0	AfrAmr	0.5091901728782451
1st Qu.	1	AfrAmr	0.5091901728782451
Median	2	AfrAmr	0.5091901728782451
Mean	2.34	AfrAmr	0.5091901728782451
3rd Qu.	3	AfrAmr	0.5091901728782451
Max.	11	AfrAmr	0.5091901728782451
Min.	0	EurAmr	0.5091901728782451
1st Qu.	1	EurAmr	0.5091901728782451
Median	2	EurAmr	0.5091901728782451
Mean	1.92250922509225	EurAmr	0.5091901728782451
3rd Qu.	3	EurAmr	0.5091901728782451
Max.	11	EurAmr	0.5091901728782451
