Values	total	status	pValue
Min.	0	AfrAmr	0.07223597755798124
1st Qu.	9.25	AfrAmr	0.07223597755798124
Median	42	AfrAmr	0.07223597755798124
Mean	47.7058823529412	AfrAmr	0.07223597755798124
3rd Qu.	76	AfrAmr	0.07223597755798124
Max.	201	AfrAmr	0.07223597755798124
Min.	0	EurAmr	0.07223597755798124
1st Qu.	4	EurAmr	0.07223597755798124
Median	20	EurAmr	0.07223597755798124
Mean	36.9734513274336	EurAmr	0.07223597755798124
3rd Qu.	51.75	EurAmr	0.07223597755798124
Max.	238	EurAmr	0.07223597755798124
