Values	total	status	pValue
Min.	0	AfrAmr	0.20791234490425556
1st Qu.	7.25	AfrAmr	0.20791234490425556
Median	19	AfrAmr	0.20791234490425556
Mean	21.7857142857143	AfrAmr	0.20791234490425556
3rd Qu.	27	AfrAmr	0.20791234490425556
Max.	93	AfrAmr	0.20791234490425556
Min.	0	EurAmr	0.20791234490425556
1st Qu.	5	EurAmr	0.20791234490425556
Median	10	EurAmr	0.20791234490425556
Mean	15.2362204724409	EurAmr	0.20791234490425556
3rd Qu.	21	EurAmr	0.20791234490425556
Max.	92	EurAmr	0.20791234490425556
