Values	total	status	pValue
Min.	1	AfrAmr	0.07415449567069962
1st Qu.	6.5	AfrAmr	0.07415449567069962
Median	18	AfrAmr	0.07415449567069962
Mean	46.5	AfrAmr	0.07415449567069962
3rd Qu.	48.25	AfrAmr	0.07415449567069962
Max.	307	AfrAmr	0.07415449567069962
Min.	0	EurAmr	0.07415449567069962
1st Qu.	2	EurAmr	0.07415449567069962
Median	8	EurAmr	0.07415449567069962
Mean	18.740157480315	EurAmr	0.07415449567069962
3rd Qu.	28.5	EurAmr	0.07415449567069962
Max.	175	EurAmr	0.07415449567069962
