Values	total	status	pValue
Min.	0	AfrAmr	0.07903358261813734
1st Qu.	1.25	AfrAmr	0.07903358261813734
Median	5	AfrAmr	0.07903358261813734
Mean	8.92857142857143	AfrAmr	0.07903358261813734
3rd Qu.	10	AfrAmr	0.07903358261813734
Max.	50	AfrAmr	0.07903358261813734
Min.	0	EurAmr	0.07903358261813734
1st Qu.	0	EurAmr	0.07903358261813734
Median	2	EurAmr	0.07903358261813734
Mean	4	EurAmr	0.07903358261813734
3rd Qu.	6	EurAmr	0.07903358261813734
Max.	34	EurAmr	0.07903358261813734
