Values	total	status	pValue
Min.	0	AfrAmr	0.5196879288479475
1st Qu.	3	AfrAmr	0.5196879288479475
Median	3.5	AfrAmr	0.5196879288479475
Mean	9.07142857142857	AfrAmr	0.5196879288479475
3rd Qu.	10.5	AfrAmr	0.5196879288479475
Max.	47	AfrAmr	0.5196879288479475
Min.	0	EurAmr	0.5196879288479475
1st Qu.	2	EurAmr	0.5196879288479475
Median	4	EurAmr	0.5196879288479475
Mean	7.43307086614173	EurAmr	0.5196879288479475
3rd Qu.	9.5	EurAmr	0.5196879288479475
Max.	59	EurAmr	0.5196879288479475
