Values	total	status	pValue
Min.	0	AfrAmr	0.0420432197541643
1st Qu.	4	AfrAmr	0.0420432197541643
Median	15	AfrAmr	0.0420432197541643
Mean	17.6470588235294	AfrAmr	0.0420432197541643
3rd Qu.	27	AfrAmr	0.0420432197541643
Max.	63	AfrAmr	0.0420432197541643
Min.	0	EurAmr	0.0420432197541643
1st Qu.	1	EurAmr	0.0420432197541643
Median	7	EurAmr	0.0420432197541643
Mean	13.1858407079646	EurAmr	0.0420432197541643
3rd Qu.	20	EurAmr	0.0420432197541643
Max.	121	EurAmr	0.0420432197541643
