Values	total	status	pValue
Min.	0	AfrAmr	0.04601960283912563
1st Qu.	4	AfrAmr	0.04601960283912563
Median	7.5	AfrAmr	0.04601960283912563
Mean	15.0714285714286	AfrAmr	0.04601960283912563
3rd Qu.	19	AfrAmr	0.04601960283912563
Max.	89	AfrAmr	0.04601960283912563
Min.	0	EurAmr	0.04601960283912563
1st Qu.	1	EurAmr	0.04601960283912563
Median	4	EurAmr	0.04601960283912563
Mean	6.88188976377953	EurAmr	0.04601960283912563
3rd Qu.	9	EurAmr	0.04601960283912563
Max.	58	EurAmr	0.04601960283912563
