Values	total	status	pValue
Min.	0	AfrAmr	0.8705712545261463
1st Qu.	0	AfrAmr	0.8705712545261463
Median	1	AfrAmr	0.8705712545261463
Mean	2.14705882352941	AfrAmr	0.8705712545261463
3rd Qu.	3	AfrAmr	0.8705712545261463
Max.	12	AfrAmr	0.8705712545261463
Min.	0	EurAmr	0.8705712545261463
1st Qu.	0	EurAmr	0.8705712545261463
Median	1	EurAmr	0.8705712545261463
Mean	2.0929203539823	EurAmr	0.8705712545261463
3rd Qu.	3	EurAmr	0.8705712545261463
Max.	15	EurAmr	0.8705712545261463
