Values	total	status	pValue
Min.	8	AfrAmr	0.4128179531549789
1st Qu.	17.5	AfrAmr	0.4128179531549789
Median	45	AfrAmr	0.4128179531549789
Mean	49.4285714285714	AfrAmr	0.4128179531549789
3rd Qu.	78	AfrAmr	0.4128179531549789
Max.	102	AfrAmr	0.4128179531549789
Min.	2	EurAmr	0.4128179531549789
1st Qu.	16.75	EurAmr	0.4128179531549789
Median	27.5	EurAmr	0.4128179531549789
Mean	35.6166666666667	EurAmr	0.4128179531549789
3rd Qu.	54.75	EurAmr	0.4128179531549789
Max.	132	EurAmr	0.4128179531549789
