Values	total	status	pValue
Min.	1	AfrAmr	0.349814158046593
1st Qu.	6	AfrAmr	0.349814158046593
Median	12	AfrAmr	0.349814158046593
Mean	10.8947368421053	AfrAmr	0.349814158046593
3rd Qu.	15.5	AfrAmr	0.349814158046593
Max.	19	AfrAmr	0.349814158046593
Min.	0	EurAmr	0.349814158046593
1st Qu.	7	EurAmr	0.349814158046593
Median	11	EurAmr	0.349814158046593
Mean	15.1581920903955	EurAmr	0.349814158046593
3rd Qu.	21	EurAmr	0.349814158046593
Max.	97	EurAmr	0.349814158046593
