Values	total	status	pValue
Min.	3	AfrAmr	0.7206388627760401
1st Qu.	6	AfrAmr	0.7206388627760401
Median	24	AfrAmr	0.7206388627760401
Mean	27.4210526315789	AfrAmr	0.7206388627760401
3rd Qu.	42	AfrAmr	0.7206388627760401
Max.	73	AfrAmr	0.7206388627760401
Min.	0	EurAmr	0.7206388627760401
1st Qu.	13	EurAmr	0.7206388627760401
Median	21	EurAmr	0.7206388627760401
Mean	30.5423728813559	EurAmr	0.7206388627760401
3rd Qu.	41	EurAmr	0.7206388627760401
Max.	215	EurAmr	0.7206388627760401
