Values	total	status	pValue
Min.	3	AfrAmr	0.5539912287753916
1st Qu.	18.5	AfrAmr	0.5539912287753916
Median	26	AfrAmr	0.5539912287753916
Mean	26.7894736842105	AfrAmr	0.5539912287753916
3rd Qu.	36	AfrAmr	0.5539912287753916
Max.	45	AfrAmr	0.5539912287753916
Min.	0	EurAmr	0.5539912287753916
1st Qu.	14	EurAmr	0.5539912287753916
Median	24	EurAmr	0.5539912287753916
Mean	47.5423728813559	EurAmr	0.5539912287753916
3rd Qu.	35	EurAmr	0.5539912287753916
Max.	1570	EurAmr	0.5539912287753916
