Values	total	status	pValue
Min.	0	AfrAmr	0.45776192618897715
1st Qu.	0	AfrAmr	0.45776192618897715
Median	0	AfrAmr	0.45776192618897715
Mean	0.2	AfrAmr	0.45776192618897715
3rd Qu.	0	AfrAmr	0.45776192618897715
Max.	1	AfrAmr	0.45776192618897715
Min.	0	EurAmr	0.45776192618897715
1st Qu.	0	EurAmr	0.45776192618897715
Median	0	EurAmr	0.45776192618897715
Mean	0.786885245901639	EurAmr	0.45776192618897715
3rd Qu.	1	EurAmr	0.45776192618897715
Max.	41	EurAmr	0.45776192618897715
