Values	total	status	pValue
Min.	0	AfrAmr	0.8781402459470142
1st Qu.	0	AfrAmr	0.8781402459470142
Median	0	AfrAmr	0.8781402459470142
Mean	0.4	AfrAmr	0.8781402459470142
3rd Qu.	0	AfrAmr	0.8781402459470142
Max.	2	AfrAmr	0.8781402459470142
Min.	0	EurAmr	0.8781402459470142
1st Qu.	0	EurAmr	0.8781402459470142
Median	0	EurAmr	0.8781402459470142
Mean	2.37704918032787	EurAmr	0.8781402459470142
3rd Qu.	1	EurAmr	0.8781402459470142
Max.	247	EurAmr	0.8781402459470142
