Values	total	status	pValue
Min.	1	AfrAmr	0.5497458943341538
1st Qu.	3	AfrAmr	0.5497458943341538
Median	5	AfrAmr	0.5497458943341538
Mean	11.0769230769231	AfrAmr	0.5497458943341538
3rd Qu.	8	AfrAmr	0.5497458943341538
Max.	55	AfrAmr	0.5497458943341538
Min.	0	EurAmr	0.5497458943341538
1st Qu.	1	EurAmr	0.5497458943341538
Median	4	EurAmr	0.5497458943341538
Mean	11.2348484848485	EurAmr	0.5497458943341538
3rd Qu.	9	EurAmr	0.5497458943341538
Max.	460	EurAmr	0.5497458943341538
