Values	total	status	pValue
Min.	0	AfrAmr	0.5066332467647079
1st Qu.	1	AfrAmr	0.5066332467647079
Median	2	AfrAmr	0.5066332467647079
Mean	2.26	AfrAmr	0.5066332467647079
3rd Qu.	3	AfrAmr	0.5066332467647079
Max.	9	AfrAmr	0.5066332467647079
Min.	0	EurAmr	0.5066332467647079
1st Qu.	1	EurAmr	0.5066332467647079
Median	2	EurAmr	0.5066332467647079
Mean	1.97047970479705	EurAmr	0.5066332467647079
3rd Qu.	3	EurAmr	0.5066332467647079
Max.	11	EurAmr	0.5066332467647079
