Values	total	status	pValue
Min.	0	AfrAmr	0.15810871677074595
1st Qu.	2	AfrAmr	0.15810871677074595
Median	4	AfrAmr	0.15810871677074595
Mean	4.58620689655172	AfrAmr	0.15810871677074595
3rd Qu.	6	AfrAmr	0.15810871677074595
Max.	18	AfrAmr	0.15810871677074595
Min.	0	EurAmr	0.15810871677074595
1st Qu.	2	EurAmr	0.15810871677074595
Median	5	EurAmr	0.15810871677074595
Mean	5.25628140703518	EurAmr	0.15810871677074595
3rd Qu.	8	EurAmr	0.15810871677074595
Max.	16	EurAmr	0.15810871677074595
