Values	total	status	pValue
Min.	0	AfrAmr	0.09926440674322323
1st Qu.	0	AfrAmr	0.09926440674322323
Median	1	AfrAmr	0.09926440674322323
Mean	1.23076923076923	AfrAmr	0.09926440674322323
3rd Qu.	2	AfrAmr	0.09926440674322323
Max.	4	AfrAmr	0.09926440674322323
Min.	0	EurAmr	0.09926440674322323
1st Qu.	0	EurAmr	0.09926440674322323
Median	2	EurAmr	0.09926440674322323
Mean	3.3030303030303	EurAmr	0.09926440674322323
3rd Qu.	4	EurAmr	0.09926440674322323
Max.	33	EurAmr	0.09926440674322323
