Values	total	status	pValue
Min.	0	AfrAmr	0.9509422275509353
1st Qu.	0	AfrAmr	0.9509422275509353
Median	1	AfrAmr	0.9509422275509353
Mean	0.6	AfrAmr	0.9509422275509353
3rd Qu.	1	AfrAmr	0.9509422275509353
Max.	1	AfrAmr	0.9509422275509353
Min.	0	EurAmr	0.9509422275509353
1st Qu.	0	EurAmr	0.9509422275509353
Median	0	EurAmr	0.9509422275509353
Mean	4.18032786885246	EurAmr	0.9509422275509353
3rd Qu.	1	EurAmr	0.9509422275509353
Max.	419	EurAmr	0.9509422275509353
