Values	total	status	pValue
Min.	0	AfrAmr	0.06118352439173792
1st Qu.	6.5	AfrAmr	0.06118352439173792
Median	21	AfrAmr	0.06118352439173792
Mean	26.156862745098	AfrAmr	0.06118352439173792
3rd Qu.	32.5	AfrAmr	0.06118352439173792
Max.	95	AfrAmr	0.06118352439173792
Min.	0	EurAmr	0.06118352439173792
1st Qu.	6	EurAmr	0.06118352439173792
Median	13	EurAmr	0.06118352439173792
Mean	20.3921052631579	EurAmr	0.06118352439173792
3rd Qu.	26	EurAmr	0.06118352439173792
Max.	189	EurAmr	0.06118352439173792
