Values	total	status	pValue
Min.	0	AfrAmr	0.07818435497697053
1st Qu.	7	AfrAmr	0.07818435497697053
Median	22	AfrAmr	0.07818435497697053
Mean	26.1960784313725	AfrAmr	0.07818435497697053
3rd Qu.	34	AfrAmr	0.07818435497697053
Max.	113	AfrAmr	0.07818435497697053
Min.	0	EurAmr	0.07818435497697053
1st Qu.	6	EurAmr	0.07818435497697053
Median	12	EurAmr	0.07818435497697053
Mean	20.8605263157895	EurAmr	0.07818435497697053
3rd Qu.	27.25	EurAmr	0.07818435497697053
Max.	166	EurAmr	0.07818435497697053
