Values	total	status	pValue
Min.	0	AfrAmr	0.5987339715561056
1st Qu.	0.75	AfrAmr	0.5987339715561056
Median	1.5	AfrAmr	0.5987339715561056
Mean	1.25	AfrAmr	0.5987339715561056
3rd Qu.	2	AfrAmr	0.5987339715561056
Max.	2	AfrAmr	0.5987339715561056
Min.	0	EurAmr	0.5987339715561056
1st Qu.	0	EurAmr	0.5987339715561056
Median	1	EurAmr	0.5987339715561056
Mean	1.27586206896552	EurAmr	0.5987339715561056
3rd Qu.	2	EurAmr	0.5987339715561056
Max.	16	EurAmr	0.5987339715561056
