Values	total	status	pValue
Min.	1	AfrAmr	0.19983680446864832
1st Qu.	3	AfrAmr	0.19983680446864832
Median	9	AfrAmr	0.19983680446864832
Mean	8.43478260869565	AfrAmr	0.19983680446864832
3rd Qu.	11.5	AfrAmr	0.19983680446864832
Max.	23	AfrAmr	0.19983680446864832
Min.	0	EurAmr	0.19983680446864832
1st Qu.	2	EurAmr	0.19983680446864832
Median	6	EurAmr	0.19983680446864832
Mean	8.99689440993789	EurAmr	0.19983680446864832
3rd Qu.	10	EurAmr	0.19983680446864832
Max.	465	EurAmr	0.19983680446864832
