Values	total	status	pValue
Min.	0	AfrAmr	0.866419409587424
1st Qu.	1	AfrAmr	0.866419409587424
Median	1	AfrAmr	0.866419409587424
Mean	1.88	AfrAmr	0.866419409587424
3rd Qu.	3	AfrAmr	0.866419409587424
Max.	9	AfrAmr	0.866419409587424
Min.	0	EurAmr	0.866419409587424
1st Qu.	1	EurAmr	0.866419409587424
Median	1	EurAmr	0.866419409587424
Mean	1.84870848708487	EurAmr	0.866419409587424
3rd Qu.	3	EurAmr	0.866419409587424
Max.	10	EurAmr	0.866419409587424
