Values	total	status	pValue
Min.	0	AfrAmr	0.08374708592227999
1st Qu.	2	AfrAmr	0.08374708592227999
Median	4	AfrAmr	0.08374708592227999
Mean	4.55172413793103	AfrAmr	0.08374708592227999
3rd Qu.	6	AfrAmr	0.08374708592227999
Max.	13	AfrAmr	0.08374708592227999
Min.	0	EurAmr	0.08374708592227999
1st Qu.	3	EurAmr	0.08374708592227999
Median	5	EurAmr	0.08374708592227999
Mean	5.44723618090452	EurAmr	0.08374708592227999
3rd Qu.	8	EurAmr	0.08374708592227999
Max.	18	EurAmr	0.08374708592227999
