Values	total	status	pValue
Min.	0	AfrAmr	0.3041439429777561
1st Qu.	1	AfrAmr	0.3041439429777561
Median	2.5	AfrAmr	0.3041439429777561
Mean	2.63793103448276	AfrAmr	0.3041439429777561
3rd Qu.	4	AfrAmr	0.3041439429777561
Max.	13	AfrAmr	0.3041439429777561
Min.	0	EurAmr	0.3041439429777561
1st Qu.	1	EurAmr	0.3041439429777561
Median	3	EurAmr	0.3041439429777561
Mean	2.89949748743719	EurAmr	0.3041439429777561
3rd Qu.	4	EurAmr	0.3041439429777561
Max.	11	EurAmr	0.3041439429777561
