Values	total	status	pValue
Min.	3	AfrAmr	0.37995598438359973
1st Qu.	6	AfrAmr	0.37995598438359973
Median	8.5	AfrAmr	0.37995598438359973
Mean	10.0625	AfrAmr	0.37995598438359973
3rd Qu.	10.25	AfrAmr	0.37995598438359973
Max.	36	AfrAmr	0.37995598438359973
Min.	0	EurAmr	0.37995598438359973
1st Qu.	4	EurAmr	0.37995598438359973
Median	8	EurAmr	0.37995598438359973
Mean	9.05084745762712	EurAmr	0.37995598438359973
3rd Qu.	11	EurAmr	0.37995598438359973
Max.	132	EurAmr	0.37995598438359973
