Values	total	status	pValue
Min.	0	AfrAmr	0.4552612841095176
1st Qu.	0	AfrAmr	0.4552612841095176
Median	1	AfrAmr	0.4552612841095176
Mean	1.38297872340426	AfrAmr	0.4552612841095176
3rd Qu.	2	AfrAmr	0.4552612841095176
Max.	6	AfrAmr	0.4552612841095176
Min.	0	EurAmr	0.4552612841095176
1st Qu.	0	EurAmr	0.4552612841095176
Median	1	EurAmr	0.4552612841095176
Mean	1.49767441860465	EurAmr	0.4552612841095176
3rd Qu.	2	EurAmr	0.4552612841095176
Max.	21	EurAmr	0.4552612841095176
