Values	total	status	pValue
Min.	1	AfrAmr	0.7222350678317713
1st Qu.	2	AfrAmr	0.7222350678317713
Median	4	AfrAmr	0.7222350678317713
Mean	15.3076923076923	AfrAmr	0.7222350678317713
3rd Qu.	11	AfrAmr	0.7222350678317713
Max.	75	AfrAmr	0.7222350678317713
Min.	0	EurAmr	0.7222350678317713
1st Qu.	2	EurAmr	0.7222350678317713
Median	5	EurAmr	0.7222350678317713
Mean	18.1401515151515	EurAmr	0.7222350678317713
3rd Qu.	14	EurAmr	0.7222350678317713
Max.	300	EurAmr	0.7222350678317713
