Values	total	status	pValue
Min.	0	AfrAmr	0.01374765206890828
1st Qu.	1	AfrAmr	0.01374765206890828
Median	2	AfrAmr	0.01374765206890828
Mean	3.68627450980392	AfrAmr	0.01374765206890828
3rd Qu.	6	AfrAmr	0.01374765206890828
Max.	16	AfrAmr	0.01374765206890828
Min.	0	EurAmr	0.01374765206890828
1st Qu.	0	EurAmr	0.01374765206890828
Median	1	EurAmr	0.01374765206890828
Mean	2.36842105263158	EurAmr	0.01374765206890828
3rd Qu.	3	EurAmr	0.01374765206890828
Max.	18	EurAmr	0.01374765206890828
