Values	total	status	pValue
Min.	0	AfrAmr	0.7229256603567022
1st Qu.	10	AfrAmr	0.7229256603567022
Median	17	AfrAmr	0.7229256603567022
Mean	19.0212765957447	AfrAmr	0.7229256603567022
3rd Qu.	23	AfrAmr	0.7229256603567022
Max.	57	AfrAmr	0.7229256603567022
Min.	0	EurAmr	0.7229256603567022
1st Qu.	10	EurAmr	0.7229256603567022
Median	17	EurAmr	0.7229256603567022
Mean	26.8023255813953	EurAmr	0.7229256603567022
3rd Qu.	28	EurAmr	0.7229256603567022
Max.	935	EurAmr	0.7229256603567022
