Values	total	status	pValue
Min.	1	AfrAmr	0.9645700882126068
1st Qu.	2	AfrAmr	0.9645700882126068
Median	6	AfrAmr	0.9645700882126068
Mean	6.44827586206897	AfrAmr	0.9645700882126068
3rd Qu.	10	AfrAmr	0.9645700882126068
Max.	18	AfrAmr	0.9645700882126068
Min.	0	EurAmr	0.9645700882126068
1st Qu.	3	EurAmr	0.9645700882126068
Median	6	EurAmr	0.9645700882126068
Mean	6.95307917888563	EurAmr	0.9645700882126068
3rd Qu.	9	EurAmr	0.9645700882126068
Max.	38	EurAmr	0.9645700882126068
