Values	total	status	pValue
Min.	0	AfrAmr	0.9935034928719462
1st Qu.	9	AfrAmr	0.9935034928719462
Median	16	AfrAmr	0.9935034928719462
Mean	16.3448275862069	AfrAmr	0.9935034928719462
3rd Qu.	22	AfrAmr	0.9935034928719462
Max.	43	AfrAmr	0.9935034928719462
Min.	0	EurAmr	0.9935034928719462
1st Qu.	8	EurAmr	0.9935034928719462
Median	14	EurAmr	0.9935034928719462
Mean	18.2756598240469	EurAmr	0.9935034928719462
3rd Qu.	24	EurAmr	0.9935034928719462
Max.	115	EurAmr	0.9935034928719462
