Values	total	status	pValue
Min.	0	AfrAmr	0.9336135713411358
1st Qu.	0	AfrAmr	0.9336135713411358
Median	0	AfrAmr	0.9336135713411358
Mean	1.4	AfrAmr	0.9336135713411358
3rd Qu.	1	AfrAmr	0.9336135713411358
Max.	6	AfrAmr	0.9336135713411358
Min.	0	EurAmr	0.9336135713411358
1st Qu.	0	EurAmr	0.9336135713411358
Median	0	EurAmr	0.9336135713411358
Mean	8.93258426966292	EurAmr	0.9336135713411358
3rd Qu.	1	EurAmr	0.9336135713411358
Max.	721	EurAmr	0.9336135713411358
