Values	total	status	pValue
Min.	0	AfrAmr	0.7919228864049097
1st Qu.	0	AfrAmr	0.7919228864049097
Median	1	AfrAmr	0.7919228864049097
Mean	0.6	AfrAmr	0.7919228864049097
3rd Qu.	1	AfrAmr	0.7919228864049097
Max.	1	AfrAmr	0.7919228864049097
Min.	0	EurAmr	0.7919228864049097
1st Qu.	0	EurAmr	0.7919228864049097
Median	0	EurAmr	0.7919228864049097
Mean	5.32584269662921	EurAmr	0.7919228864049097
3rd Qu.	1	EurAmr	0.7919228864049097
Max.	419	EurAmr	0.7919228864049097
