Values	total	status	pValue
Min.	0	AfrAmr	0.30228032061152593
1st Qu.	0	AfrAmr	0.30228032061152593
Median	1	AfrAmr	0.30228032061152593
Mean	5.2	AfrAmr	0.30228032061152593
3rd Qu.	7	AfrAmr	0.30228032061152593
Max.	18	AfrAmr	0.30228032061152593
Min.	0	EurAmr	0.30228032061152593
1st Qu.	2	EurAmr	0.30228032061152593
Median	6	EurAmr	0.30228032061152593
Mean	31.9438202247191	EurAmr	0.30228032061152593
3rd Qu.	10	EurAmr	0.30228032061152593
Max.	2260	EurAmr	0.30228032061152593
