Values	total	status	pValue
Min.	0	AfrAmr	0.7447039216188054
1st Qu.	0	AfrAmr	0.7447039216188054
Median	1	AfrAmr	0.7447039216188054
Mean	1	AfrAmr	0.7447039216188054
3rd Qu.	2	AfrAmr	0.7447039216188054
Max.	2	AfrAmr	0.7447039216188054
Min.	0	EurAmr	0.7447039216188054
1st Qu.	0	EurAmr	0.7447039216188054
Median	1	EurAmr	0.7447039216188054
Mean	6.50561797752809	EurAmr	0.7447039216188054
3rd Qu.	2	EurAmr	0.7447039216188054
Max.	468	EurAmr	0.7447039216188054
