Values	total	status	pValue
Min.	0	AfrAmr	0.8527043682696976
1st Qu.	0.75	AfrAmr	0.8527043682696976
Median	3	AfrAmr	0.8527043682696976
Mean	2.75	AfrAmr	0.8527043682696976
3rd Qu.	5	AfrAmr	0.8527043682696976
Max.	5	AfrAmr	0.8527043682696976
Min.	0	EurAmr	0.8527043682696976
1st Qu.	0	EurAmr	0.8527043682696976
Median	2	EurAmr	0.8527043682696976
Mean	3.84057971014493	EurAmr	0.8527043682696976
3rd Qu.	4	EurAmr	0.8527043682696976
Max.	28	EurAmr	0.8527043682696976
