Values	total	status	pValue
Min.	1	AfrAmr	0.5803778808356821
1st Qu.	1	AfrAmr	0.5803778808356821
Median	2.5	AfrAmr	0.5803778808356821
Mean	4.75	AfrAmr	0.5803778808356821
3rd Qu.	6.25	AfrAmr	0.5803778808356821
Max.	13	AfrAmr	0.5803778808356821
Min.	0	EurAmr	0.5803778808356821
1st Qu.	0	EurAmr	0.5803778808356821
Median	2	EurAmr	0.5803778808356821
Mean	3.53623188405797	EurAmr	0.5803778808356821
3rd Qu.	6	EurAmr	0.5803778808356821
Max.	20	EurAmr	0.5803778808356821
