Values	total	status	pValue
Min.	1	AfrAmr	0.6871498942204983
1st Qu.	4	AfrAmr	0.6871498942204983
Median	6.5	AfrAmr	0.6871498942204983
Mean	5.5	AfrAmr	0.6871498942204983
3rd Qu.	8	AfrAmr	0.6871498942204983
Max.	8	AfrAmr	0.6871498942204983
Min.	0	EurAmr	0.6871498942204983
1st Qu.	1	EurAmr	0.6871498942204983
Median	4	EurAmr	0.6871498942204983
Mean	16.463768115942	EurAmr	0.6871498942204983
3rd Qu.	9	EurAmr	0.6871498942204983
Max.	460	EurAmr	0.6871498942204983
