Values	total	status	pValue
Min.	0	AfrAmr	0.5178566357156392
1st Qu.	2	AfrAmr	0.5178566357156392
Median	3	AfrAmr	0.5178566357156392
Mean	10.2	AfrAmr	0.5178566357156392
3rd Qu.	4	AfrAmr	0.5178566357156392
Max.	42	AfrAmr	0.5178566357156392
Min.	0	EurAmr	0.5178566357156392
1st Qu.	1.75	EurAmr	0.5178566357156392
Median	5.5	EurAmr	0.5178566357156392
Mean	12.4117647058824	EurAmr	0.5178566357156392
3rd Qu.	14.5	EurAmr	0.5178566357156392
Max.	104	EurAmr	0.5178566357156392
