Values	total	status	pValue
Min.	0	AfrAmr	0.4152085328085803
1st Qu.	1	AfrAmr	0.4152085328085803
Median	2	AfrAmr	0.4152085328085803
Mean	2.4	AfrAmr	0.4152085328085803
3rd Qu.	3	AfrAmr	0.4152085328085803
Max.	6	AfrAmr	0.4152085328085803
Min.	0	EurAmr	0.4152085328085803
1st Qu.	1	EurAmr	0.4152085328085803
Median	3	EurAmr	0.4152085328085803
Mean	4.82352941176471	EurAmr	0.4152085328085803
3rd Qu.	7.25	EurAmr	0.4152085328085803
Max.	24	EurAmr	0.4152085328085803
