Values	total	status	pValue
Min.	0	AfrAmr	0.10591903659119438
1st Qu.	0	AfrAmr	0.10591903659119438
Median	0	AfrAmr	0.10591903659119438
Mean	1.2	AfrAmr	0.10591903659119438
3rd Qu.	1	AfrAmr	0.10591903659119438
Max.	5	AfrAmr	0.10591903659119438
Min.	0	EurAmr	0.10591903659119438
1st Qu.	0.75	EurAmr	0.10591903659119438
Median	2	EurAmr	0.10591903659119438
Mean	4.22058823529412	EurAmr	0.10591903659119438
3rd Qu.	5	EurAmr	0.10591903659119438
Max.	38	EurAmr	0.10591903659119438
