Values	total	status	pValue
Min.	0	M	0.4420074977102512
1st Qu.	0.75	M	0.4420074977102512
Median	1	M	0.4420074977102512
Mean	1.91666666666667	M	0.4420074977102512
3rd Qu.	2	M	0.4420074977102512
Max.	14	M	0.4420074977102512
Min.	0	F	0.4420074977102512
1st Qu.	0	F	0.4420074977102512
Median	1	F	0.4420074977102512
Mean	1.35714285714286	F	0.4420074977102512
3rd Qu.	2.5	F	0.4420074977102512
Max.	4	F	0.4420074977102512
