Values	total	status	pValue
Min.	0	M	0.6463175793268248
1st Qu.	0	M	0.6463175793268248
Median	1	M	0.6463175793268248
Mean	2.16279069767442	M	0.6463175793268248
3rd Qu.	3	M	0.6463175793268248
Max.	23	M	0.6463175793268248
Min.	0	F	0.6463175793268248
1st Qu.	0	F	0.6463175793268248
Median	1	F	0.6463175793268248
Mean	2.04615384615385	F	0.6463175793268248
3rd Qu.	2	F	0.6463175793268248
Max.	13	F	0.6463175793268248
