Values	total	status	pValue
Min.	0	M	0.8584272902604018
1st Qu.	2.5	M	0.8584272902604018
Median	5	M	0.8584272902604018
Mean	4.66666666666667	M	0.8584272902604018
3rd Qu.	7	M	0.8584272902604018
Max.	9	M	0.8584272902604018
Min.	4	F	0.8584272902604018
1st Qu.	5.5	F	0.8584272902604018
Median	7	F	0.8584272902604018
Mean	6.5	F	0.8584272902604018
3rd Qu.	8	F	0.8584272902604018
Max.	8	F	0.8584272902604018
