Values	total	status	pValue
Min.	0	M	0.3320902028340551
1st Qu.	1	M	0.3320902028340551
Median	2	M	0.3320902028340551
Mean	3.26778242677824	M	0.3320902028340551
3rd Qu.	4	M	0.3320902028340551
Max.	19	M	0.3320902028340551
Min.	0	F	0.3320902028340551
1st Qu.	1	F	0.3320902028340551
Median	2	F	0.3320902028340551
Mean	3.29710144927536	F	0.3320902028340551
3rd Qu.	4	F	0.3320902028340551
Max.	71	F	0.3320902028340551
