Values	total	status	pValue
Min.	0	M	0.07716302581570277
1st Qu.	8	M	0.07716302581570277
Median	24.5	M	0.07716302581570277
Mean	32.3333333333333	M	0.07716302581570277
3rd Qu.	39	M	0.07716302581570277
Max.	192	M	0.07716302581570277
Min.	0	F	0.07716302581570277
1st Qu.	7	F	0.07716302581570277
Median	13	F	0.07716302581570277
Mean	23.3846153846154	F	0.07716302581570277
3rd Qu.	19	F	0.07716302581570277
Max.	162	F	0.07716302581570277
