Values	total	status	pValue
Min.	0	M	0.9149559947858155
1st Qu.	0	M	0.9149559947858155
Median	1	M	0.9149559947858155
Mean	1.88888888888889	M	0.9149559947858155
3rd Qu.	2	M	0.9149559947858155
Max.	11	M	0.9149559947858155
Min.	0	F	0.9149559947858155
1st Qu.	0	F	0.9149559947858155
Median	1	F	0.9149559947858155
Mean	2	F	0.9149559947858155
3rd Qu.	2	F	0.9149559947858155
Max.	11	F	0.9149559947858155
