Values	total	status	pValue
Min.	4	M	0.5267829244454431
1st Qu.	24	M	0.5267829244454431
Median	41.5	M	0.5267829244454431
Mean	63.6046511627907	M	0.5267829244454431
3rd Qu.	79.75	M	0.5267829244454431
Max.	629	M	0.5267829244454431
Min.	1	F	0.5267829244454431
1st Qu.	21	F	0.5267829244454431
Median	44	F	0.5267829244454431
Mean	64.9692307692308	F	0.5267829244454431
3rd Qu.	63	F	0.5267829244454431
Max.	815	F	0.5267829244454431
