Values	total	status	pValue
Min.	0	M	0.5758806275190878
1st Qu.	1	M	0.5758806275190878
Median	2	M	0.5758806275190878
Mean	2.96153846153846	M	0.5758806275190878
3rd Qu.	4	M	0.5758806275190878
Max.	17	M	0.5758806275190878
Min.	0	F	0.5758806275190878
1st Qu.	0	F	0.5758806275190878
Median	1	F	0.5758806275190878
Mean	2.92307692307692	F	0.5758806275190878
3rd Qu.	3	F	0.5758806275190878
Max.	14	F	0.5758806275190878
