Values	total	status	pValue
Min.	0	M	0.2904741895288465
1st Qu.	1	M	0.2904741895288465
Median	2	M	0.2904741895288465
Mean	2.32692307692308	M	0.2904741895288465
3rd Qu.	3	M	0.2904741895288465
Max.	11	M	0.2904741895288465
Min.	0	F	0.2904741895288465
1st Qu.	0	F	0.2904741895288465
Median	1	F	0.2904741895288465
Mean	2.30769230769231	F	0.2904741895288465
3rd Qu.	2	F	0.2904741895288465
Max.	11	F	0.2904741895288465
