Values	total	status	pValue
Min.	0	M	0.28073632748287314
1st Qu.	5	M	0.28073632748287314
Median	9.5	M	0.28073632748287314
Mean	12.2777777777778	M	0.28073632748287314
3rd Qu.	15.75	M	0.28073632748287314
Max.	49	M	0.28073632748287314
Min.	0	F	0.28073632748287314
1st Qu.	6	F	0.28073632748287314
Median	7	F	0.28073632748287314
Mean	8.30769230769231	F	0.28073632748287314
3rd Qu.	9	F	0.28073632748287314
Max.	25	F	0.28073632748287314
