Values	total	status	pValue
Min.	0	M	0.2683939420321425
1st Qu.	0.75	M	0.2683939420321425
Median	2	M	0.2683939420321425
Mean	2.36627906976744	M	0.2683939420321425
3rd Qu.	3	M	0.2683939420321425
Max.	22	M	0.2683939420321425
Min.	0	F	0.2683939420321425
1st Qu.	0	F	0.2683939420321425
Median	1	F	0.2683939420321425
Mean	2.16923076923077	F	0.2683939420321425
3rd Qu.	3	F	0.2683939420321425
Max.	12	F	0.2683939420321425
