Values	total	status	pValue
Min.	0	M	0.39271914420385345
1st Qu.	3	M	0.39271914420385345
Median	5	M	0.39271914420385345
Mean	9.34302325581395	M	0.39271914420385345
3rd Qu.	11	M	0.39271914420385345
Max.	80	M	0.39271914420385345
Min.	0	F	0.39271914420385345
1st Qu.	3	F	0.39271914420385345
Median	5	F	0.39271914420385345
Mean	8.84615384615385	F	0.39271914420385345
3rd Qu.	11	F	0.39271914420385345
Max.	65	F	0.39271914420385345
