Values	total	status	pValue
Min.	0	M	0.18246540559328242
1st Qu.	3	M	0.18246540559328242
Median	5	M	0.18246540559328242
Mean	5.70588235294118	M	0.18246540559328242
3rd Qu.	7	M	0.18246540559328242
Max.	16	M	0.18246540559328242
Min.	2	F	0.18246540559328242
1st Qu.	2.5	F	0.18246540559328242
Median	3	F	0.18246540559328242
Mean	3	F	0.18246540559328242
3rd Qu.	3.5	F	0.18246540559328242
Max.	4	F	0.18246540559328242
