Values	total	status	pValue
Min.	1	M	0.5244213990518205
1st Qu.	6	M	0.5244213990518205
Median	10	M	0.5244213990518205
Mean	10.8823529411765	M	0.5244213990518205
3rd Qu.	13	M	0.5244213990518205
Max.	27	M	0.5244213990518205
Min.	4	F	0.5244213990518205
1st Qu.	6	F	0.5244213990518205
Median	8	F	0.5244213990518205
Mean	7.66666666666667	F	0.5244213990518205
3rd Qu.	9.5	F	0.5244213990518205
Max.	11	F	0.5244213990518205
