Values	total	status	pValue
Min.	0	M	0.8304444258183182
1st Qu.	3.75	M	0.8304444258183182
Median	6	M	0.8304444258183182
Mean	8.01923076923077	M	0.8304444258183182
3rd Qu.	9	M	0.8304444258183182
Max.	45	M	0.8304444258183182
Min.	1	F	0.8304444258183182
1st Qu.	3	F	0.8304444258183182
Median	6	F	0.8304444258183182
Mean	7.92307692307692	F	0.8304444258183182
3rd Qu.	10	F	0.8304444258183182
Max.	26	F	0.8304444258183182
