Values	total	status	pValue
Min.	4	M	0.6871956147749902
1st Qu.	7	M	0.6871956147749902
Median	7	M	0.6871956147749902
Mean	11.3333333333333	M	0.6871956147749902
3rd Qu.	15	M	0.6871956147749902
Max.	30	M	0.6871956147749902
Min.	0	F	0.6871956147749902
1st Qu.	8	F	0.6871956147749902
Median	13	F	0.6871956147749902
Mean	16.2	F	0.6871956147749902
3rd Qu.	13	F	0.6871956147749902
Max.	47	F	0.6871956147749902
