Values	total	status	pValue
Min.	0	M	0.3121551942880419
1st Qu.	0	M	0.3121551942880419
Median	1	M	0.3121551942880419
Mean	0.777777777777778	M	0.3121551942880419
3rd Qu.	1	M	0.3121551942880419
Max.	2	M	0.3121551942880419
Min.	0	F	0.3121551942880419
1st Qu.	1	F	0.3121551942880419
Median	1	F	0.3121551942880419
Mean	3.6	F	0.3121551942880419
3rd Qu.	2	F	0.3121551942880419
Max.	14	F	0.3121551942880419
