Values	total	status	pValue
Min.	0	M	0.4795001221869535
1st Qu.	2	M	0.4795001221869535
Median	2	M	0.4795001221869535
Mean	2.33333333333333	M	0.4795001221869535
3rd Qu.	2.75	M	0.4795001221869535
Max.	5	M	0.4795001221869535
Min.	1	F	0.4795001221869535
1st Qu.	1.5	F	0.4795001221869535
Median	2	F	0.4795001221869535
Mean	1.66666666666667	F	0.4795001221869535
3rd Qu.	2	F	0.4795001221869535
Max.	2	F	0.4795001221869535
