Values	total	status	pValue
Min.	0	M	0.35918343745334885
1st Qu.	4	M	0.35918343745334885
Median	14	M	0.35918343745334885
Mean	19.6363636363636	M	0.35918343745334885
3rd Qu.	18	M	0.35918343745334885
Max.	112	M	0.35918343745334885
Min.	1	F	0.35918343745334885
1st Qu.	9.5	F	0.35918343745334885
Median	14.5	F	0.35918343745334885
Mean	27.3	F	0.35918343745334885
3rd Qu.	39	F	0.35918343745334885
Max.	103	F	0.35918343745334885
