Values	total	status	pValue
Min.	2	M	0.030668482686958855
1st Qu.	15.5	M	0.030668482686958855
Median	23	M	0.030668482686958855
Mean	25.3333333333333	M	0.030668482686958855
3rd Qu.	30.5	M	0.030668482686958855
Max.	104	M	0.030668482686958855
Min.	19	F	0.030668482686958855
1st Qu.	23.75	F	0.030668482686958855
Median	27	F	0.030668482686958855
Mean	33.2142857142857	F	0.030668482686958855
3rd Qu.	39.75	F	0.030668482686958855
Max.	74	F	0.030668482686958855
