Values	total	status	pValue
Min.	0	M	0.44081920749482967
1st Qu.	1	M	0.44081920749482967
Median	1	M	0.44081920749482967
Mean	1.27272727272727	M	0.44081920749482967
3rd Qu.	2	M	0.44081920749482967
Max.	3	M	0.44081920749482967
Min.	0	F	0.44081920749482967
1st Qu.	0	F	0.44081920749482967
Median	0.5	F	0.44081920749482967
Mean	1.2	F	0.44081920749482967
3rd Qu.	1.75	F	0.44081920749482967
Max.	5	F	0.44081920749482967
