Values	total	status	pValue
Min.	3	M	0.9030285949315024
1st Qu.	12.75	M	0.9030285949315024
Median	18	M	0.9030285949315024
Mean	26.75	M	0.9030285949315024
3rd Qu.	28.25	M	0.9030285949315024
Max.	153	M	0.9030285949315024
Min.	6	F	0.9030285949315024
1st Qu.	11.25	F	0.9030285949315024
Median	19.5	F	0.9030285949315024
Mean	21.25	F	0.9030285949315024
3rd Qu.	29.75	F	0.9030285949315024
Max.	41	F	0.9030285949315024
