Values	total	status	pValue
Min.	0	M	0.8987860629422602
1st Qu.	2	M	0.8987860629422602
Median	4.5	M	0.8987860629422602
Mean	5.65	M	0.8987860629422602
3rd Qu.	8	M	0.8987860629422602
Max.	22	M	0.8987860629422602
Min.	0	F	0.8987860629422602
1st Qu.	2	F	0.8987860629422602
Median	4.5	F	0.8987860629422602
Mean	5.60869565217391	F	0.8987860629422602
3rd Qu.	7.75	F	0.8987860629422602
Max.	28	F	0.8987860629422602
