Values	total	status	pValue
Min.	4	M	0.7142857142857142
1st Qu.	8.5	M	0.7142857142857142
Median	18.5	M	0.7142857142857142
Mean	30.8333333333333	M	0.7142857142857142
3rd Qu.	42	M	0.7142857142857142
Max.	89	M	0.7142857142857142
Min.	7	F	0.7142857142857142
1st Qu.	9.5	F	0.7142857142857142
Median	12	F	0.7142857142857142
Mean	12	F	0.7142857142857142
3rd Qu.	14.5	F	0.7142857142857142
Max.	17	F	0.7142857142857142
