Values	total	status	pValue
Min.	0	M	0.8091553071438803
1st Qu.	0	M	0.8091553071438803
Median	1	M	0.8091553071438803
Mean	5.78571428571429	M	0.8091553071438803
3rd Qu.	1.75	M	0.8091553071438803
Max.	68	M	0.8091553071438803
Min.	0	F	0.8091553071438803
1st Qu.	0	F	0.8091553071438803
Median	1	F	0.8091553071438803
Mean	2	F	0.8091553071438803
3rd Qu.	4	F	0.8091553071438803
Max.	5	F	0.8091553071438803
