Values	total	status	pValue
Min.	0	M	0.9755729811990473
1st Qu.	2	M	0.9755729811990473
Median	3	M	0.9755729811990473
Mean	7.91666666666667	M	0.9755729811990473
3rd Qu.	10.5	M	0.9755729811990473
Max.	49	M	0.9755729811990473
Min.	0	F	0.9755729811990473
1st Qu.	2.75	F	0.9755729811990473
Median	4	F	0.9755729811990473
Mean	4.875	F	0.9755729811990473
3rd Qu.	6.75	F	0.9755729811990473
Max.	11	F	0.9755729811990473
