Values	total	status	pValue
Min.	1	M	0.2352730431068726
1st Qu.	1	M	0.2352730431068726
Median	1.5	M	0.2352730431068726
Mean	2.66666666666667	M	0.2352730431068726
3rd Qu.	4.25	M	0.2352730431068726
Max.	6	M	0.2352730431068726
Min.	0	F	0.2352730431068726
1st Qu.	0	F	0.2352730431068726
Median	0	F	0.2352730431068726
Mean	1	F	0.2352730431068726
3rd Qu.	1.5	F	0.2352730431068726
Max.	3	F	0.2352730431068726
