Values	total	status	pValue
Min.	1	M	0.8594434793118118
1st Qu.	4	M	0.8594434793118118
Median	8	M	0.8594434793118118
Mean	7.18181818181818	M	0.8594434793118118
3rd Qu.	9	M	0.8594434793118118
Max.	16	M	0.8594434793118118
Min.	2	F	0.8594434793118118
1st Qu.	5	F	0.8594434793118118
Median	6.5	F	0.8594434793118118
Mean	7.6	F	0.8594434793118118
3rd Qu.	8	F	0.8594434793118118
Max.	18	F	0.8594434793118118
