Values	total	status	pValue
Min.	0	M	0.7524271012112234
1st Qu.	2.5	M	0.7524271012112234
Median	4	M	0.7524271012112234
Mean	4.76923076923077	M	0.7524271012112234
3rd Qu.	6.5	M	0.7524271012112234
Max.	25	M	0.7524271012112234
Min.	0	F	0.7524271012112234
1st Qu.	2.25	F	0.7524271012112234
Median	4	F	0.7524271012112234
Mean	3.85714285714286	F	0.7524271012112234
3rd Qu.	5.75	F	0.7524271012112234
Max.	8	F	0.7524271012112234
