Values	total	status	pValue
Min.	0	M	0.25654477834110484
1st Qu.	4	M	0.25654477834110484
Median	6.5	M	0.25654477834110484
Mean	7.95238095238095	M	0.25654477834110484
3rd Qu.	10	M	0.25654477834110484
Max.	31	M	0.25654477834110484
Min.	0	F	0.25654477834110484
1st Qu.	4	F	0.25654477834110484
Median	6	F	0.25654477834110484
Mean	6.8	F	0.25654477834110484
3rd Qu.	8	F	0.25654477834110484
Max.	32	F	0.25654477834110484
