Values	total	status	pValue
Min.	0	M	0.08681455578850444
1st Qu.	1	M	0.08681455578850444
Median	2	M	0.08681455578850444
Mean	2	M	0.08681455578850444
3rd Qu.	3	M	0.08681455578850444
Max.	5	M	0.08681455578850444
Min.	0	F	0.08681455578850444
1st Qu.	0.25	F	0.08681455578850444
Median	1	F	0.08681455578850444
Mean	1.21428571428571	F	0.08681455578850444
3rd Qu.	1.75	F	0.08681455578850444
Max.	4	F	0.08681455578850444
