Values	total	status	pValue
Min.	0	M	0.6647670928246999
1st Qu.	0	M	0.6647670928246999
Median	0	M	0.6647670928246999
Mean	1.30769230769231	M	0.6647670928246999
3rd Qu.	1	M	0.6647670928246999
Max.	23	M	0.6647670928246999
Min.	0	F	0.6647670928246999
1st Qu.	0	F	0.6647670928246999
Median	0	F	0.6647670928246999
Mean	0.555555555555556	F	0.6647670928246999
3rd Qu.	1	F	0.6647670928246999
Max.	3	F	0.6647670928246999
