Values	total	status	pValue
Min.	0	M	0.0016761553344012575
1st Qu.	2	M	0.0016761553344012575
Median	3	M	0.0016761553344012575
Mean	3.29756097560976	M	0.0016761553344012575
3rd Qu.	5	M	0.0016761553344012575
Max.	11	M	0.0016761553344012575
Min.	0	F	0.0016761553344012575
1st Qu.	1	F	0.0016761553344012575
Median	2	F	0.0016761553344012575
Mean	2.48684210526316	F	0.0016761553344012575
3rd Qu.	4	F	0.0016761553344012575
Max.	13	F	0.0016761553344012575
