Values	total	status	pValue
Min.	0	M	0.005039551866314108
1st Qu.	3	M	0.005039551866314108
Median	5	M	0.005039551866314108
Mean	10.6516393442623	M	0.005039551866314108
3rd Qu.	8	M	0.005039551866314108
Max.	372	M	0.005039551866314108
Min.	0	F	0.005039551866314108
1st Qu.	2	F	0.005039551866314108
Median	4	F	0.005039551866314108
Mean	7.16101694915254	F	0.005039551866314108
3rd Qu.	6	F	0.005039551866314108
Max.	122	F	0.005039551866314108
