Values	total	status	pValue
Min.	1	M	0.17562999483767464
1st Qu.	9	M	0.17562999483767464
Median	21	M	0.17562999483767464
Mean	28.5555555555556	M	0.17562999483767464
3rd Qu.	33	M	0.17562999483767464
Max.	157	M	0.17562999483767464
Min.	0	F	0.17562999483767464
1st Qu.	8	F	0.17562999483767464
Median	14	F	0.17562999483767464
Mean	20.195652173913	F	0.17562999483767464
3rd Qu.	29	F	0.17562999483767464
Max.	106	F	0.17562999483767464
