Values	total	status	pValue
Min.	0	M	0.32446020489683997
1st Qu.	1	M	0.32446020489683997
Median	1	M	0.32446020489683997
Mean	1.90909090909091	M	0.32446020489683997
3rd Qu.	2	M	0.32446020489683997
Max.	10	M	0.32446020489683997
Min.	1	F	0.32446020489683997
1st Qu.	1.5	F	0.32446020489683997
Median	2	F	0.32446020489683997
Mean	2	F	0.32446020489683997
3rd Qu.	2.5	F	0.32446020489683997
Max.	3	F	0.32446020489683997
