Values	total	status	pValue
Min.	0	M	0.15851119545983514
1st Qu.	1	M	0.15851119545983514
Median	3	M	0.15851119545983514
Mean	4.16666666666667	M	0.15851119545983514
3rd Qu.	5.25	M	0.15851119545983514
Max.	17	M	0.15851119545983514
Min.	0	F	0.15851119545983514
1st Qu.	0	F	0.15851119545983514
Median	1	F	0.15851119545983514
Mean	2	F	0.15851119545983514
3rd Qu.	3	F	0.15851119545983514
Max.	8	F	0.15851119545983514
