Values	total	status	pValue
Min.	0	M	0.141087179681032
1st Qu.	12	M	0.141087179681032
Median	32	M	0.141087179681032
Mean	54.3875968992248	M	0.141087179681032
3rd Qu.	79	M	0.141087179681032
Max.	278	M	0.141087179681032
Min.	0	F	0.141087179681032
1st Qu.	5	F	0.141087179681032
Median	28	F	0.141087179681032
Mean	47.6011904761905	F	0.141087179681032
3rd Qu.	66.25	F	0.141087179681032
Max.	272	F	0.141087179681032
