Values	total	status	pValue
Min.	0	M	0.014958056052358693
1st Qu.	6	M	0.014958056052358693
Median	16	M	0.014958056052358693
Mean	19.1472868217054	M	0.014958056052358693
3rd Qu.	25	M	0.014958056052358693
Max.	83	M	0.014958056052358693
Min.	0	F	0.014958056052358693
1st Qu.	3	F	0.014958056052358693
Median	10	F	0.014958056052358693
Mean	15.2797619047619	F	0.014958056052358693
3rd Qu.	22	F	0.014958056052358693
Max.	83	F	0.014958056052358693
