Values	total	status	pValue
Min.	1	M	0.6406524272164977
1st Qu.	2.75	M	0.6406524272164977
Median	8	M	0.6406524272164977
Mean	11.0833333333333	M	0.6406524272164977
3rd Qu.	9.75	M	0.6406524272164977
Max.	56	M	0.6406524272164977
Min.	1	F	0.6406524272164977
1st Qu.	1.75	F	0.6406524272164977
Median	6.5	F	0.6406524272164977
Mean	7.875	F	0.6406524272164977
3rd Qu.	10.25	F	0.6406524272164977
Max.	21	F	0.6406524272164977
