Values	total	status	pValue
Min.	0	M	0.05605181479337851
1st Qu.	22	M	0.05605181479337851
Median	57	M	0.05605181479337851
Mean	88.5116279069767	M	0.05605181479337851
3rd Qu.	123	M	0.05605181479337851
Max.	482	M	0.05605181479337851
Min.	0	F	0.05605181479337851
1st Qu.	8.75	F	0.05605181479337851
Median	37	F	0.05605181479337851
Mean	72.3869047619048	F	0.05605181479337851
3rd Qu.	108.5	F	0.05605181479337851
Max.	476	F	0.05605181479337851
