Values	total	status	pValue
Min.	0	M	0.5406996173242449
1st Qu.	7	M	0.5406996173242449
Median	24	M	0.5406996173242449
Mean	47.5555555555556	M	0.5406996173242449
3rd Qu.	60	M	0.5406996173242449
Max.	569	M	0.5406996173242449
Min.	0	F	0.5406996173242449
1st Qu.	4	F	0.5406996173242449
Median	22	F	0.5406996173242449
Mean	38.945652173913	F	0.5406996173242449
3rd Qu.	63	F	0.5406996173242449
Max.	260	F	0.5406996173242449
