Values	total	status	pValue
Min.	5	M	0.7716371139796453
1st Qu.	12	M	0.7716371139796453
Median	18.5	M	0.7716371139796453
Mean	16.75	M	0.7716371139796453
3rd Qu.	21.25	M	0.7716371139796453
Max.	23	M	0.7716371139796453
Min.	0	F	0.7716371139796453
1st Qu.	8	F	0.7716371139796453
Median	16	F	0.7716371139796453
Mean	13	F	0.7716371139796453
3rd Qu.	19.5	F	0.7716371139796453
Max.	23	F	0.7716371139796453
