Values	total	status	pValue
Min.	1	M	0.2111019847501102
1st Qu.	2	M	0.2111019847501102
Median	4	M	0.2111019847501102
Mean	4.33333333333333	M	0.2111019847501102
3rd Qu.	5.75	M	0.2111019847501102
Max.	9	M	0.2111019847501102
Min.	0	F	0.2111019847501102
1st Qu.	1	F	0.2111019847501102
Median	2	F	0.2111019847501102
Mean	2	F	0.2111019847501102
3rd Qu.	3	F	0.2111019847501102
Max.	4	F	0.2111019847501102
