Values	total	status	pValue
Min.	1	M	0.4803684802257135
1st Qu.	11	M	0.4803684802257135
Median	18.5	M	0.4803684802257135
Mean	24.0102040816327	M	0.4803684802257135
3rd Qu.	29	M	0.4803684802257135
Max.	253	M	0.4803684802257135
Min.	1	F	0.4803684802257135
1st Qu.	10	F	0.4803684802257135
Median	18.5	F	0.4803684802257135
Mean	22.9666666666667	F	0.4803684802257135
3rd Qu.	24	F	0.4803684802257135
Max.	146	F	0.4803684802257135
