Values	total	status	pValue
Min.	1	M	0.9421574224761755
1st Qu.	10.25	M	0.9421574224761755
Median	12.5	M	0.9421574224761755
Mean	11.75	M	0.9421574224761755
3rd Qu.	14	M	0.9421574224761755
Max.	23	M	0.9421574224761755
Min.	0	F	0.9421574224761755
1st Qu.	6.5	F	0.9421574224761755
Median	13	F	0.9421574224761755
Mean	9.33333333333333	F	0.9421574224761755
3rd Qu.	14	F	0.9421574224761755
Max.	15	F	0.9421574224761755
