Values	total	status	pValue
Min.	0	M	0.9270553197870905
1st Qu.	3	M	0.9270553197870905
Median	9	M	0.9270553197870905
Mean	8.04	M	0.9270553197870905
3rd Qu.	12	M	0.9270553197870905
Max.	16	M	0.9270553197870905
Min.	1	F	0.9270553197870905
1st Qu.	4.5	F	0.9270553197870905
Median	9.5	F	0.9270553197870905
Mean	9.2	F	0.9270553197870905
3rd Qu.	11	F	0.9270553197870905
Max.	26	F	0.9270553197870905
