Values	total	status	pValue
Min.	20	M	0.8571428571428572
1st Qu.	23	M	0.8571428571428572
Median	26	M	0.8571428571428572
Mean	25	M	0.8571428571428572
3rd Qu.	27.5	M	0.8571428571428572
Max.	29	M	0.8571428571428572
Min.	10	F	0.8571428571428572
1st Qu.	16.75	F	0.8571428571428572
Median	23.5	F	0.8571428571428572
Mean	29.75	F	0.8571428571428572
3rd Qu.	36.5	F	0.8571428571428572
Max.	62	F	0.8571428571428572
