Values	total	status	pValue
Min.	6	M	0.25134800558108605
1st Qu.	22	M	0.25134800558108605
Median	30	M	0.25134800558108605
Mean	48.9540816326531	M	0.25134800558108605
3rd Qu.	44	M	0.25134800558108605
Max.	1223	M	0.25134800558108605
Min.	0	F	0.25134800558108605
1st Qu.	20	F	0.25134800558108605
Median	27.5	F	0.25134800558108605
Mean	34.0666666666667	F	0.25134800558108605
3rd Qu.	36	F	0.25134800558108605
Max.	193	F	0.25134800558108605
