Values	total	status	pValue
Min.	3	M	0.25673182458589155
1st Qu.	20	M	0.25673182458589155
Median	28	M	0.25673182458589155
Mean	53.2091836734694	M	0.25673182458589155
3rd Qu.	40.25	M	0.25673182458589155
Max.	1715	M	0.25673182458589155
Min.	0	F	0.25673182458589155
1st Qu.	18.75	F	0.25673182458589155
Median	26.5	F	0.25673182458589155
Mean	31.25	F	0.25673182458589155
3rd Qu.	35.5	F	0.25673182458589155
Max.	159	F	0.25673182458589155
