Values	total	status	pValue
Min.	2	M	0.1875607311363577
1st Qu.	10	M	0.1875607311363577
Median	16.5	M	0.1875607311363577
Mean	21.7786885245902	M	0.1875607311363577
3rd Qu.	27	M	0.1875607311363577
Max.	156	M	0.1875607311363577
Min.	1	F	0.1875607311363577
1st Qu.	11.75	F	0.1875607311363577
Median	20	F	0.1875607311363577
Mean	24.9583333333333	F	0.1875607311363577
3rd Qu.	36.25	F	0.1875607311363577
Max.	81	F	0.1875607311363577
