Values	total	status	pValue
Min.	0	M	0.49824032176779237
1st Qu.	6	M	0.49824032176779237
Median	9	M	0.49824032176779237
Mean	10.6528925619835	M	0.49824032176779237
3rd Qu.	13	M	0.49824032176779237
Max.	125	M	0.49824032176779237
Min.	0	F	0.49824032176779237
1st Qu.	5	F	0.49824032176779237
Median	9	F	0.49824032176779237
Mean	9.82677165354331	F	0.49824032176779237
3rd Qu.	13	F	0.49824032176779237
Max.	56	F	0.49824032176779237
