Values	total	status	pValue
Min.	0	M	0.7063398877029987
1st Qu.	2	M	0.7063398877029987
Median	3	M	0.7063398877029987
Mean	11.5128205128205	M	0.7063398877029987
3rd Qu.	6	M	0.7063398877029987
Max.	305	M	0.7063398877029987
Min.	0	F	0.7063398877029987
1st Qu.	2	F	0.7063398877029987
Median	2	F	0.7063398877029987
Mean	3.44444444444444	F	0.7063398877029987
3rd Qu.	4.5	F	0.7063398877029987
Max.	11	F	0.7063398877029987
