Values	total	status	pValue
Min.	0	M	0.10539149522163532
1st Qu.	3	M	0.10539149522163532
Median	6	M	0.10539149522163532
Mean	9.3698296836983	M	0.10539149522163532
3rd Qu.	10.5	M	0.10539149522163532
Max.	176	M	0.10539149522163532
Min.	NA	F	0.10539149522163532
1st Qu.	NA	F	0.10539149522163532
Median	NA	F	0.10539149522163532
Mean	NaN	F	0.10539149522163532
3rd Qu.	NA	F	0.10539149522163532
Max.	NA	F	0.10539149522163532
