Values	total	status	pValue
Min.	0	M	0.9309386063527084
1st Qu.	21	M	0.9309386063527084
Median	30	M	0.9309386063527084
Mean	43.3250688705234	M	0.9309386063527084
3rd Qu.	44	M	0.9309386063527084
Max.	1223	M	0.9309386063527084
Min.	0	F	0.9309386063527084
1st Qu.	22.5	F	0.9309386063527084
Median	31	F	0.9309386063527084
Mean	37.1811023622047	F	0.9309386063527084
3rd Qu.	42	F	0.9309386063527084
Max.	311	F	0.9309386063527084
