Values	total	status	pValue
Min.	0	M	0.108791110834091
1st Qu.	1	M	0.108791110834091
Median	2	M	0.108791110834091
Mean	3.52631578947368	M	0.108791110834091
3rd Qu.	4	M	0.108791110834091
Max.	37	M	0.108791110834091
Min.	0	F	0.108791110834091
1st Qu.	0	F	0.108791110834091
Median	2	F	0.108791110834091
Mean	3.61682242990654	F	0.108791110834091
3rd Qu.	4	F	0.108791110834091
Max.	41	F	0.108791110834091
