Values	total	status	pValue
Min.	0	M	0.026543358191998646
1st Qu.	4	M	0.026543358191998646
Median	9	M	0.026543358191998646
Mean	14.0801687763713	M	0.026543358191998646
3rd Qu.	20	M	0.026543358191998646
Max.	128	M	0.026543358191998646
Min.	0	F	0.026543358191998646
1st Qu.	3	F	0.026543358191998646
Median	8	F	0.026543358191998646
Mean	11.6996336996337	F	0.026543358191998646
3rd Qu.	16	F	0.026543358191998646
Max.	71	F	0.026543358191998646
