Values	total	status	pValue
Min.	0	M	0.02577553102009371
1st Qu.	24	M	0.02577553102009371
Median	43	M	0.02577553102009371
Mean	66.5790754257907	M	0.02577553102009371
3rd Qu.	76	M	0.02577553102009371
Max.	1061	M	0.02577553102009371
Min.	NA	F	0.02577553102009371
1st Qu.	NA	F	0.02577553102009371
Median	NA	F	0.02577553102009371
Mean	NaN	F	0.02577553102009371
3rd Qu.	NA	F	0.02577553102009371
Max.	NA	F	0.02577553102009371
