Values	total	status	pValue
Min.	0	M	0.02763129413302388
1st Qu.	13	M	0.02763129413302388
Median	22	M	0.02763129413302388
Mean	75.3799283154122	M	0.02763129413302388
3rd Qu.	37	M	0.02763129413302388
Max.	2277	M	0.02763129413302388
Min.	0	F	0.02763129413302388
1st Qu.	14	F	0.02763129413302388
Median	26.5	F	0.02763129413302388
Mean	103.136363636364	F	0.02763129413302388
3rd Qu.	159.25	F	0.02763129413302388
Max.	781	F	0.02763129413302388
