Values	total	status	pValue
Min.	0	M	0.0312919415411763
1st Qu.	6	M	0.0312919415411763
Median	9	M	0.0312919415411763
Mean	8.95121951219512	M	0.0312919415411763
3rd Qu.	12	M	0.0312919415411763
Max.	22	M	0.0312919415411763
Min.	0	F	0.0312919415411763
1st Qu.	4	F	0.0312919415411763
Median	8	F	0.0312919415411763
Mean	8.25	F	0.0312919415411763
3rd Qu.	10	F	0.0312919415411763
Max.	42	F	0.0312919415411763
