Values	total	status	pValue
Min.	0	M	0.019387170025132905
1st Qu.	14	M	0.019387170025132905
Median	24	M	0.019387170025132905
Mean	79.2544802867384	M	0.019387170025132905
3rd Qu.	38.5	M	0.019387170025132905
Max.	2418	M	0.019387170025132905
Min.	0	F	0.019387170025132905
1st Qu.	15	F	0.019387170025132905
Median	29	F	0.019387170025132905
Mean	104.915584415584	F	0.019387170025132905
3rd Qu.	127.75	F	0.019387170025132905
Max.	787	F	0.019387170025132905
