Values	total	status	pValue
Min.	0	M	0.0028287537971705885
1st Qu.	13	M	0.0028287537971705885
Median	24	M	0.0028287537971705885
Mean	34.2151898734177	M	0.0028287537971705885
3rd Qu.	42	M	0.0028287537971705885
Max.	217	M	0.0028287537971705885
Min.	0	F	0.0028287537971705885
1st Qu.	9	F	0.0028287537971705885
Median	18	F	0.0028287537971705885
Mean	27.2271062271062	F	0.0028287537971705885
3rd Qu.	35	F	0.0028287537971705885
Max.	222	F	0.0028287537971705885
