Values	total	status	pValue
Min.	0	M	0.006537464362825843
1st Qu.	2	M	0.006537464362825843
Median	5	M	0.006537464362825843
Mean	8.45569620253165	M	0.006537464362825843
3rd Qu.	12	M	0.006537464362825843
Max.	87	M	0.006537464362825843
Min.	0	F	0.006537464362825843
1st Qu.	2	F	0.006537464362825843
Median	4	F	0.006537464362825843
Mean	6.28937728937729	F	0.006537464362825843
3rd Qu.	9	F	0.006537464362825843
Max.	50	F	0.006537464362825843
