Values	total	status	pValue
Min.	0	M	0.02850862112717621
1st Qu.	4	M	0.02850862112717621
Median	10	M	0.02850862112717621
Mean	16.8438818565401	M	0.02850862112717621
3rd Qu.	24	M	0.02850862112717621
Max.	125	M	0.02850862112717621
Min.	0	F	0.02850862112717621
1st Qu.	2	F	0.02850862112717621
Median	8	F	0.02850862112717621
Mean	13.9010989010989	F	0.02850862112717621
3rd Qu.	19	F	0.02850862112717621
Max.	90	F	0.02850862112717621
