Values	total	status	pValue
Min.	0	M	0.4108617252512358
1st Qu.	10	M	0.4108617252512358
Median	18	M	0.4108617252512358
Mean	22.3691460055096	M	0.4108617252512358
3rd Qu.	27	M	0.4108617252512358
Max.	253	M	0.4108617252512358
Min.	0	F	0.4108617252512358
1st Qu.	11	F	0.4108617252512358
Median	19	F	0.4108617252512358
Mean	23.8661417322835	F	0.4108617252512358
3rd Qu.	28.5	F	0.4108617252512358
Max.	146	F	0.4108617252512358
