Values	total	status	pValue
Min.	0	M	0.27251299006012264
1st Qu.	2	M	0.27251299006012264
Median	5	M	0.27251299006012264
Mean	12.9068100358423	M	0.27251299006012264
3rd Qu.	12	M	0.27251299006012264
Max.	611	M	0.27251299006012264
Min.	0	F	0.27251299006012264
1st Qu.	2	F	0.27251299006012264
Median	6	F	0.27251299006012264
Mean	10.6363636363636	F	0.27251299006012264
3rd Qu.	16	F	0.27251299006012264
Max.	67	F	0.27251299006012264
