Values	total	status	pValue
Min.	0	M	0.4211191917659249
1st Qu.	0	M	0.4211191917659249
Median	0	M	0.4211191917659249
Mean	0.728260869565217	M	0.4211191917659249
3rd Qu.	1	M	0.4211191917659249
Max.	4	M	0.4211191917659249
Min.	0	F	0.4211191917659249
1st Qu.	0	F	0.4211191917659249
Median	0	F	0.4211191917659249
Mean	9.06666666666667	F	0.4211191917659249
3rd Qu.	1	F	0.4211191917659249
Max.	636	F	0.4211191917659249
