Values	total	status	pValue
Min.	0	M	0.021706200094810873
1st Qu.	20	M	0.021706200094810873
Median	37.5	M	0.021706200094810873
Mean	54.7796052631579	M	0.021706200094810873
3rd Qu.	64.5	M	0.021706200094810873
Max.	951	M	0.021706200094810873
Min.	0	F	0.021706200094810873
1st Qu.	18	F	0.021706200094810873
Median	28	F	0.021706200094810873
Mean	44.8598130841121	F	0.021706200094810873
3rd Qu.	46.5	F	0.021706200094810873
Max.	583	F	0.021706200094810873
