Values	total	status	pValue
Min.	0	M	0.3343992362016186
1st Qu.	1	M	0.3343992362016186
Median	2	M	0.3343992362016186
Mean	2.44565217391304	M	0.3343992362016186
3rd Qu.	4	M	0.3343992362016186
Max.	8	M	0.3343992362016186
Min.	0	F	0.3343992362016186
1st Qu.	0.5	F	0.3343992362016186
Median	2	F	0.3343992362016186
Mean	15.3333333333333	F	0.3343992362016186
3rd Qu.	3	F	0.3343992362016186
Max.	982	F	0.3343992362016186
