Values	total	status	pValue
Min.	0	M	0.40884159611396936
1st Qu.	0	M	0.40884159611396936
Median	1	M	0.40884159611396936
Mean	2.05163043478261	M	0.40884159611396936
3rd Qu.	3	M	0.40884159611396936
Max.	26	M	0.40884159611396936
Min.	0	F	0.40884159611396936
1st Qu.	0	F	0.40884159611396936
Median	1	F	0.40884159611396936
Mean	1.77372262773723	F	0.40884159611396936
3rd Qu.	2	F	0.40884159611396936
Max.	21	F	0.40884159611396936
