Values	total	status	pValue
Min.	0	M	0.011895879615970908
1st Qu.	9	M	0.011895879615970908
Median	26	M	0.011895879615970908
Mean	38.1447368421053	M	0.011895879615970908
3rd Qu.	50.25	M	0.011895879615970908
Max.	362	M	0.011895879615970908
Min.	0	F	0.011895879615970908
1st Qu.	6.5	F	0.011895879615970908
Median	16	F	0.011895879615970908
Mean	29.018691588785	F	0.011895879615970908
3rd Qu.	35.5	F	0.011895879615970908
Max.	198	F	0.011895879615970908
