Values	total	status	pValue
Min.	0	M	0.7849508385081494
1st Qu.	1	M	0.7849508385081494
Median	3	M	0.7849508385081494
Mean	5.96195652173913	M	0.7849508385081494
3rd Qu.	5	M	0.7849508385081494
Max.	593	M	0.7849508385081494
Min.	0	F	0.7849508385081494
1st Qu.	1	F	0.7849508385081494
Median	3	F	0.7849508385081494
Mean	4.24087591240876	F	0.7849508385081494
3rd Qu.	5	F	0.7849508385081494
Max.	33	F	0.7849508385081494
