Values	total	status	pValue
Min.	0	M	0.9906827897637608
1st Qu.	0	M	0.9906827897637608
Median	1	M	0.9906827897637608
Mean	2.7712895377129	M	0.9906827897637608
3rd Qu.	3	M	0.9906827897637608
Max.	263	M	0.9906827897637608
Min.	NA	F	0.9906827897637608
1st Qu.	NA	F	0.9906827897637608
Median	NA	F	0.9906827897637608
Mean	NaN	F	0.9906827897637608
3rd Qu.	NA	F	0.9906827897637608
Max.	NA	F	0.9906827897637608
