Values	total	status	pValue
Min.	0	M	0.04103084285024375
1st Qu.	5	M	0.04103084285024375
Median	13	M	0.04103084285024375
Mean	21.1645569620253	M	0.04103084285024375
3rd Qu.	25	M	0.04103084285024375
Max.	122	M	0.04103084285024375
Min.	0	F	0.04103084285024375
1st Qu.	3	F	0.04103084285024375
Median	11	F	0.04103084285024375
Mean	16.9487179487179	F	0.04103084285024375
3rd Qu.	22	F	0.04103084285024375
Max.	110	F	0.04103084285024375
