Values	total	status	pValue
Min.	0	M	0.18311564970452038
1st Qu.	4	M	0.18311564970452038
Median	7	M	0.18311564970452038
Mean	10.8296836982968	M	0.18311564970452038
3rd Qu.	13	M	0.18311564970452038
Max.	486	M	0.18311564970452038
Min.	NA	F	0.18311564970452038
1st Qu.	NA	F	0.18311564970452038
Median	NA	F	0.18311564970452038
Mean	NaN	F	0.18311564970452038
3rd Qu.	NA	F	0.18311564970452038
Max.	NA	F	0.18311564970452038
