Values	total	status	pValue
Min.	0	M	0.11881559587587254
1st Qu.	0	M	0.11881559587587254
Median	2	M	0.11881559587587254
Mean	2.37469586374696	M	0.11881559587587254
3rd Qu.	3	M	0.11881559587587254
Max.	22	M	0.11881559587587254
Min.	NA	F	0.11881559587587254
1st Qu.	NA	F	0.11881559587587254
Median	NA	F	0.11881559587587254
Mean	NaN	F	0.11881559587587254
3rd Qu.	NA	F	0.11881559587587254
Max.	NA	F	0.11881559587587254
