Values	total	status	pValue
Min.	0	M	0.23683020390350465
1st Qu.	3	M	0.23683020390350465
Median	6	M	0.23683020390350465
Mean	10.1739130434783	M	0.23683020390350465
3rd Qu.	12	M	0.23683020390350465
Max.	695	M	0.23683020390350465
Min.	0	F	0.23683020390350465
1st Qu.	3	F	0.23683020390350465
Median	5	F	0.23683020390350465
Mean	7.7007299270073	F	0.23683020390350465
3rd Qu.	9	F	0.23683020390350465
Max.	47	F	0.23683020390350465
