Values	total	status	pValue
Min.	0	M	0.06019514805676425
1st Qu.	3	M	0.06019514805676425
Median	6	M	0.06019514805676425
Mean	16.3225806451613	M	0.06019514805676425
3rd Qu.	10	M	0.06019514805676425
Max.	580	M	0.06019514805676425
Min.	0	F	0.06019514805676425
1st Qu.	3	F	0.06019514805676425
Median	7	F	0.06019514805676425
Mean	16.8116883116883	F	0.06019514805676425
3rd Qu.	27	F	0.06019514805676425
Max.	136	F	0.06019514805676425
