Values	total	status	pValue
Min.	1	M	0.3110343679913928
1st Qu.	1.5	M	0.3110343679913928
Median	3	M	0.3110343679913928
Mean	2.85714285714286	M	0.3110343679913928
3rd Qu.	4	M	0.3110343679913928
Max.	5	M	0.3110343679913928
Min.	0	F	0.3110343679913928
1st Qu.	1	F	0.3110343679913928
Median	1.5	F	0.3110343679913928
Mean	2	F	0.3110343679913928
3rd Qu.	3.25	F	0.3110343679913928
Max.	4	F	0.3110343679913928
