Values	total	status	pValue
Min.	3	M	0.3151720446116667
1st Qu.	8	M	0.3151720446116667
Median	10	M	0.3151720446116667
Mean	10.2222222222222	M	0.3151720446116667
3rd Qu.	14	M	0.3151720446116667
Max.	17	M	0.3151720446116667
Min.	0	F	0.3151720446116667
1st Qu.	2.5	F	0.3151720446116667
Median	6.5	F	0.3151720446116667
Mean	7.16666666666667	F	0.3151720446116667
3rd Qu.	12	F	0.3151720446116667
Max.	15	F	0.3151720446116667
