Values	total	status	pValue
Min.	0	M	0.792623461262654
1st Qu.	0	M	0.792623461262654
Median	1	M	0.792623461262654
Mean	0.91304347826087	M	0.792623461262654
3rd Qu.	1	M	0.792623461262654
Max.	4	M	0.792623461262654
Min.	0	F	0.792623461262654
1st Qu.	0	F	0.792623461262654
Median	1	F	0.792623461262654
Mean	2.71698113207547	F	0.792623461262654
3rd Qu.	1	F	0.792623461262654
Max.	101	F	0.792623461262654
