Values	total	status	pValue
Min.	0	M	0.3213629047016406
1st Qu.	0	M	0.3213629047016406
Median	1	M	0.3213629047016406
Mean	0.714285714285714	M	0.3213629047016406
3rd Qu.	1	M	0.3213629047016406
Max.	2	M	0.3213629047016406
Min.	0	F	0.3213629047016406
1st Qu.	0	F	0.3213629047016406
Median	0	F	0.3213629047016406
Mean	0.375	F	0.3213629047016406
3rd Qu.	0.25	F	0.3213629047016406
Max.	2	F	0.3213629047016406
