Values	total	status	pValue
Min.	0	M	0.050289793088778185
1st Qu.	7	M	0.050289793088778185
Median	12	M	0.050289793088778185
Mean	12.1014492753623	M	0.050289793088778185
3rd Qu.	16	M	0.050289793088778185
Max.	31	M	0.050289793088778185
Min.	0	F	0.050289793088778185
1st Qu.	4	F	0.050289793088778185
Median	8	F	0.050289793088778185
Mean	109.830188679245	F	0.050289793088778185
3rd Qu.	13	F	0.050289793088778185
Max.	5341	F	0.050289793088778185
