Values	total	status	pValue
Min.	0	M	0.6066780725030673
1st Qu.	3	M	0.6066780725030673
Median	5	M	0.6066780725030673
Mean	10.1688311688312	M	0.6066780725030673
3rd Qu.	9	M	0.6066780725030673
Max.	138	M	0.6066780725030673
Min.	0	F	0.6066780725030673
1st Qu.	2	F	0.6066780725030673
Median	5.5	F	0.6066780725030673
Mean	8.5	F	0.6066780725030673
3rd Qu.	8.75	F	0.6066780725030673
Max.	54	F	0.6066780725030673
