Values	total	status	pValue
Min.	0	M	0.10431186633154949
1st Qu.	3	M	0.10431186633154949
Median	7	M	0.10431186633154949
Mean	24.9354838709677	M	0.10431186633154949
3rd Qu.	29	M	0.10431186633154949
Max.	179	M	0.10431186633154949
Min.	0	F	0.10431186633154949
1st Qu.	1	F	0.10431186633154949
Median	3	F	0.10431186633154949
Mean	13.8947368421053	F	0.10431186633154949
3rd Qu.	14.5	F	0.10431186633154949
Max.	103	F	0.10431186633154949
