Values	total	status	pValue
Min.	0	M	0.024278830479734177
1st Qu.	2.25	M	0.024278830479734177
Median	6	M	0.024278830479734177
Mean	21.2234042553191	M	0.024278830479734177
3rd Qu.	13	M	0.024278830479734177
Max.	466	M	0.024278830479734177
Min.	0	F	0.024278830479734177
1st Qu.	5	F	0.024278830479734177
Median	11	F	0.024278830479734177
Mean	22.9473684210526	F	0.024278830479734177
3rd Qu.	38	F	0.024278830479734177
Max.	135	F	0.024278830479734177
