Values	total	status	pValue
Min.	0	M	0.010880310571242984
1st Qu.	2	M	0.010880310571242984
Median	5	M	0.010880310571242984
Mean	6.41935483870968	M	0.010880310571242984
3rd Qu.	7	M	0.010880310571242984
Max.	32	M	0.010880310571242984
Min.	0	F	0.010880310571242984
1st Qu.	0.5	F	0.010880310571242984
Median	1	F	0.010880310571242984
Mean	2.68421052631579	F	0.010880310571242984
3rd Qu.	2	F	0.010880310571242984
Max.	15	F	0.010880310571242984
