Values	total	status	pValue
Min.	1	M	0.58547735839235715
1st Qu.	4	M	0.58547735839235715
Median	9	M	0.58547735839235715
Mean	24.5238095238095	M	0.58547735839235715
3rd Qu.	18.5	M	0.58547735839235715
Max.	336	M	0.58547735839235715
Min.	0	F	0.58547735839235715
1st Qu.	4.75	F	0.58547735839235715
Median	6.5	F	0.58547735839235715
Mean	40.375	F	0.58547735839235715
3rd Qu.	56.25	F	0.58547735839235715
Max.	587	F	0.58547735839235715
