Values	total	status	pValue
Min.	1	M	0.8704681577437955
1st Qu.	14	M	0.8704681577437955
Median	22	M	0.8704681577437955
Mean	38.5324675324675	M	0.8704681577437955
3rd Qu.	33	M	0.8704681577437955
Max.	536	M	0.8704681577437955
Min.	2	F	0.8704681577437955
1st Qu.	12.5	F	0.8704681577437955
Median	22	F	0.8704681577437955
Mean	37.9666666666667	F	0.8704681577437955
3rd Qu.	33.5	F	0.8704681577437955
Max.	292	F	0.8704681577437955
