Values	total	status	pValue
Min.	0	M	0.18040471751294357
1st Qu.	4	M	0.18040471751294357
Median	7	M	0.18040471751294357
Mean	18.6349206349206	M	0.18040471751294357
3rd Qu.	9	M	0.18040471751294357
Max.	521	M	0.18040471751294357
Min.	1	F	0.18040471751294357
1st Qu.	3	F	0.18040471751294357
Median	9	F	0.18040471751294357
Mean	19.35	F	0.18040471751294357
3rd Qu.	27.75	F	0.18040471751294357
Max.	136	F	0.18040471751294357
