Values	total	status	pValue
Min.	6	M	0.16475597527606045
1st Qu.	10.75	M	0.16475597527606045
Median	15.5	M	0.16475597527606045
Mean	24.1666666666667	M	0.16475597527606045
3rd Qu.	25.5	M	0.16475597527606045
Max.	77	M	0.16475597527606045
Min.	7	F	0.16475597527606045
1st Qu.	15.5	F	0.16475597527606045
Median	75	F	0.16475597527606045
Mean	154.5	F	0.16475597527606045
3rd Qu.	227	F	0.16475597527606045
Max.	503	F	0.16475597527606045
