Values	total	status	pValue
Min.	0	M	0.2739026395008175
1st Qu.	1	M	0.2739026395008175
Median	3	M	0.2739026395008175
Mean	4.74468085106383	M	0.2739026395008175
3rd Qu.	7	M	0.2739026395008175
Max.	33	M	0.2739026395008175
Min.	0	F	0.2739026395008175
1st Qu.	2	F	0.2739026395008175
Median	4	F	0.2739026395008175
Mean	4.82456140350877	F	0.2739026395008175
3rd Qu.	7	F	0.2739026395008175
Max.	18	F	0.2739026395008175
