Values	total	status	pValue
Min.	0	M	0.045603776838017834
1st Qu.	1	M	0.045603776838017834
Median	3	M	0.045603776838017834
Mean	4.57446808510638	M	0.045603776838017834
3rd Qu.	5.75	M	0.045603776838017834
Max.	53	M	0.045603776838017834
Min.	0	F	0.045603776838017834
1st Qu.	1	F	0.045603776838017834
Median	4	F	0.045603776838017834
Mean	5.94736842105263	F	0.045603776838017834
3rd Qu.	8	F	0.045603776838017834
Max.	34	F	0.045603776838017834
