Values	total	status	pValue
Min.	2	M	0.8841583397424266
1st Qu.	15	M	0.8841583397424266
Median	22	M	0.8841583397424266
Mean	39.7012987012987	M	0.8841583397424266
3rd Qu.	34	M	0.8841583397424266
Max.	558	M	0.8841583397424266
Min.	0	F	0.8841583397424266
1st Qu.	10.75	F	0.8841583397424266
Median	25.5	F	0.8841583397424266
Mean	40.6	F	0.8841583397424266
3rd Qu.	34.5	F	0.8841583397424266
Max.	298	F	0.8841583397424266
